mkt_name,year,month,c_maize,c_beans,data_split,year_scaled,month_scaled,lat_scaled,lon_scaled,c_oil_scaled,c_salt_scaled,c_food_price_index_scaled,inflation_maize_scaled,inflation_beans_scaled,trust_maize_scaled,trust_beans_scaled,data_coverage_scaled,data_coverage_recent_scaled,index_confidence_score_scaled,mkt_name_Gulu_scaled,mkt_name_Hoima_scaled,mkt_name_Jinja_scaled,mkt_name_Lira_scaled,mkt_name_Market Average_scaled,mkt_name_Mbarara_scaled
Busia,2008,1,546.38,1082.88,train,-1.6236277556266299,-1.5613720639804418,-0.5614315574112838,1.4413325173540017,-1.7098603216214938,-1.6836559175326131,-1.7999024165056585,-0.022085513663838274,-0.1796444062776764,-1.2603559536803886,-1.2286277458107875,0.0,7.105427357601002e-15,0.0,-0.44095855184409843,-0.4454651972011986,-0.4424625195441246,-0.4529425467679601,0.0,-0.446963964670851
Busia,2008,2,482.2,1082.98,train,-1.6236277556266299,-1.274551324271116,-0.5614315574112838,1.4413325173540017,-1.6733482098170351,-1.6282358963730699,-1.7999024165056585,-0.06744519479190034,-0.21286137631763202,-1.2603559536803886,-1.2286277458107875,0.0,7.105427357601002e-15,0.0,-0.44095855184409843,-0.4454651972011986,-0.4424625195441246,-0.4529425467679601,0.0,-0.446963964670851
Busia,2008,3,528.58,1134.03,train,-1.6236277556266299,-0.9877305845617901,-0.5614315574112838,1.4413325173540017,-1.6907339507419437,-1.6874993040630764,-1.7999024165056585,-0.017446455366650116,-0.21018874654430228,-1.2603559536803886,-1.2286277458107875,0.0,7.105427357601002e-15,0.0,-0.44095855184409843,-0.4454651972011986,-0.4424625195441246,-0.4529425467679601,0.0,-0.446963964670851
Busia,2008,4,539.85,1251.24,train,-1.6236277556266299,-0.7009098448524642,-0.5614315574112838,1.4413325173540017,-1.6123918970353797,-1.587033717693351,-1.7214586032508308,-0.007652887850363968,-0.021195641144554585,-1.2603559536803886,-1.2286277458107875,0.0,7.105427357601002e-15,0.0,-0.44095855184409843,-0.4454651972011986,-0.4424625195441246,-0.4529425467679601,0.0,-0.446963964670851
Busia,2008,5,541.74,1269.09,train,-1.6236277556266299,-0.4140891051431384,-0.5614315574112838,1.4413325173540017,-1.6215267778603315,-1.5579261120115924,-1.7214586032508308,-0.019250533593334365,-0.07884808339781096,-1.2603559536803886,-1.2286277458107875,0.0,7.105427357601002e-15,0.0,-0.44095855184409843,-0.4454651972011986,-0.4424625195441246,-0.4529425467679601,0.0,-0.446963964670851
Busia,2008,6,526.59,1141.77,train,-1.6236277556266299,-0.12726836543381256,-0.5614315574112838,1.4413325173540017,-1.6247613343114773,-1.5205404430334524,-1.7606805098782448,-0.026466846500071542,-0.13191887461107343,-1.2603559536803886,-1.2286277458107875,0.0,7.105427357601002e-15,0.0,-0.44095855184409843,-0.4454651972011986,-0.4424625195441246,-0.4529425467679601,0.0,-0.446963964670851
Busia,2008,7,542.6,1180.91,train,-1.6236277556266299,0.15955237427551328,-0.5614315574112838,1.4413325173540017,-1.6512339859444771,-1.4877775886234215,-1.7606805098782448,0.058067104693135065,0.16207040045520069,-1.2603559536803886,-1.2286277458107875,0.0,7.105427357601002e-15,0.0,-0.44095855184409843,-0.4454651972011986,-0.4424625195441246,-0.4529425467679601,0.0,-0.446963964670851
Busia,2008,8,544.7,1244.96,train,-1.6236277556266299,0.4463731139848391,-0.5614315574112838,1.4413325173540017,-1.564572543399585,-1.5899095383839772,-1.7214586032508308,0.05110851724735278,0.11701749856192752,-1.2603559536803886,-1.2286277458107875,0.0,7.105427357601002e-15,0.0,-0.44095855184409843,-0.4454651972011986,-0.4424625195441246,-0.4529425467679601,0.0,-0.446963964670851
Busia,2008,9,570.93,1478.46,train,-1.6236277556266299,0.7331938536941649,-0.5614315574112838,1.4413325173540017,-1.4938782968953064,-1.3206305897916064,-1.564570976741175,0.14105470312061227,0.7405038442544285,-1.2603559536803886,-1.2286277458107875,0.0,7.105427357601002e-15,0.0,-0.44095855184409843,-0.4454651972011986,-0.4424625195441246,-0.4529425467679601,0.0,-0.446963964670851
Busia,2008,10,553.41,1651.17,train,-1.6236277556266299,1.0200145934034908,-0.5614315574112838,1.4413325173540017,-1.472839974215185,-1.6248225391047566,-1.564570976741175,0.10007635482878348,1.3563541048802727,-1.2603559536803886,-1.2286277458107875,0.0,7.105427357601002e-15,0.0,-0.44095855184409843,-0.4454651972011986,-0.4424625195441246,-0.4529425467679601,0.0,-0.446963964670851
Busia,2008,11,624.35,1516.1,train,-1.6236277556266299,1.3068353331128166,-0.5614315574112838,1.4413325173540017,-1.2579338506814337,-1.3633378708888497,-1.486127163486347,0.3621831486199148,1.3960617472268866,-1.2603559536803886,-1.2286277458107875,0.0,7.105427357601002e-15,0.0,-0.44095855184409843,-0.4454651972011986,-0.4424625195441246,-0.4529425467679601,0.0,-0.446963964670851
Busia,2008,12,624.02,1501.74,train,-1.6236277556266299,1.5936560728221425,-0.5614315574112838,1.4413325173540017,-1.2994280017655175,-1.3335045908272132,-1.486127163486347,0.3639872268465991,1.4029342237868774,-1.2603559536803886,-1.2286277458107875,0.0,7.105427357601002e-15,0.0,-0.44095855184409843,-0.4454651972011986,-0.4424625195441246,-0.4529425467679601,0.0,-0.446963964670851
Busia,2009,1,638.9,1571.26,train,-1.438065365949975,-1.5613720639804418,-0.5614315574112838,1.4413325173540017,-1.190994979039926,-1.205866530455403,-1.4469052568589333,0.11090082418888915,1.3391729134802959,-1.2603559536803886,-1.2286277458107875,0.0,7.105427357601002e-15,0.0,-0.44095855184409843,-0.4454651972011986,-0.4424625195441246,-0.4529425467679601,0.0,-0.446963964670851
Busia,2009,2,513.16,1554.05,train,-1.438065365949975,-1.274551324271116,-0.5614315574112838,1.4413325173540017,-1.2934728544010137,-1.304907644894258,-1.525349070113761,-0.15996863527470875,1.2780842329470439,-1.2603559536803886,-1.2286277458107875,0.0,7.105427357601002e-15,0.0,-0.44095855184409843,-0.4454651972011986,-0.4424625195441246,-0.4529425467679601,0.0,-0.446963964670851
Busia,2009,3,630.7,1571.86,train,-1.438065365949975,-0.9877305845617901,-0.5614315574112838,1.4413325173540017,-1.2472502203692808,-1.2026950646470493,-1.486127163486347,0.17249720935710983,1.0913819530672932,-1.2603559536803886,-1.2286277458107875,0.0,7.105427357601002e-15,0.0,-0.44095855184409843,-0.4454651972011986,-0.4424625195441246,-0.4529425467679601,0.0,-0.446963964670851
Busia,2009,4,500.26,1613.17,train,-1.438065365949975,-0.7009098448524642,-0.5614315574112838,1.4413325173540017,-0.9398577115290399,-0.5782119455190194,-1.3684614436041058,-0.5143411440876936,0.72179543584112,-1.2603559536803886,-1.2286277458107875,0.0,7.105427357601002e-15,0.0,-0.44095855184409843,-0.4454651972011986,-0.4424625195441246,-0.4529425467679601,0.0,-0.446963964670851
Busia,2009,5,594.09,1799.33,train,-1.438065365949975,-0.4140891051431384,-0.5614315574112838,1.4413325173540017,-0.6354256441864583,-0.19285197297511236,-1.1331300038396221,-0.07646558592532177,1.2124139013737985,-1.2603559536803886,-1.2286277458107875,0.0,7.105427357601002e-15,0.0,-0.44095855184409843,-0.4454651972011986,-0.4424625195441246,-0.4529425467679601,0.0,-0.446963964670851
Busia,2009,6,701.26,1782.86,train,-1.438065365949975,-0.12726836543381256,-0.5614315574112838,1.4413325173540017,-0.6204247033568859,-0.13705567621118775,-1.0546861905847942,0.5294469727796438,1.7610666134130657,-1.2603559536803886,-1.2286277458107875,0.0,7.105427357601002e-15,0.0,-0.44095855184409843,-0.4454651972011986,-0.4424625195441246,-0.4529425467679601,0.0,-0.446963964670851
Busia,2009,7,598.39,1565.05,train,-1.438065365949975,0.15955237427551328,-0.5614315574112838,1.4413325173540017,-0.7282615260586437,-0.3191730687315892,-1.2507957237218639,-0.0604866073461181,0.8592449670409366,-1.2603559536803886,-1.2286277458107875,0.0,7.105427357601002e-15,0.0,-0.44095855184409843,-0.4454651972011986,-0.4424625195441246,-0.4529425467679601,0.0,-0.446963964670851
Busia,2009,8,566.46,1802.26,train,-1.438065365949975,0.4463731139848391,-0.5614315574112838,1.4413325173540017,-0.7834340133217251,-0.41740787830391307,-1.2115738170944501,-0.2223381968257941,1.3261915688669796,-1.2603559536803886,-1.2286277458107875,0.0,7.105427357601002e-15,0.0,-0.44095855184409843,-0.4454651972011986,-0.4424625195441246,-0.4529425467679601,0.0,-0.446963964670851
Busia,2009,9,610.68,1971.61,train,-1.438065365949975,0.7331938536941649,-0.5614315574112838,1.4413325173540017,-0.7860381053798504,-0.27947599246939425,-1.1331300038396221,-0.14605146038314426,0.8909347200675608,-1.2603559536803886,-1.2286277458107875,0.0,7.105427357601002e-15,0.0,-0.44095855184409843,-0.4454651972011986,-0.4424625195441246,-0.4529425467679601,0.0,-0.446963964670851
Busia,2009,10,599.1,1786.35,train,-1.438065365949975,1.0200145934034908,-0.5614315574112838,1.4413325173540017,-0.9267618696262021,-0.5375741802458722,-1.2115738170944501,-0.1128048759199624,-0.07006658557115604,-1.2603559536803886,-1.2286277458107875,0.0,7.105427357601002e-15,0.0,-0.44095855184409843,-0.4454651972011986,-0.4424625195441246,-0.4529425467679601,0.0,-0.446963964670851
Busia,2009,11,667.49,1595.28,train,-1.438065365949975,1.3068353331128166,-0.5614315574112838,1.4413325173540017,-0.8849524863456084,-0.5069614721465896,-1.2507957237218639,-0.14734008768791873,-0.18346244881100462,-1.2603559536803886,-1.2286277458107875,0.0,7.105427357601002e-15,0.0,-0.44095855184409843,-0.4454651972011986,-0.4424625195441246,-0.4529425467679601,0.0,-0.446963964670851
Busia,2009,12,636.04,1425.18,test,-1.438065365949975,1.5936560728221425,-0.5614315574112838,1.4413325173540017,-0.9562703443690702,-0.5771099955347612,-1.2900176303492779,-0.275687367243458,-0.5774844382504786,-1.2603559536803886,-1.2286277458107875,0.0,7.105427357601002e-15,0.0,-0.44095855184409843,-0.4454651972011986,-0.4424625195441246,-0.4529425467679601,0.0,-0.446963964670851
Busia,2010,1,627.18,1442.63,train,-1.2525029762733197,-1.5613720639804418,-0.5614315574112838,1.4413325173540017,-0.7734699347624754,-0.3978684237049857,-1.2115738170944501,-0.3725921405624997,-0.695461952530321,-1.2603559536803886,-1.2286277458107875,0.0,7.105427357601002e-15,0.0,-0.44095855184409843,-0.4454651972011986,-0.4424625195441246,-0.4529425467679601,0.0,-0.446963964670851
Busia,2010,2,547.22,1466.68,train,-1.2525029762733197,-1.274551324271116,-0.5614315574112838,1.4413325173540017,-1.0382033039663126,-0.8358532272044638,-1.3684614436041058,-0.154298675133701,-0.5973382594237854,-1.2603559536803886,-1.2286277458107875,0.0,7.105427357601002e-15,0.0,-0.44095855184409843,-0.4454651972011986,-0.4424625195441246,-0.4529425467679601,0.0,-0.446963964670851
Busia,2010,3,650.25,1508.42,train,-1.2525029762733197,-0.9877305845617901,-0.5614315574112838,1.4413325173540017,-0.9861214628037962,-0.9674690582511589,-1.3292395369766918,-0.24553348831173494,-0.5370131873971992,-1.2603559536803886,-1.2286277458107875,0.0,7.105427357601002e-15,0.0,-0.44095855184409843,-0.4454651972011986,-0.4424625195441246,-0.4529425467679601,0.0,-0.446963964670851
Busia,2010,4,538.98,1637.57,train,-1.2525029762733197,-0.7009098448524642,-0.5614315574112838,1.4413325173540017,-1.18356646380043,-0.8499098087109823,-1.4076833502315194,-0.1259488744286622,-0.3251118267974822,-1.2603559536803886,-1.2286277458107875,0.0,7.105427357601002e-15,0.0,-0.44095855184409843,-0.4454651972011986,-0.4424625195441246,-0.4529425467679601,0.0,-0.446963964670851
Busia,2010,5,525.87,1746.18,train,-1.2525029762733197,-0.4140891051431384,-0.5614315574112838,1.4413325173540017,-1.3019224478422482,-1.0558131947940392,-1.486127163486347,-0.6212972103839765,-0.49539652378392146,-1.2603559536803886,-1.2286277458107875,0.0,7.105427357601002e-15,0.0,-0.44095855184409843,-0.4454651972011986,-0.4424625195441246,-0.4529425467679601,0.0,-0.446963964670851
Busia,2010,6,525.57,1615.07,test,-1.2525029762733197,-0.12726836543381256,-0.5614315574112838,1.4413325173540017,-1.2588247242802664,-1.201485607347253,-1.525349070113761,-0.9710306608997732,-0.7420420714369255,-1.2603559536803886,-1.2286277458107875,0.0,7.105427357601002e-15,0.0,-0.44095855184409843,-0.4454651972011986,-0.4424625195441246,-0.4529425467679601,0.0,-0.446963964670851
Busia,2010,7,451.99,1444.57,train,-1.2525029762733197,0.15955237427551328,-0.5614315574112838,1.4413325173540017,-1.414199932790494,-1.4356634174166534,-1.6822366966234168,-0.956082584164389,-0.6767535441170126,-1.2603559536803886,-1.2286277458107875,0.0,7.105427357601002e-15,0.0,-0.44095855184409843,-0.4454651972011986,-0.4424625195441246,-0.4529425467679601,0.0,-0.446963964670851
Busia,2010,8,429.22,1659.83,test,-1.2525029762733197,0.4463731139848391,-0.5614315574112838,1.4413325173540017,-1.4915688784121792,-1.709968333010399,-1.6822366966234168,-0.9498971731014715,-0.6843896291836691,-1.2603559536803886,-1.2286277458107875,0.0,7.105427357601002e-15,0.0,-0.44095855184409843,-0.4454651972011986,-0.4424625195441246,-0.4529425467679601,0.0,-0.446963964670851
Busia,2010,9,425.57,1722.88,test,-1.2525029762733197,0.7331938536941649,-0.5614315574112838,1.4413325173540017,-1.4022622265661382,-1.7565727542958733,-1.643014789996003,-1.1065942533620494,-0.8646012367567617,-1.2603559536803886,-1.2286277458107875,0.0,7.105427357601002e-15,0.0,-0.44095855184409843,-0.4454651972011986,-0.4424625195441246,-0.4529425467679601,0.0,-0.446963964670851
Busia,2010,10,411.62,1649.15,train,-1.2525029762733197,1.0200145934034908,-0.5614315574112838,1.4413325173540017,-1.4926653382261268,-1.5902858139883584,-1.6822366966234168,-1.1318513485356294,-0.675989935610347,-1.2603559536803886,-1.2286277458107875,0.0,7.105427357601002e-15,0.0,-0.44095855184409843,-0.4454651972011986,-0.4424625195441246,-0.4529425467679601,0.0,-0.446963964670851
Busia,2010,11,544.72,1552.23,train,-1.2525029762733197,1.3068353331128166,-0.5614315574112838,1.4413325173540017,-1.3043689238021194,-1.6023266333285495,-1.603792883368589,-0.7993855039038109,-0.48585141745060084,-1.2603559536803886,-1.2286277458107875,0.0,7.105427357601002e-15,0.0,-0.44095855184409843,-0.4454651972011986,-0.4424625195441246,-0.4529425467679601,0.0,-0.446963964670851
Busia,2010,12,551.43,1538.61,train,-1.2525029762733197,1.5936560728221425,-0.5614315574112838,1.4413325173540017,-1.3699372206761922,-1.699190724627772,-1.603792883368589,-0.6682032442777679,-0.07884808339781096,-1.2603559536803886,-1.2286277458107875,0.0,7.105427357601002e-15,0.0,-0.44095855184409843,-0.4454651972011986,-0.4424625195441246,-0.4529425467679601,0.0,-0.446963964670851
Busia,2011,1,612.9,1734.3,train,-1.0669405865966646,-1.5613720639804418,-0.5614315574112838,1.4413325173540017,-1.2210996538066279,-1.609502746640673,-1.4469052568589333,-0.38418978630547007,0.3892439311882307,-1.2603559536803886,-1.2286277458107875,0.0,7.105427357601002e-15,0.0,-0.44095855184409843,-0.4454651972011986,-0.4424625195441246,-0.4529425467679601,0.0,-0.446963964670851
Busia,2011,2,649.34,1869.89,train,-1.0669405865966646,-1.274551324271116,-0.5614315574112838,1.4413325173540017,-1.2548980275715658,-1.6645733690247202,-1.4076833502315194,0.15548732893408654,0.6668156233611934,-1.2603559536803886,-1.2286277458107875,0.0,7.105427357601002e-15,0.0,-0.44095855184409843,-0.4454651972011986,-0.4424625195441246,-0.4529425467679601,0.0,-0.446963964670851
Busia,2011,3,715.7,2011.04,train,-1.0669405865966646,-0.9877305845617901,-0.5614315574112838,1.4413325173540017,-0.9904935963119128,-1.3503563625377049,-1.1723519104670361,-0.06589884202617094,0.8894075030542296,-1.2603559536803886,-1.2286277458107875,0.0,7.105427357601002e-15,0.0,-0.44095855184409843,-0.4454651972011986,-0.4424625195441246,-0.4529425467679601,0.0,-0.446963964670851
Busia,2011,4,724.72,1936.36,train,-1.0669405865966646,-0.7009098448524642,-0.5614315574112838,1.4413325173540017,-0.9259600833872528,-0.9036634664796959,-1.0939080972122082,0.5626935572428257,0.3140284932816645,-1.2603559536803886,-1.2286277458107875,0.0,7.105427357601002e-15,0.0,-0.44095855184409843,-0.4454651972011986,-0.4424625195441246,-0.4529425467679601,0.0,-0.446963964670851
Busia,2011,5,836.43,2028.88,train,-1.0669405865966646,-0.4140891051431384,-0.5614315574112838,1.4413325173540017,-0.8342412199505268,-0.26493562804295706,-0.8977985640751389,1.19644046573092,0.23537681709510286,-1.2603559536803886,-1.2286277458107875,0.0,7.105427357601002e-15,0.0,-0.44095855184409843,-0.4454651972011986,-0.4424625195441246,-0.4529425467679601,0.0,-0.446963964670851
Busia,2011,6,832.98,2040.53,train,-1.0669405865966646,-0.12726836543381256,-0.5614315574112838,1.4413325173540017,-0.8621940923323562,-0.6602400272740762,-0.9762423773299664,1.1820078399174458,0.6229081342279187,-1.2603559536803886,-1.2286277458107875,0.0,7.105427357601002e-15,0.0,-0.44095855184409843,-0.4454651972011986,-0.4424625195441246,-0.4529425467679601,0.0,-0.446963964670851
Busia,2011,7,869.95,1780.53,train,-1.0669405865966646,0.15955237427551328,-0.5614315574112838,1.4413325173540017,-0.8871385530996669,-0.6580630041344434,-1.0154642839573804,2.0577589562421896,0.5053124242014091,-1.2603559536803886,-1.2286277458107875,0.0,7.105427357601002e-15,0.0,-0.44095855184409843,-0.4454651972011986,-0.4424625195441246,-0.4529425467679601,0.0,-0.446963964670851
Busia,2011,8,820.78,1789.67,test,-1.0669405865966646,0.4463731139848391,-0.5614315574112838,1.4413325173540017,-0.7733534359072434,-0.9608036046878383,-1.0154642839573804,2.025800999083782,-0.08419334294447049,-1.2603559536803886,-1.2286277458107875,0.0,7.105427357601002e-15,0.0,-0.44095855184409843,-0.4454651972011986,-0.4424625195441246,-0.4529425467679601,0.0,-0.446963964670851
Busia,2011,9,700.49,1742.39,test,-1.0669405865966646,0.7331938536941649,-0.5614315574112838,1.4413325173540017,-0.8348853900912214,-0.7820995694357502,-1.0939080972122082,1.3394780965608883,-0.3396203884241295,-1.2603559536803886,-1.2286277458107875,0.0,7.105427357601002e-15,0.0,-0.44095855184409843,-0.4454651972011986,-0.4424625195441246,-0.4529425467679601,0.0,-0.446963964670851
Busia,2011,10,646.41,1655.65,train,-1.0669405865966646,1.0200145934034908,-0.5614315574112838,1.4413325173540017,-0.9290986996046781,-0.8550970366856628,-1.1723519104670361,1.1446376480789855,-0.36787390317075835,-1.2603559536803886,-1.2286277458107875,0.0,7.105427357601002e-15,0.0,-0.44095855184409843,-0.4454651972011986,-0.4424625195441246,-0.4529425467679601,0.0,-0.446963964670851
Busia,2011,11,689.52,1624.92,train,-1.0669405865966646,1.3068353331128166,-0.5614315574112838,1.4413325173540017,-0.8062952004425347,-0.21249893488957702,-1.0939080972122082,0.3596058940103658,-0.2040798784909771,-1.2603559536803886,-1.2286277458107875,0.0,7.105427357601002e-15,0.0,-0.44095855184409843,-0.4454651972011986,-0.4424625195441246,-0.4529425467679601,0.0,-0.446963964670851
Busia,2011,12,702.67,1636.86,train,-1.0669405865966646,1.5936560728221425,-0.5614315574112838,1.4413325173540017,-0.7428581473318226,-0.07916298679428335,-1.0546861905847942,0.3815125581915322,-0.13879135117106428,-1.2603559536803886,-1.2286277458107875,0.0,7.105427357601002e-15,0.0,-0.44095855184409843,-0.4454651972011986,-0.4424625195441246,-0.4529425467679601,0.0,-0.446963964670851
Busia,2012,1,718.35,1632.7,test,-0.8813781969200096,-1.5613720639804418,-0.5614315574112838,1.4413325173540017,-0.7808984500019706,-0.021162790061841033,-1.0154642839573804,0.1178594116346714,-0.6065015615037731,-1.2603559536803886,-1.2286277458107875,0.0,7.105427357601002e-15,0.0,-0.44095855184409843,-0.4454651972011986,-0.4424625195441246,-0.4529425467679601,0.0,-0.446963964670851
Busia,2012,2,655.44,1727.66,test,-0.8813781969200096,-1.274551324271116,-0.5614315574112838,1.4413325173540017,-0.9090746022524578,-0.4089685540342248,-1.0939080972122082,-0.3012021878779929,-0.6733173058370172,-1.2603559536803886,-1.2286277458107875,0.0,7.105427357601002e-15,0.0,-0.44095855184409843,-0.4454651972011986,-0.4424625195441246,-0.4529425467679601,0.0,-0.446963964670851
Busia,2012,3,724.53,1796.0,train,-0.8813781969200096,-0.9877305845617901,-0.5614315574112838,1.4413325173540017,-0.7747993922868867,-0.11891381671424692,-1.0154642839573804,-0.29372814951030085,-0.7909130158635268,-1.2603559536803886,-1.2286277458107875,0.0,7.105427357601002e-15,0.0,-0.44095855184409843,-0.4454651972011986,-0.4424625195441246,-0.4529425467679601,0.0,-0.446963964670851
Busia,2012,4,828.45,2064.77,test,-0.8813781969200096,-0.7009098448524642,-0.5614315574112838,1.4413325173540017,-0.42557008867070406,-0.34325470741197295,-0.7801328441928972,0.043376753418705866,-0.1296280490910765,-1.2603559536803886,-1.2286277458107875,0.0,7.105427357601002e-15,0.0,-0.44095855184409843,-0.4454651972011986,-0.4424625195441246,-0.4529425467679601,0.0,-0.446963964670851
Busia,2012,5,972.99,2478.58,train,-0.8813781969200096,-0.4140891051431384,-0.5614315574112838,1.4413325173540017,-0.2712159583622147,-0.14087218591276598,-0.5055794978009995,0.09543729653159523,0.4636957605881314,-1.2603559536803886,-1.2286277458107875,0.0,7.105427357601002e-15,0.0,-0.44095855184409843,-0.4454651972011986,-0.4424625195441246,-0.4529425467679601,0.0,-0.446963964670851
Busia,2012,6,938.22,2395.44,train,-0.8813781969200096,-0.12726836543381256,-0.5614315574112838,1.4413325173540017,-0.09077979022944513,-0.08827423178607996,-0.5055794978009995,7.887597828299344e-05,0.28119332749504167,-1.2603559536803886,-1.2286277458107875,0.0,7.105427357601002e-15,0.0,-0.44095855184409843,-0.4454651972011986,-0.4424625195441246,-0.4529425467679601,0.0,-0.446963964670851
Busia,2012,7,880.25,1962.72,test,-0.8813781969200096,0.15955237427551328,-0.5614315574112838,1.4413325173540017,-0.045674174633170785,0.07459935125312182,-0.5840233110558274,-0.2950167768150754,0.007821482108739996,-1.2603559536803886,-1.2286277458107875,0.0,7.105427357601002e-15,0.0,-0.44095855184409843,-0.4454651972011986,-0.4424625195441246,-0.4529425467679601,0.0,-0.446963964670851
Busia,2012,8,796.74,1801.65,train,-0.8813781969200096,0.4463731139848391,-0.5614315574112838,1.4413325173540017,0.07724582338420463,0.12424085420252884,-0.5840233110558274,-0.40094194126753846,-0.3571833840774393,-1.2603559536803886,-1.2286277458107875,0.0,7.105427357601002e-15,0.0,-0.44095855184409843,-0.4454651972011986,-0.4424625195441246,-0.4529425467679601,0.0,-0.446963964670851
Busia,2012,9,650.19,1760.34,test,-0.8813781969200096,0.7331938536941649,-0.5614315574112838,1.4413325173540017,-0.2861072532103923,-0.011755899952316162,-0.8193547508203111,-0.5104752621733701,-0.34343843095745774,-1.2603559536803886,-1.2286277458107875,0.0,7.105427357601002e-15,0.0,-0.44095855184409843,-0.4454651972011986,-0.4424625195441246,-0.4529425467679601,0.0,-0.446963964670851
Busia,2012,10,622.89,1781.42,train,-0.8813781969200096,1.0200145934034908,-0.5614315574112838,1.4413325173540017,-0.38604956525172623,-0.17884914512636238,-0.858576657447725,-0.4192404489953362,-0.09259303651779263,-1.2603559536803886,-1.2286277458107875,0.0,7.105427357601002e-15,0.0,-0.44095855184409843,-0.4454651972011986,-0.4424625195441246,-0.4529425467679601,0.0,-0.446963964670851
Busia,2012,11,670.95,1743.68,test,-0.8813781969200096,1.3068353331128166,-0.5614315574112838,1.4413325173540017,-0.5566655651758267,-0.19390016930160195,-0.9762423773299664,-0.3947565302046209,-0.10366535986444451,-1.2603559536803886,-1.2286277458107875,0.0,7.105427357601002e-15,0.0,-0.44095855184409843,-0.4454651972011986,-0.4424625195441246,-0.4529425467679601,0.0,-0.446963964670851
Busia,2012,12,706.16,1795.76,train,-0.8813781969200096,1.5936560728221425,-0.5614315574112838,1.4413325173540017,-0.4563669036949601,-0.10324462547466651,-0.858576657447725,-0.31254210816000844,-0.012032339064566812,-1.2603559536803886,-1.2286277458107875,0.0,7.105427357601002e-15,0.0,-0.44095855184409843,-0.4454651972011986,-0.4424625195441246,-0.4529425467679601,0.0,-0.446963964670851
Busia,2013,1,817.32,1919.11,train,-0.6958158072433546,-1.5613720639804418,-0.5614315574112838,1.4413325173540017,-0.541794828949161,-0.229538844402259,-0.858576657447725,0.02971730398809624,0.286920391295034,-1.2603559536803886,-1.2286277458107875,0.0,7.105427357601002e-15,0.0,-0.44095855184409843,-0.4454651972011986,-0.4424625195441246,-0.4529425467679601,0.0,-0.446963964670851
Busia,2013,2,702.94,2075.57,train,-0.6958158072433546,-1.274551324271116,-0.5614315574112838,1.4413325173540017,-0.31740432802476237,0.12843363950848835,-0.7016890309380692,-0.1385774220154522,0.38618949716156814,-1.2603559536803886,-1.2286277458107875,0.0,7.105427357601002e-15,0.0,-0.44095855184409843,-0.4454651972011986,-0.4424625195441246,-0.4529425467679601,0.0,-0.446963964670851
Busia,2013,3,747.93,2119.46,train,-0.6958158072433546,-0.9877305845617901,-0.5614315574112838,1.4413325173540017,-0.41646947221493763,-0.03331111671757024,-0.7409109375654832,-0.24218305731932124,0.30486519120167677,-1.2603559536803886,-1.2286277458107875,0.0,7.105427357601002e-15,0.0,-0.44095855184409843,-0.4454651972011986,-0.4424625195441246,-0.4529425467679601,0.0,-0.446963964670851
Busia,2013,4,792.05,2126.08,test,-0.6958158072433546,-0.7009098448524642,-0.5614315574112838,1.4413325173540017,-0.21765389645086913,-0.10730302663620435,-0.6624671243106554,-0.4385698585669536,-0.2693684058108899,-1.2603559536803886,-1.2286277458107875,0.0,7.105427357601002e-15,0.0,-0.44095855184409843,-0.4454651972011986,-0.4424625195441246,-0.4529425467679601,0.0,-0.446963964670851
Busia,2013,5,805.74,2188.83,train,-0.6958158072433546,-0.4140891051431384,-0.5614315574112838,1.4413325173540017,-0.40603254536092315,-0.11122704365332053,-0.6232452176832414,-0.7684584485892233,-0.8290934411968092,-1.2603559536803886,-1.2286277458107875,0.0,7.105427357601002e-15,0.0,-0.44095855184409843,-0.4454651972011986,-0.4424625195441246,-0.4529425467679601,0.0,-0.446963964670851
Busia,2013,6,785.35,2186.76,test,-0.6958158072433546,-0.12726836543381256,-0.5614315574112838,1.4413325173540017,-0.5382930104183656,0.02025440324895236,-0.7016890309380692,-0.7452631571032823,-0.7153157737036279,-1.2603559536803886,-1.2286277458107875,0.0,7.105427357601002e-15,0.0,-0.44095855184409843,-0.4454651972011986,-0.4424625195441246,-0.4529425467679601,0.0,-0.446963964670851
Busia,2013,7,749.6,1831.95,train,-0.6958158072433546,0.15955237427551328,-0.5614315574112838,1.4413325173540017,-0.6577180427787825,-0.05924725659097477,-0.8977985640751389,-0.7078929652648221,-0.637045901770399,-1.2603559536803886,-1.2286277458107875,0.0,7.105427357601002e-15,0.0,-0.44095855184409843,-0.4454651972011986,-0.4424625195441246,-0.4529425467679601,0.0,-0.446963964670851
Busia,2013,8,708.01,2004.62,train,-0.6958158072433546,0.4463731139848391,-0.5614315574112838,1.4413325173540017,-0.5279177594288853,0.23446272945727592,-0.7801328441928972,-0.6125345447115098,0.047529124455353615,-1.2603559536803886,-1.2286277458107875,0.0,7.105427357601002e-15,0.0,-0.44095855184409843,-0.4454651972011986,-0.4424625195441246,-0.4529425467679601,0.0,-0.446963964670851
Busia,2013,9,707.89,2160.64,train,-0.6958158072433546,0.7331938536941649,-0.5614315574112838,1.4413325173540017,-0.5196943108242774,0.34627033761620046,-0.7409109375654832,-0.09682589734075873,0.4854586030281022,-1.2603559536803886,-1.2286277458107875,0.0,7.105427357601002e-15,0.0,-0.44095855184409843,-0.4454651972011986,-0.4424625195441246,-0.4529425467679601,0.0,-0.446963964670851
Busia,2013,10,743.06,2049.52,train,-0.6958158072433546,1.0200145934034908,-0.5614315574112838,1.4413325173540017,-0.28834814295514766,0.1637229158336491,-0.7016890309380692,0.1717240329742451,0.19185113221516095,-1.2603559536803886,-1.2286277458107875,0.0,7.105427357601002e-15,0.0,-0.44095855184409843,-0.4454651972011986,-0.4424625195441246,-0.4529425467679601,0.0,-0.446963964670851
Busia,2013,11,774.69,1900.3,test,-0.6958158072433546,1.3068353331128166,-0.5614315574112838,1.4413325173540017,-0.3018345986667047,0.2596731949508029,-0.7409109375654832,0.07301518142851916,-0.03990404955786295,-1.2603559536803886,-1.2286277458107875,0.0,7.105427357601002e-15,0.0,-0.44095855184409843,-0.4454651972011986,-0.4424625195441246,-0.4529425467679601,0.0,-0.446963964670851
Busia,2013,12,770.96,1816.81,train,-0.6958158072433546,1.5936560728221425,-0.5614315574112838,1.4413325173540017,-0.09818089397359167,0.06419801847487604,-0.7016890309380692,-0.08883640805115688,-0.33809317141079814,-1.2603559536803886,-1.2286277458107875,0.0,7.105427357601002e-15,0.0,-0.44095855184409843,-0.4454651972011986,-0.4424625195441246,-0.4529425467679601,0.0,-0.446963964670851
Busia,2014,1,817.61,1974.62,train,-0.5102534175666995,-1.5613720639804418,-0.5614315574112838,1.4413325173540017,-0.29956629742660074,0.12391833225591685,-0.7016890309380692,-0.32439747936393376,-0.2724228398375525,-1.2603559536803886,-1.2286277458107875,0.0,7.105427357601002e-15,0.0,-0.44095855184409843,-0.4454651972011986,-0.4424625195441246,-0.4529425467679601,0.0,-0.446963964670851
Busia,2014,2,729.29,2140.34,train,-0.5102534175666995,-1.274551324271116,-0.5614315574112838,1.4413325173540017,-0.5123685886923396,-0.21016065077663826,-0.7409109375654832,-0.22878133334966655,-0.26364134201089756,-1.2603559536803886,-1.2286277458107875,0.0,7.105427357601002e-15,0.0,-0.44095855184409843,-0.4454651972011986,-0.4424625195441246,-0.4529425467679601,0.0,-0.446963964670851
Busia,2014,3,761.02,2138.18,train,-0.5102534175666995,-0.9877305845617901,-0.5614315574112838,1.4413325173540017,-0.40385333148070185,-0.2646131060963451,-0.6624671243106554,-0.2803264255406462,-0.34916549475745,-1.2603559536803886,-1.2286277458107875,0.0,7.105427357601002e-15,0.0,-0.44095855184409843,-0.4454651972011986,-0.4424625195441246,-0.4529425467679601,0.0,-0.446963964670851
Busia,2014,4,847.81,2160.36,train,-0.5102534175666995,-0.7009098448524642,-0.5614315574112838,1.4413325173540017,-0.2764241424784666,0.18388053749691666,-0.5448014044284135,-0.14398965669550506,-0.32129378426415395,-1.2603559536803886,-1.2286277458107875,0.0,7.105427357601002e-15,0.0,-0.44095855184409843,-0.4454651972011986,-0.4424625195441246,-0.4529425467679601,0.0,-0.446963964670851
Busia,2014,5,888.15,2177.87,test,-0.5102534175666995,-0.4140891051431384,-0.5614315574112838,1.4413325173540017,-0.027041210669897155,0.27604118374137593,-0.4271356845461717,-0.06177523465089256,-0.4018544817173797,-1.2603559536803886,-1.2286277458107875,0.0,7.105427357601002e-15,0.0,-0.44095855184409843,-0.4454651972011986,-0.4424625195441246,-0.4529425467679601,0.0,-0.446963964670851
Busia,2014,6,801.13,2097.29,train,-0.5102534175666995,-0.12726836543381256,-0.5614315574112838,1.4413325173540017,-0.0709201618493169,0.4468703081303474,-0.5055794978009995,-0.2736255635558188,-0.5389222086638633,-1.2603559536803886,-1.2286277458107875,0.0,7.105427357601002e-15,0.0,-0.44095855184409843,-0.4454651972011986,-0.4424625195441246,-0.4529425467679601,0.0,-0.446963964670851
Busia,2014,7,807.8,1736.66,test,-0.5102534175666995,0.15955237427551328,-0.5614315574112838,1.4413325173540017,0.04895716018435388,0.00971868632628492,-0.6624671243106554,-0.1254334235067524,-0.5813024807838068,-1.2603559536803886,-1.2286277458107875,0.0,7.105427357601002e-15,0.0,-0.44095855184409843,-0.4454651972011986,-0.4424625195441246,-0.4529425467679601,0.0,-0.446963964670851
Busia,2014,8,637.95,1588.74,train,-0.5102534175666995,0.4463731139848391,-0.5614315574112838,1.4413325173540017,-0.2684542502058341,0.06521933797248128,-0.858576657447725,-0.5805765875531025,-1.1750080947163475,-1.2603559536803886,-1.2286277458107875,0.0,7.105427357601002e-15,0.0,-0.44095855184409843,-0.4454651972011986,-0.4424625195441246,-0.4529425467679601,0.0,-0.446963964670851
Busia,2014,9,561.45,1772.23,train,-0.5102534175666995,0.7331938536941649,-0.5614315574112838,1.4413325173540017,-0.3075019253300472,0.024312804410490205,-0.8193547508203111,-0.8586623599234376,-1.0692483165431552,-1.2603559536803886,-1.2286277458107875,0.0,7.105427357601002e-15,0.0,-0.44095855184409843,-0.4454651972011986,-0.4424625195441246,-0.4529425467679601,0.0,-0.446963964670851
Busia,2014,10,552.2,1712.04,test,-0.5102534175666995,1.0200145934034908,-0.5614315574112838,1.4413325173540017,-0.3067892264509812,0.04930825527294249,-0.858576657447725,-0.9875250904008867,-1.011595874289899,-1.2603559536803886,-1.2286277458107875,0.0,7.105427357601002e-15,0.0,-0.44095855184409843,-0.4454651972011986,-0.4424625195441246,-0.4529425467679601,0.0,-0.446963964670851
Busia,2014,11,581.99,1689.94,train,-0.5102534175666995,1.3068353331128166,-0.5614315574112838,1.4413325173540017,-0.33798350815779327,0.15845505737231505,-0.858576657447725,-0.966391602602585,-0.8054215774901742,-1.2603559536803886,-1.2286277458107875,0.0,7.105427357601002e-15,0.0,-0.44095855184409843,-0.4454651972011986,-0.4424625195441246,-0.4529425467679601,0.0,-0.446963964670851
Busia,2014,12,605.21,1706.15,train,-0.5102534175666995,1.5936560728221425,-0.5614315574112838,1.4413325173540017,-0.3639284885053307,0.0006343181633720388,-0.858576657447725,-0.8795381222607842,-0.615283059330428,-1.2603559536803886,-1.2286277458107875,0.0,7.105427357601002e-15,0.0,-0.44095855184409843,-0.4454651972011986,-0.4424625195441246,-0.4529425467679601,0.0,-0.446963964670851
Busia,2015,1,717.11,1915.14,train,-0.3246910278900444,-1.5613720639804418,-0.5614315574112838,1.4413325173540017,-0.43933751220958445,0.010766882652774493,-0.7801328441928972,-0.642172972721323,-0.4976873493039184,-1.2603559536803886,-1.2286277458107875,0.0,7.105427357601002e-15,0.0,-0.44095855184409843,-0.4454651972011986,-0.4424625195441246,-0.4529425467679601,0.0,-0.446963964670851
Busia,2015,2,740.11,2326.59,train,-0.3246910278900444,-1.274551324271116,-0.5614315574112838,1.4413325173540017,-0.45950551991238536,0.0020319132653585418,-0.6624671243106554,-0.2872850129864284,-0.05059456865118205,-1.2603559536803886,-1.2286277458107875,0.0,7.105427357601002e-15,0.0,-0.44095855184409843,-0.4454651972011986,-0.4424625195441246,-0.4529425467679601,0.0,-0.446963964670851
Busia,2015,3,699.53,2315.15,test,-0.3246910278900444,-0.9877305845617901,-0.5614315574112838,1.4413325173540017,-0.31218929103467313,-0.009041340234996153,-0.6232452176832414,-0.533670553659311,-0.06663034729116064,-1.2603559536803886,-1.2286277458107875,0.0,7.105427357601002e-15,0.0,-0.44095855184409843,-0.4454651972011986,-0.4424625195441246,-0.4529425467679601,0.0,-0.446963964670851
Busia,2015,4,901.1,2255.82,train,-0.3246910278900444,-0.7009098448524642,-0.5614315574112838,1.4413325173540017,-0.3525869823048096,0.7404727868630614,-0.4663575911735856,-0.16331906626712242,-0.21400678907763052,-1.2603559536803886,-1.2286277458107875,0.0,7.105427357601002e-15,0.0,-0.44095855184409843,-0.4454651972011986,-0.4424625195441246,-0.4529425467679601,0.0,-0.446963964670851
Busia,2015,5,892.76,2233.56,train,-0.3246910278900444,-0.4140891051431384,-0.5614315574112838,1.4413325173540017,-0.36483992072567534,-0.09620289630696532,-0.5055794978009995,-0.31202665723809864,-0.2850223801975357,-1.2603559536803886,-1.2286277458107875,0.0,7.105427357601002e-15,0.0,-0.44095855184409843,-0.4454651972011986,-0.4424625195441246,-0.4529425467679601,0.0,-0.446963964670851
Busia,2015,6,942.3,2443.08,train,-0.3246910278900444,-0.12726836543381256,-0.5614315574112838,1.4413325173540017,-0.4694833042193098,-0.05223240425215731,-0.4663575911735856,0.12868388099477715,0.24683094469508746,-1.2603559536803886,-1.2286277458107875,0.0,7.105427357601002e-15,0.0,-0.44095855184409843,-0.4454651972011986,-0.4424625195441246,-0.4529425467679601,0.0,-0.446963964670851
Busia,2015,7,797.65,2218.88,train,-0.3246910278900444,0.15955237427551328,-0.5614315574112838,1.4413325173540017,-0.3899899677081008,0.06774575988761096,-0.5448014044284135,-0.3579017892880705,0.6775061424545125,-1.2603559536803886,-1.2286277458107875,0.0,7.105427357601002e-15,0.0,-0.44095855184409843,-0.4454651972011986,-0.4424625195441246,-0.4529425467679601,0.0,-0.446963964670851
Busia,2015,8,720.5,2325.56,train,-0.3246910278900444,0.4463731139848391,-0.5614315574112838,1.4413325173540017,-0.289218457932469,0.27940078735192053,-0.5448014044284135,0.008068365267884802,1.3880438579068972,-1.2603559536803886,-1.2286277458107875,0.0,7.105427357601002e-15,0.0,-0.44095855184409843,-0.4454651972011986,-0.4424625195441246,-0.4529425467679601,0.0,-0.446963964670851
Busia,2015,9,779.02,2410.2,train,-0.3246910278900444,0.7331938536941649,-0.5614315574112838,1.4413325173540017,-0.21762648495552048,-0.14385551391892992,-0.4663575911735856,0.6732577799924768,0.9917310429474263,-1.2603559536803886,-1.2286277458107875,0.0,7.105427357601002e-15,0.0,-0.44095855184409843,-0.4454651972011986,-0.4424625195441246,-0.4529425467679601,0.0,-0.446963964670851
Busia,2015,10,889.77,2289.63,train,-0.3246910278900444,1.0200145934034908,-0.5614315574112838,1.4413325173540017,-0.22105292187410708,0.08314618283834745,-0.5055794978009995,1.2500473616095389,0.9054432816942083,-1.2603559536803886,-1.2286277458107875,0.0,7.105427357601002e-15,0.0,-0.44095855184409843,-0.4454651972011986,-0.4424625195441246,-0.4529425467679601,0.0,-0.446963964670851
Busia,2015,11,939.25,2303.91,train,-0.3246910278900444,1.3068353331128166,-0.5614315574112838,1.4413325173540017,-0.2694205054168754,0.041003315147675856,-0.4271356845461717,1.256748223594366,1.0043305833074094,-1.2603559536803886,-1.2286277458107875,0.0,7.105427357601002e-15,0.0,-0.44095855184409843,-0.4454651972011986,-0.4424625195441246,-0.4529425467679601,0.0,-0.446963964670851
Busia,2015,12,914.58,2153.45,train,-0.3246910278900444,1.5936560728221425,-0.5614315574112838,1.4413325173540017,-0.07775932993881607,0.28542119702201646,-0.4663575911735856,0.9920641751936857,0.6183264831879248,-1.2603559536803886,-1.2286277458107875,0.0,7.105427357601002e-15,0.0,-0.44095855184409843,-0.4454651972011986,-0.4424625195441246,-0.4529425467679601,0.0,-0.446963964670851
Busia,2016,1,812.61,2266.03,train,-0.13912863821338933,-1.5613720639804418,-0.5614315574112838,1.4413325173540017,-0.18404055027953453,0.16033643539422016,-0.4663575911735856,0.01786193278417095,0.31670112305499426,-1.2603559536803886,-1.2286277458107875,0.0,7.105427357601002e-15,0.0,-0.44095855184409843,-0.4454651972011986,-0.4424625195441246,-0.4529425467679601,0.0,-0.446963964670851
Busia,2016,2,823.43,2424.64,train,-0.13912863821338933,-1.274551324271116,-0.5614315574112838,1.4413325173540017,-0.013876840028687436,0.2516638999432645,-0.3486918712913442,-0.03522951217253807,-0.2220246783976198,-1.2603559536803886,-1.2286277458107875,0.0,7.105427357601002e-15,0.0,-0.44095855184409843,-0.4454651972011986,-0.4424625195441246,-0.4529425467679601,0.0,-0.446963964670851
Busia,2016,3,871.74,2460.29,train,-0.13912863821338933,-0.9877305845617901,-0.5614315574112838,1.4413325173540017,-0.004577490231643619,0.7056941702867036,-0.23102615140910243,0.3090917036632058,-0.14337300221105817,-1.2603559536803886,-1.2286277458107875,0.0,7.105427357601002e-15,0.0,-0.44095855184409843,-0.4454651972011986,-0.4424625195441246,-0.4529425467679601,0.0,-0.446963964670851
Busia,2016,4,920.03,2509.87,train,-0.13912863821338933,-0.7009098448524642,-0.5614315574112838,1.4413325173540017,0.0466957118180866,0.6607561123920583,-0.23102615140910243,-0.2713060344072247,0.047147320202020795,-1.2603559536803886,-1.2286277458107875,0.0,7.105427357601002e-15,0.0,-0.44095855184409843,-0.4454651972011986,-0.4424625195441246,-0.4529425467679601,0.0,-0.446963964670851
Busia,2016,5,926.7,2467.45,train,-0.13912863821338933,-0.4140891051431384,-0.5614315574112838,1.4413325173540017,-0.032249394786148404,0.9381518633075047,-0.3094699646639303,-0.22749270604489208,0.01698478418872777,-1.2603559536803886,-1.2286277458107875,0.0,7.105427357601002e-15,0.0,-0.44095855184409843,-0.4454651972011986,-0.4424625195441246,-0.4529425467679601,0.0,-0.446963964670851
Busia,2016,6,965.28,2454.49,test,-0.13912863821338933,-0.12726836543381256,-0.5614315574112838,1.4413325173540017,0.0018299468061135616,0.9800528395382173,-0.27024805803651636,-0.2625433687347582,-0.3648194691440958,-1.2603559536803886,-1.2286277458107875,0.0,7.105427357601002e-15,0.0,-0.44095855184409843,-0.4454651972011986,-0.4424625195441246,-0.4529425467679601,0.0,-0.446963964670851
Busia,2016,7,961.05,2269.28,train,-0.13912863821338933,0.15955237427551328,-0.5614315574112838,1.4413325173540017,0.1928195406481302,1.1906327938471524,-0.15258233815427455,0.20265108828883285,-0.2960947035441876,-1.2603559536803886,-1.2286277458107875,0.0,7.105427357601002e-15,0.0,-0.44095855184409843,-0.4454651972011986,-0.4424625195441246,-0.4529425467679601,0.0,-0.446963964670851
Busia,2016,8,848.04,2346.13,train,-0.13912863821338933,0.4463731139848391,-0.5614315574112838,1.4413325173540017,-0.1207953776362632,0.7084624836617917,-0.27024805803651636,0.1307456846824163,-0.34916549475745,-1.2603559536803886,-1.2286277458107875,0.0,7.105427357601002e-15,0.0,-0.44095855184409843,-0.4454651972011986,-0.4424625195441246,-0.4529425467679601,0.0,-0.446963964670851
Busia,2016,9,972.54,2462.35,train,-0.13912863821338933,0.7331938536941649,-0.5614315574112838,1.4413325173540017,-0.09056735114049248,0.6972279691881309,-0.15258233815427455,0.31476166380421355,-0.3002945503308486,-1.2603559536803886,-1.2286277458107875,0.0,7.105427357601002e-15,0.0,-0.44095855184409843,-0.4454651972011986,-0.4424625195441246,-0.4529425467679601,0.0,-0.446963964670851
Busia,2016,10,1069.62,2332.98,train,-0.13912863821338933,1.0200145934034908,-0.5614315574112838,1.4413325173540017,0.15261372984543506,0.9210582001370546,-0.15258233815427455,0.19543477538209575,-0.31060326517083486,-1.2603559536803886,-1.2286277458107875,0.0,7.105427357601002e-15,0.0,-0.44095855184409843,-0.4454651972011986,-0.4424625195441246,-0.4529425467679601,0.0,-0.446963964670851
Busia,2016,11,1083.6,2380.93,train,-0.13912863821338933,1.3068353331128166,-0.5614315574112838,1.4413325173540017,0.060613898581384995,0.7995480567508776,-0.1133604315268606,0.07069565227992504,-0.25524164843757546,-1.2603559536803886,-1.2286277458107875,0.0,7.105427357601002e-15,0.0,-0.44095855184409843,-0.4454651972011986,-0.4424625195441246,-0.4529425467679601,0.0,-0.446963964670851
Busia,2016,12,1099.28,2444.93,test,-0.13912863821338933,1.5936560728221425,-0.5614315574112838,1.4413325173540017,0.0739290324470127,0.9051471174375153,-0.07413852489944667,0.19517704992114082,0.13419868996190454,-1.2603559536803886,-1.2286277458107875,0.0,7.105427357601002e-15,0.0,-0.44095855184409843,-0.4454651972011986,-0.4424625195441246,-0.4529425467679601,0.0,-0.446963964670851
Busia,2017,1,1161.02,2673.91,train,0.04643375146326575,-1.5613720639804418,-0.5614315574112838,1.4413325173540017,-0.2124114479654319,0.862708604629116,-0.03491661827203272,0.7796983953668498,0.30448338694834387,-1.2603559536803886,-1.2286277458107875,0.0,7.105427357601002e-15,0.0,-0.44095855184409843,-0.4454651972011986,-0.4424625195441246,-0.4529425467679601,0.0,-0.446963964670851
Busia,2017,2,1084.62,2682.94,test,0.04643375146326575,-1.274551324271116,-0.5614315574112838,1.4413325173540017,-0.0674457548138703,0.8666057448173472,0.004305288355381218,0.49207678094118346,0.023857260748718582,-1.2603559536803886,-1.2286277458107875,0.0,7.105427357601002e-15,0.0,-0.44095855184409843,-0.4454651972011986,-0.4424625195441246,-0.4529425467679601,0.0,-0.446963964670851
Busia,2017,3,1193.31,2691.02,train,0.04643375146326575,-0.9877305845617901,-0.5614315574112838,1.4413325173540017,-0.1375780656635008,0.9116244331986448,0.043527194982795156,0.6253208442548659,-0.02463187942454999,-1.2603559536803886,-1.2286277458107875,0.0,7.105427357601002e-15,0.0,-0.44095855184409843,-0.4454651972011986,-0.4424625195441246,-0.4529425467679601,0.0,-0.446963964670851
Busia,2017,4,1440.74,3080.61,train,0.04643375146326575,-0.7009098448524642,-0.5614315574112838,1.4413325173540017,0.3206667549544335,1.3409011441395906,0.27885863474727834,1.13329772779697,0.4854586030281022,-1.2603559536803886,-1.2286277458107875,0.0,7.105427357601002e-15,0.0,-0.44095855184409843,-0.4454651972011986,-0.4424625195441246,-0.4529425467679601,0.0,-0.446963964670851
Busia,2017,5,1220.13,2944.13,train,0.04643375146326575,-0.4140891051431384,-0.5614315574112838,1.4413325173540017,0.15432694830472835,1.8933274850286608,0.23963672811986442,0.490530428175454,0.3548815483882766,-1.2603559536803886,-1.2286277458107875,0.0,7.105427357601002e-15,0.0,-0.44095855184409843,-0.4454651972011986,-0.4424625195441246,-0.4529425467679601,0.0,-0.446963964670851
Busia,2017,6,1154.66,2522.42,test,0.04643375146326575,-0.12726836543381256,-0.5614315574112838,1.4413325173540017,0.1885639059952456,1.974952414350452,0.08274910161020867,0.18022897318575679,-0.2770044908775464,-1.2603559536803886,-1.2286277458107875,0.0,7.105427357601002e-15,0.0,-0.44095855184409843,-0.4454651972011986,-0.4424625195441246,-0.4529425467679601,0.0,-0.446963964670851
Busia,2017,7,1058.17,2456.22,train,0.04643375146326575,0.15955237427551328,-0.5614315574112838,1.4413325173540017,0.32693028164160937,2.3942846986041864,0.12197100823762261,-0.06486794018235137,-0.0681575643044919,-1.2603559536803886,-1.2286277458107875,0.0,7.105427357601002e-15,0.0,-0.44095855184409843,-0.4454651972011986,-0.4424625195441246,-0.4529425467679601,0.0,-0.446963964670851
Busia,2017,8,913.07,2507.36,test,0.04643375146326575,0.4463731139848391,-0.5614315574112838,1.4413325173540017,0.4862184811128633,2.1786787772938756,0.043527194982795156,-0.1277529526553465,-0.12046474701108872,-1.2603559536803886,-1.2286277458107875,0.0,7.105427357601002e-15,0.0,-0.44095855184409843,-0.4454651972011986,-0.4424625195441246,-0.4529425467679601,0.0,-0.446963964670851
Busia,2017,9,989.89,2532.82,train,0.04643375146326575,0.7331938536941649,-0.5614315574112838,1.4413325173540017,0.4800920119024301,2.26605534799692,0.08274910161020867,-0.2795532491577815,-0.273568252597551,-1.2603559536803886,-1.2286277458107875,0.0,7.105427357601002e-15,0.0,-0.44095855184409843,-0.4454651972011986,-0.4424625195441246,-0.4529425467679601,0.0,-0.446963964670851
Busia,2017,10,1062.6,2386.62,train,0.04643375146326575,1.0200145934034908,-0.5614315574112838,1.4413325173540017,0.41674404615160143,2.756772489767506,0.08274910161020867,-0.3424382616307766,-0.29494929078418913,-1.2603559536803886,-1.2286277458107875,0.0,7.105427357601002e-15,0.0,-0.44095855184409843,-0.4454651972011986,-0.4424625195441246,-0.4529425467679601,0.0,-0.446963964670851
Busia,2017,11,991.03,2443.13,train,0.04643375146326575,1.3068353331128166,-0.5614315574112838,1.4413325173540017,0.2123913483270971,2.1592737068393704,-0.03491661827203272,-0.5455259248632363,-0.2831133589308716,-1.2603559536803886,-1.2286277458107875,0.0,7.105427357601002e-15,0.0,-0.44095855184409843,-0.4454651972011986,-0.4424625195441246,-0.4529425467679601,0.0,-0.446963964670851
Busia,2017,12,1033.81,2487.88,train,0.04643375146326575,1.5936560728221425,-0.5614315574112838,1.4413325173540017,0.05506307077327509,3.2135173198282647,0.043527194982795156,-0.4790327559368726,-0.31556672046416157,-1.2603559536803886,-1.2286277458107875,0.0,7.105427357601002e-15,0.0,-0.44095855184409843,-0.4454651972011986,-0.4424625195441246,-0.4529425467679601,0.0,-0.446963964670851
Busia,2018,1,1066.25,2646.53,train,0.23199614113992081,-1.5613720639804418,-0.5614315574112838,1.4413325173540017,0.19540307408474478,2.9339982994309546,0.08274910161020867,-0.5357323573469502,-0.4217083028906865,-1.2603559536803886,-1.2286277458107875,0.0,7.105427357601002e-15,0.0,-0.44095855184409843,-0.4454651972011986,-0.4424625195441246,-0.4529425467679601,0.0,-0.446963964670851
Busia,2018,2,931.64,2491.38,train,0.23199614113992081,-1.274551324271116,-0.5614315574112838,1.4413325173540017,-0.02974809583558044,2.1976806953151162,-0.1133604315268606,-0.6888212811541596,-0.6553725059303745,-1.2603559536803886,-1.2286277458107875,0.0,7.105427357601002e-15,0.0,-0.44095855184409843,-0.4454651972011986,-0.4424625195441246,-0.4529425467679601,0.0,-0.446963964670851
Busia,2018,3,980.65,2521.12,train,0.23199614113992081,-0.9877305845617901,-0.5614315574112838,1.4413325173540017,-0.0944392248584951,2.3596135893433656,-0.1133604315268606,-0.7846951526293817,-0.6236827529037501,-1.2603559536803886,-1.2286277458107875,0.0,7.105427357601002e-15,0.0,-0.44095855184409843,-0.4454651972011986,-0.4424625195441246,-0.4529425467679601,0.0,-0.446963964670851
Busia,2018,4,852.28,2551.98,test,0.23199614113992081,-0.7009098448524642,-0.5614315574112838,1.4413325173540017,0.013171453006635313,2.0037912517433667,-0.1133604315268606,-1.3779791637475574,-1.0379403677698638,-1.2603559536803886,-1.2286277458107875,0.0,7.105427357601002e-15,0.0,-0.44095855184409843,-0.4454651972011986,-0.4424625195441246,-0.4529425467679601,0.0,-0.446963964670851
Busia,2018,5,795.15,2521.88,train,0.23199614113992081,-0.4140891051431384,-0.5614315574112838,1.4413325173540017,0.06595228730054288,1.6301495765930392,-0.15258233815427455,-1.2230861617136632,-0.9302715683300075,-1.2603559536803886,-1.2286277458107875,0.0,7.105427357601002e-15,0.0,-0.44095855184409843,-0.4454651972011986,-0.4424625195441246,-0.4529425467679601,0.0,-0.446963964670851
Busia,2018,6,805.43,2365.49,train,0.23199614113992081,-0.12726836543381256,-0.5614315574112838,1.4413325173540017,-0.05920174758775113,1.341653695348353,-0.23102615140910243,-1.10504790059632,-0.6202465146237547,-1.2603559536803886,-1.2286277458107875,0.0,7.105427357601002e-15,0.0,-0.44095855184409843,-0.4454651972011986,-0.4424625195441246,-0.4529425467679601,0.0,-0.446963964670851
Busia,2018,7,657.08,2119.32,train,0.23199614113992081,0.15955237427551328,-0.5614315574112838,1.4413325173540017,0.0956937597538749,1.8861244948876523,-0.23102615140910243,-1.3022078782268172,-0.9065997046233724,-1.2603559536803886,-1.2286277458107875,0.0,7.105427357601002e-15,0.0,-0.44095855184409843,-0.4454651972011986,-0.4424625195441246,-0.4529425467679601,0.0,-0.446963964670851
Busia,2018,8,627.88,2207.25,train,0.23199614113992081,0.4463731139848391,-0.5614315574112838,1.4413325173540017,-0.10954295879562477,1.041815792314469,-0.3879137779187582,-1.1303049957699003,-0.8397839602901283,-1.2603559536803886,-1.2286277458107875,0.0,7.105427357601002e-15,0.0,-0.44095855184409843,-0.4454651972011986,-0.4424625195441246,-0.4529425467679601,0.0,-0.446963964670851
Busia,2018,9,641.1,2192.35,test,0.23199614113992081,0.7331938536941649,-0.5614315574112838,1.4413325173540017,-0.0473120114802554,1.6520541921337888,-0.3879137779187582,-1.2333951801518592,-0.8959091855300533,-1.2603559536803886,-1.2286277458107875,0.0,7.105427357601002e-15,0.0,-0.44095855184409843,-0.4454651972011986,-0.4424625195441246,-0.4529425467679601,0.0,-0.446963964670851
Busia,2018,10,684.71,2080.32,train,0.23199614113992081,1.0200145934034908,-0.5614315574112838,1.4413325173540017,-0.2393226835240107,1.4532194120473187,-0.4663575911735856,-1.241900120363371,-0.8726191260767511,-1.2603559536803886,-1.2286277458107875,0.0,7.105427357601002e-15,0.0,-0.44095855184409843,-0.4454651972011986,-0.4424625195441246,-0.4529425467679601,0.0,-0.446963964670851
Busia,2018,11,634.72,2173.46,train,0.23199614113992081,1.3068353331128166,-0.5614315574112838,1.4413325173540017,-0.3633802585983574,1.1461247652146576,-0.5055794978009995,-1.251951413340612,-0.8042761647301757,-1.2603559536803886,-1.2286277458107875,0.0,7.105427357601002e-15,0.0,-0.44095855184409843,-0.4454651972011986,-0.4424625195441246,-0.4529425467679601,0.0,-0.446963964670851
Busia,2018,12,722.37,2210.26,train,0.23199614113992081,1.5936560728221425,-0.5614315574112838,1.4413325173540017,-0.4204372861666609,0.49231902577379494,-0.5055794978009995,-1.1019551950648614,-0.8088578157701696,-1.2603559536803886,-1.2286277458107875,0.0,7.105427357601002e-15,0.0,-0.44095855184409843,-0.4454651972011986,-0.4424625195441246,-0.4529425467679601,0.0,-0.446963964670851
Busia,2019,1,761.49,2308.43,train,0.4175585308165759,-1.5613720639804418,-0.5614315574112838,1.4413325173540017,-0.45368057715078813,0.8185230979432333,-0.5055794978009995,-1.062007748616852,-0.870710104810087,-1.2603559536803886,-1.2286277458107875,0.0,7.105427357601002e-15,0.0,-0.44095855184409843,-0.4454651972011986,-0.4424625195441246,-0.4529425467679601,0.0,-0.446963964670851
Busia,2019,2,902.55,2614.0,train,0.4175585308165759,-1.274551324271116,-0.5614315574112838,1.4413325173540017,-0.33277532404154136,0.5719281929292593,-0.3486918712913442,-0.4058387250256815,-0.19491657641098933,-1.2603559536803886,-1.2286277458107875,0.0,7.105427357601002e-15,0.0,-0.44095855184409843,-0.4454651972011986,-0.4424625195441246,-0.4529425467679601,0.0,-0.446963964670851
Busia,2019,3,932.01,2547.9,train,0.4175585308165759,-0.9877305845617901,-0.5614315574112838,1.4413325173540017,-0.3735841877419078,1.0659243078237366,-0.3879137779187582,-0.45326020984138277,-0.3422930181974592,-1.2603559536803886,-1.2286277458107875,0.0,7.105427357601002e-15,0.0,-0.44095855184409843,-0.4454651972011986,-0.4424625195441246,-0.4529425467679601,0.0,-0.446963964670851
Busia,2019,4,959.06,2742.55,train,0.4175585308165759,-0.7009098448524642,-0.5614315574112838,1.4413325173540017,-0.06333403051156639,0.7093494190149752,-0.19180424478168848,-0.002498378631266024,-0.09755649181111933,-1.2603559536803886,-1.2286277458107875,0.0,7.105427357601002e-15,0.0,-0.44095855184409843,-0.4454651972011986,-0.4424625195441246,-0.4529425467679601,0.0,-0.446963964670851
Busia,2019,5,1308.37,3322.42,train,0.4175585308165759,-0.4140891051431384,-0.5614315574112838,1.4413325173540017,-0.15040664548668858,0.6676634574153385,0.08274910161020867,1.3381894692561138,0.8290824310276433,-1.2603559536803886,-1.2286277458107875,0.0,7.105427357601002e-15,0.0,-0.44095855184409843,-0.4454651972011986,-0.4424625195441246,-0.4529425467679601,0.0,-0.446963964670851
Busia,2019,6,1265.49,2872.72,train,0.4175585308165759,-0.12726836543381256,-0.5614315574112838,1.4413325173540017,-0.2007752681899115,1.0375154996929723,0.004305288355381218,1.1466994517666247,0.4358240500948352,-1.2603559536803886,-1.2286277458107875,0.0,7.105427357601002e-15,0.0,-0.44095855184409843,-0.4454651972011986,-0.4424625195441246,-0.4529425467679601,0.0,-0.446963964670851
Busia,2019,7,1218.0,2856.45,train,0.4175585308165759,0.15955237427551328,-0.5614315574112838,1.4413325173540017,-0.21955214250376642,0.9973883941686269,-0.03491661827203272,1.8747738789642119,0.9451509240408219,-1.2603559536803886,-1.2286277458107875,0.0,7.105427357601002e-15,0.0,-0.44095855184409843,-0.4454651972011986,-0.4424625195441246,-0.4529425467679601,0.0,-0.446963964670851
Busia,2019,8,1148.72,2926.05,train,0.4175585308165759,0.4463731139848391,-0.5614315574112838,1.4413325173540017,-0.18540427217313246,0.8211301503450154,-0.07413852489944667,1.8124043174131266,0.8607721840542678,-1.2603559536803886,-1.2286277458107875,0.0,7.105427357601002e-15,0.0,-0.44095855184409843,-0.4454651972011986,-0.4424625195441246,-0.4529425467679601,0.0,-0.446963964670851
Busia,2019,9,1206.54,2916.17,train,0.4175585308165759,0.7331938536941649,-0.5614315574112838,1.4413325173540017,-0.4661528075344432,0.5727613746246749,-0.15258233815427455,1.947710184414448,0.877953375454245,-1.2603559536803886,-1.2286277458107875,0.0,7.105427357601002e-15,0.0,-0.44095855184409843,-0.4454651972011986,-0.4424625195441246,-0.4529425467679601,0.0,-0.446963964670851
Busia,2019,10,1135.56,2971.53,train,0.4175585308165759,1.0200145934034908,-0.5614315574112838,1.4413325173540017,-0.4337250085369399,0.8752869605469945,-0.15258233815427455,1.3716937791802506,1.2528851522270776,-1.2603559536803886,-1.2286277458107875,0.0,7.105427357601002e-15,0.0,-0.44095855184409843,-0.4454651972011986,-0.4424625195441246,-0.4529425467679601,0.0,-0.446963964670851
Busia,2019,11,1153.86,2992.1,train,0.4175585308165759,1.3068353331128166,-0.5614315574112838,1.4413325173540017,-0.43386891888752055,0.5699124307629326,-0.19180424478168848,1.7825081639423586,1.055492353254008,-1.2603559536803886,-1.2286277458107875,0.0,7.105427357601002e-15,0.0,-0.44095855184409843,-0.4454651972011986,-0.4424625195441246,-0.4529425467679601,0.0,-0.446963964670851
Busia,2019,12,1169.81,3046.57,train,0.4175585308165759,1.5936560728221425,-0.5614315574112838,1.4413325173540017,-0.41014426966322703,0.5896131463351666,-0.15258233815427455,1.2709231239468854,1.061983025560666,-1.2603559536803886,-1.2286277458107875,0.0,7.105427357601002e-15,0.0,-0.44095855184409843,-0.4454651972011986,-0.4424625195441246,-0.4529425467679601,0.0,-0.446963964670851
Busia,2020,1,1177.63,3081.09,train,0.603120920493231,-1.5613720639804418,-0.5614315574112838,1.4413325173540017,-0.39846011977084667,0.5426593262741952,-0.07413852489944667,1.0830412629107649,0.8951345668542219,-1.2603559536803886,-1.2286277458107875,0.0,7.105427357601002e-15,0.0,-0.44095855184409843,-0.4454651972011986,-0.4424625195441246,-0.4529425467679601,0.0,-0.446963964670851
Busia,2020,2,977.13,3156.29,train,0.603120920493231,-1.274551324271116,-0.5614315574112838,1.4413325173540017,-0.6097205144232215,0.7029258569116142,-0.15258233815427455,-0.11254715045900751,0.40947955661487034,-1.2603559536803886,-1.2286277458107875,0.0,7.105427357601002e-15,0.0,-0.44095855184409843,-0.4454651972011986,-0.4424625195441246,-0.4529425467679601,0.0,-0.446963964670851
Busia,2020,3,1013.95,3136.1,train,0.603120920493231,-0.9877305845617901,-0.5614315574112838,1.4413325173540017,-0.5620450711380078,0.5074506804356874,-0.19180424478168848,-0.09888770102839792,0.4988217518947511,-1.2603559536803886,-1.2286277458107875,0.0,7.105427357601002e-15,0.0,-0.44095855184409843,-0.4454651972011986,-0.4424625195441246,-0.4529425467679601,0.0,-0.446963964670851
Busia,2020,4,1079.55,3636.57,train,0.603120920493231,-0.7009098448524642,-0.5614315574112838,1.4413325173540017,-0.3414990324362632,0.5409929628833647,0.004305288355381218,-0.0017252022484013007,0.8619175968142664,-1.2603559536803886,-1.2286277458107875,0.0,7.105427357601002e-15,0.0,-0.44095855184409843,-0.4454651972011986,-0.4424625195441246,-0.4529425467679601,0.0,-0.446963964670851
Busia,2020,5,1034.93,3791.05,train,0.603120920493231,-0.4140891051431384,-0.5614315574112838,1.4413325173540017,-0.29237763277140555,0.36570228489959045,0.043527194982795156,-0.8640745946034903,0.1559615324018755,-1.2603559536803886,-1.2286277458107875,0.0,7.105427357601002e-15,0.0,-0.44095855184409843,-0.4454651972011986,-0.4424625195441246,-0.4529425467679601,0.0,-0.446963964670851
Busia,2020,6,1002.39,3353.29,train,0.603120920493231,-0.12726836543381256,-0.5614315574112838,1.4413325173540017,-0.16944392900635613,-0.26539253413399133,-0.03491661827203272,-0.8612396145329865,0.2559942467750753,-1.2603559536803886,-1.2286277458107875,0.0,7.105427357601002e-15,0.0,-0.44095855184409843,-0.4454651972011986,-0.4424625195441246,-0.4529425467679601,0.0,-0.446963964670851
Busia,2020,7,880.2,3210.98,train,0.603120920493231,0.15955237427551328,-0.5614315574112838,1.4413325173540017,-0.04082919283028954,-0.18782600597373733,-0.03491661827203272,-1.040101084435686,0.09105480933529551,-1.2603559536803886,-1.2286277458107875,0.0,7.105427357601002e-15,0.0,-0.44095855184409843,-0.4454651972011986,-0.4424625195441246,-0.4529425467679601,0.0,-0.446963964670851
Busia,2020,8,875.35,3342.33,train,0.603120920493231,0.4463731139848391,-0.5614315574112838,1.4413325173540017,-0.23567695464263475,-0.07279317834869048,0.004305288355381218,-0.9388149782804109,0.1605431834418694,-1.2603559536803886,-1.2286277458107875,0.0,7.105427357601002e-15,0.0,-0.44095855184409843,-0.4454651972011986,-0.4424625195441246,-0.4529425467679601,0.0,-0.446963964670851
Busia,2020,9,909.57,3533.5,train,0.603120920493231,0.7331938536941649,-0.5614315574112838,1.4413325173540017,-0.12054867417812519,-0.27229987915727083,0.08274910161020867,-0.9596907406177575,0.425515335254849,-1.2603559536803886,-1.2286277458107875,0.0,7.105427357601002e-15,0.0,-0.44095855184409843,-0.4454651972011986,-0.4424625195441246,-0.4529425467679601,0.0,-0.446963964670851
Busia,2020,10,906.41,3258.04,train,0.603120920493231,1.0200145934034908,-0.5614315574112838,1.4413325173540017,-0.2463331734594392,-0.004069126891390396,0.004305288355381218,-0.8455183614147377,-0.014704968837896588,-1.2603559536803886,-1.2286277458107875,0.0,7.105427357601002e-15,0.0,-0.44095855184409843,-0.4454651972011986,-0.4424625195441246,-0.4529425467679601,0.0,-0.446963964670851
Busia,2020,11,771.91,3004.67,train,0.603120920493231,1.3068353331128166,-0.5614315574112838,1.4413325173540017,-0.01068340082056483,-0.027693859480739897,-0.03491661827203272,-1.178499656968466,-0.36672849041075994,-1.2603559536803886,-1.2286277458107875,0.0,7.105427357601002e-15,0.0,-0.44095855184409843,-0.4454651972011986,-0.4424625195441246,-0.4529425467679601,0.0,-0.446963964670851
Busia,2020,12,831.93,2847.19,test,0.603120920493231,1.5936560728221425,-0.5614315574112838,1.4413325173540017,-0.2736624343220859,-0.03949278736097279,-0.1133604315268606,-1.0697395124454991,-0.6324642507304051,-1.2603559536803886,-1.2286277458107875,0.0,7.105427357601002e-15,0.0,-0.44095855184409843,-0.4454651972011986,-0.4424625195441246,-0.4529425467679601,0.0,-0.446963964670851
Busia,2021,1,788.25,2853.04,train,0.788683310169886,-1.5613720639804418,-0.5614315574112838,1.4413325173540017,-0.28403083243772903,-0.014497336498520504,-0.19180424478168848,-1.1774687551246465,-0.6652994165170278,-1.2603559536803886,-1.2286277458107875,0.0,7.105427357601002e-15,0.0,-0.44095855184409843,-0.4454651972011986,-0.4424625195441246,-0.4529425467679601,0.0,-0.446963964670851
Busia,2021,2,817.12,2822.14,train,0.788683310169886,-1.274551324271116,-0.5614315574112838,1.4413325173540017,-0.24568900331874455,0.39225659183733463,-0.27024805803651636,-0.7475826862518764,-0.7870949733301986,-1.2603559536803886,-1.2286277458107875,0.0,7.105427357601002e-15,0.0,-0.44095855184409843,-0.4454651972011986,-0.4424625195441246,-0.4529425467679601,0.0,-0.446963964670851
Busia,2021,3,834.85,2746.1,train,0.788683310169886,-0.9877305845617901,-0.5614315574112838,1.4413325173540017,-0.12483172032635843,0.5547538992721558,-0.3486918712913442,-0.7805715452541034,-0.8577287601967709,-1.2603559536803886,-1.2286277458107875,0.0,7.105427357601002e-15,0.0,-0.44095855184409843,-0.4454651972011986,-0.4424625195441246,-0.4529425467679601,0.0,-0.446963964670851
Busia,2021,4,719.77,2836.14,train,0.788683310169886,-0.7009098448524642,-0.5614315574112838,1.4413325173540017,-0.004426727007225634,0.10819538735856778,-0.3486918712913442,-1.1844273425704286,-1.223115430636283,-1.2603559536803886,-1.2286277458107875,0.0,7.105427357601002e-15,0.0,-0.44095855184409843,-0.4454651972011986,-0.4424625195441246,-0.4529425467679601,0.0,-0.446963964670851
Busia,2021,5,854.25,2654.73,train,0.788683310169886,-0.4140891051431384,-0.5614315574112838,1.4413325173540017,0.1422590374774666,0.47014564194420055,-0.3094699646639303,-0.7754170360350054,-1.5270316162892106,-1.2603559536803886,-1.2286277458107875,0.0,7.105427357601002e-15,0.0,-0.44095855184409843,-0.4454651972011986,-0.4424625195441246,-0.4529425467679601,0.0,-0.446963964670851
Busia,2021,6,937.14,2413.52,train,0.788683310169886,-0.12726836543381256,-0.5614315574112838,1.4413325173540017,0.5322766461725044,0.15154771234903555,-0.23102615140910243,-0.493207656289392,-1.452961591142643,-1.2603559536803886,-1.2286277458107875,0.0,7.105427357601002e-15,0.0,-0.44095855184409843,-0.4454651972011986,-0.4424625195441246,-0.4529425467679601,0.0,-0.446963964670851
Busia,2021,7,885.39,2302.84,train,0.788683310169886,0.15955237427551328,-0.5614315574112838,1.4413325173540017,0.6561491936532471,-0.0069449475820163985,-0.15258233815427455,-0.31022257901141437,-1.4625066974759635,-1.2603559536803886,-1.2286277458107875,0.0,7.105427357601002e-15,0.0,-0.44095855184409843,-0.4454651972011986,-0.4424625195441246,-0.4529425467679601,0.0,-0.446963964670851
Busia,2021,8,884.79,2308.55,test,0.788683310169886,0.4463731139848391,-0.5614315574112838,1.4413325173540017,0.7354437968231781,0.19930783727653748,-0.1133604315268606,-0.2975940314246243,-1.5636848246091617,-1.2603559536803886,-1.2286277458107875,0.0,7.105427357601002e-15,0.0,-0.44095855184409843,-0.4454651972011986,-0.4424625195441246,-0.4529425467679601,0.0,-0.446963964670851
Busia,2021,9,961.12,2316.45,train,0.788683310169886,0.7331938536941649,-0.5614315574112838,1.4413325173540017,0.9010503459723052,-0.29307566788487865,-0.07413852489944667,-0.1792980448463261,-1.6976981175289827,-1.2603559536803886,-1.2286277458107875,0.0,7.105427357601002e-15,0.0,-0.44095855184409843,-0.4454651972011986,-0.4424625195441246,-0.4529425467679601,0.0,-0.446963964670851
Busia,2021,10,918.04,2091.01,train,0.788683310169886,1.0200145934034908,-0.5614315574112838,1.4413325173540017,0.9534542722051681,-0.10292210352805452,-0.1133604315268606,-0.2924395222055264,-1.7503871044889125,-1.2603559536803886,-1.2286277458107875,0.0,7.105427357601002e-15,0.0,-0.44095855184409843,-0.4454651972011986,-0.4424625195441246,-0.4529425467679601,0.0,-0.446963964670851
Busia,2021,11,1017.37,2157.65,train,0.788683310169886,1.3068353331128166,-0.5614315574112838,1.4413325173540017,0.9178467397472162,0.2518251609165705,0.004305288355381218,0.4941385846288226,-1.4590704591959682,-1.2603559536803886,-1.2286277458107875,0.0,7.105427357601002e-15,0.0,-0.44095855184409843,-0.4454651972011986,-0.4424625195441246,-0.4529425467679601,0.0,-0.446963964670851
Busia,2021,12,1030.04,2160.35,train,0.788683310169886,1.5936560728221425,-0.5614315574112838,1.4413325173540017,0.929900944826804,-0.1511391345465907,0.043527194982795156,0.28821594132585904,-1.3036761280895088,-1.2603559536803886,-1.2286277458107875,0.0,7.105427357601002e-15,0.0,-0.44095855184409843,-0.4454651972011986,-0.4424625195441246,-0.4529425467679601,0.0,-0.446963964670851
Busia,2022,1,1062.07,2122.97,test,0.9742456998465411,-1.5613720639804418,-0.5614315574112838,1.4413325173540017,0.9854503401509301,-0.4075172052744696,-0.03491661827203272,0.5699098701495627,-1.359801353329434,-1.2603559536803886,-1.2286277458107875,0.0,7.105427357601002e-15,0.0,-0.44095855184409843,-0.4454651972011986,-0.4424625195441246,-0.4529425467679601,0.0,-0.446963964670851
Busia,2022,2,1040.9,2441.51,train,0.9742456998465411,-1.274551324271116,-0.5614315574112838,1.4413325173540017,1.2212508760142224,-0.08136688676280043,0.16119291486503654,0.3804816563477126,-0.8978182067967175,-1.2603559536803886,-1.2286277458107875,0.0,7.105427357601002e-15,0.0,-0.44095855184409843,-0.4454651972011986,-0.4424625195441246,-0.4529425467679601,0.0,-0.446963964670851
Busia,2022,3,1050.0,2050.0,train,0.9742456998465411,-0.9877305845617901,-0.5614315574112838,1.4413325173540017,1.7276988112028324,-0.2890710203811095,-0.03491661827203272,0.3387301316730191,-1.3506380512494462,-0.9772867053504499,-0.9181348155492339,0.0,7.105427357601002e-15,0.0,-0.44095855184409843,-0.4454651972011986,-0.4424625195441246,-0.4529425467679601,0.0,-0.446963964670851
Busia,2022,4,1358.0,2317.0,train,0.9742456998465411,-0.7009098448524642,-0.5614315574112838,1.4413325173540017,2.3787218257342855,-0.4768594237961099,0.47496816788434804,1.9598232810793283,-1.0814660526498057,-0.7508313066864989,-0.6076418852876805,0.0,7.105427357601002e-15,0.0,-0.44095855184409843,-0.4454651972011986,-0.4424625195441246,-0.4529425467679601,0.0,-0.446963964670851
Busia,2022,5,1517.0,2683.0,train,0.9742456998465411,-0.4140891051431384,-0.5614315574112838,1.4413325173540017,2.356107342071614,0.19226610810883568,0.8279653275310727,1.6740057448803463,-0.3422930181974592,-0.5243759080225477,-0.3592475410784375,0.0,7.105427357601002e-15,0.0,-0.44095855184409843,-0.4454651972011986,-0.4424625195441246,-0.4529425467679601,0.0,-0.446963964670851
Busia,2022,6,1867.0,2917.0,train,0.9742456998465411,-0.12726836543381256,-0.5614315574112838,1.4413325173540017,2.5843080408494807,-0.4275135659644312,1.0632967672955562,2.2317236423867457,0.4136794034015314,-0.2979205093585972,-0.11085319686919448,0.0,7.105427357601002e-15,0.0,-0.44095855184409843,-0.4454651972011986,-0.4424625195441246,-0.4529425467679601,0.0,-0.446963964670851
Busia,2022,7,1925.0,3550.0,test,0.9742456998465411,0.15955237427551328,-0.5614315574112838,1.4413325173540017,2.5843080408494807,-0.5924566648277284,1.4162939269422818,2.70078398132466,1.6850875669998338,-0.12807896036063413,0.07544256128773695,0.0,7.105427357601002e-15,0.0,-0.44095855184409843,-0.4454651972011986,-0.4424625195441246,-0.4529425467679601,0.0,-0.446963964670851
Busia,2022,8,1717.0,4283.0,test,0.9742456998465411,0.4463731139848391,-0.5614315574112838,1.4413325173540017,2.298543201839359,-0.5713046004957398,1.4162939269422818,2.0987373045340183,2.8828075097049015,0.04176258863732944,0.26173831944466946,0.0,7.105427357601002e-15,0.0,-0.44095855184409843,-0.4454651972011986,-0.4424625195441246,-0.4529425467679601,0.0,-0.446963964670851
Busia,2022,9,1925.0,4450.0,train,0.9742456998465411,0.7331938536941649,-0.5614315574112838,1.4413325173540017,2.1560034260261567,-0.8246724663885711,1.4162939269422818,2.25930026670892,3.1336529041445664,0.211604137635292,0.4480340776016009,0.0,7.105427357601002e-15,0.0,-0.44095855184409843,-0.4454651972011986,-0.4424625195441246,-0.4529425467679601,0.0,-0.446963964670851
Busia,2022,10,1820.0,4040.0,train,0.9742456998465411,1.0200145934034908,-0.5614315574112838,1.4413325173540017,1.8990206571321622,-0.5922147733677694,1.220184393805212,2.2067242726741205,3.1760331762645095,0.38144568663325557,0.572231249706223,0.0,7.105427357601002e-15,0.0,-0.44095855184409843,-0.4454651972011986,-0.4424625195441246,-0.4529425467679601,0.0,-0.446963964670851
Busia,2022,11,1960.0,3700.0,train,0.9742456998465411,1.3068353331128166,-0.5614315574112838,1.4413325173540017,1.6934344420169665,-0.42643849280905666,1.1417405805503842,2.0623980145393777,2.3463725337722843,0.49467338596523064,0.6964284218108439,0.0,7.105427357601002e-15,0.0,-0.44095855184409843,-0.4454651972011986,-0.4424625195441246,-0.4529425467679601,0.0,-0.446963964670851
Busia,2022,12,1612.5,3500.0,train,0.9742456998465411,1.5936560728221425,-0.5614315574112838,1.4413325173540017,1.6420378882381677,-0.5324407059289599,1.1025186739229702,1.1320091004921955,1.9848039058661002,0.6645149349631941,0.820625593915466,0.0,7.105427357601002e-15,0.0,-0.44095855184409843,-0.4454651972011986,-0.4424625195441246,-0.4529425467679601,0.0,-0.446963964670851
Busia,2023,1,1440.0,3920.0,train,1.1598080895231961,-1.5613720639804418,-0.5614315574112838,1.4413325173540017,1.282262011786575,-0.6606431797073418,1.0240748606681422,0.5915588088697741,2.8492087354116133,0.7777426342951692,0.8827241799677764,0.0,7.105427357601002e-15,0.0,-0.44095855184409843,-0.4454651972011986,-0.4424625195441246,-0.4529425467679601,0.0,-0.446963964670851
Busia,2023,2,1633.33,3866.67,train,1.1598080895231961,-1.274551324271116,-0.5614315574112838,1.4413325173540017,1.2137332734148432,-0.9882448469787667,1.0240748606681422,1.1415449425475268,1.8458271576529526,0.9475841832931328,0.9448227660200869,0.0,7.105427357601002e-15,0.0,-0.44095855184409843,-0.4454651972011986,-0.4424625195441246,-0.4529425467679601,0.0,-0.446963964670851
Busia,2023,3,1690.0,3880.0,train,1.1598080895231961,-0.9877305845617901,-0.5614315574112838,1.4413325173540017,1.282262011786575,-0.9055985981593697,1.0240748606681422,1.2454083033123506,3.025602300451377,0.9475841832931328,0.9448227660200869,0.0,7.105427357601002e-15,0.0,-0.44095855184409843,-0.4454651972011986,-0.4424625195441246,-0.4529425467679601,0.0,-0.446963964670851
Busia,2023,4,1750.0,4050.0,train,1.1598080895231961,-0.7009098448524642,-0.5614315574112838,1.4413325173540017,1.0424114274855136,-0.7890337912879141,1.0240748606681422,0.4186250245690375,2.472749741625449,0.9475841832931328,0.9448227660200869,0.0,7.105427357601002e-15,0.0,-0.44095855184409843,-0.4454651972011986,-0.4424625195441246,-0.4529425467679601,0.0,-0.446963964670851
Busia,2023,5,1742.27,4002.8,test,1.1598080895231961,-0.4140891051431384,-0.5614315574112838,1.4413325173540017,0.9214513513855694,-0.9494615828986397,1.1025186739229702,0.057293928310270345,1.4953308530934204,0.7777426342951692,0.8827241799677764,0.0,7.105427357601002e-15,0.0,-0.44095855184409843,-0.4454651972011986,-0.4424625195441246,-0.4529425467679601,0.0,-0.446963964670851
Busia,2023,6,1833.0,3933.0,train,1.1598080895231961,-0.12726836543381256,-0.5614315574112838,1.4413325173540017,0.5284458896975244,-1.1782909040200529,1.1025186739229702,-0.3723344151015448,0.9470599453074858,0.7777426342951692,0.8827241799677764,0.0,7.105427357601002e-15,0.0,-0.44095855184409843,-0.4454651972011986,-0.4424625195441246,-0.4529425467679601,0.0,-0.446963964670851
Busia,2023,7,1659.83,4140.0,train,1.1598080895231961,0.15955237427551328,-0.5614315574112838,1.4413325173540017,0.342452040882807,-0.9693504362730634,0.9064091407859005,-0.680316340942648,0.2517943999884143,0.7777426342951692,0.8827241799677764,0.0,7.105427357601002e-15,0.0,-0.44095855184409843,-0.4454651972011986,-0.4424625195441246,-0.4529425467679601,0.0,-0.446963964670851
Busia,2023,8,1506.4,4240.0,train,1.1598080895231961,0.4463731139848391,-0.5614315574112838,1.4413325173540017,0.1185480940008471,-1.2139027022918256,0.6710777010214177,-0.6416575217994134,-0.4209446943840209,0.7777426342951692,0.8827241799677764,0.0,7.105427357601002e-15,0.0,-0.44095855184409843,-0.4454651972011986,-0.4424625195441246,-0.4529425467679601,0.0,-0.446963964670851
Busia,2023,9,1365.54,4050.0,train,1.1598080895231961,0.7331938536941649,-0.5614315574112838,1.4413325173540017,-0.08958053730793983,-0.939302141580353,0.3965243546295202,-1.0743785707426872,-0.726006292796947,0.7777426342951692,0.8827241799677764,0.0,7.105427357601002e-15,0.0,-0.44095855184409843,-0.4454651972011986,-0.4424625195441246,-0.4529425467679601,0.0,-0.446963964670851
Busia,2023,10,1238.0,3686.82,train,1.1598080895231961,1.0200145934034908,-0.5614315574112838,1.4413325173540017,-0.25963460157739227,-1.182725580785972,0.16119291486503654,-1.1496344053415175,-0.7164611864636263,0.7777426342951692,0.8827241799677764,0.0,7.105427357601002e-15,0.0,-0.44095855184409843,-0.4454651972011986,-0.4424625195441246,-0.4529425467679601,0.0,-0.446963964670851
Busia,2023,11,1060.0,3420.0,train,1.1598080895231961,1.3068353331128166,-0.5614315574112838,1.4413325173540017,-0.4906107142593147,-1.5367471708507194,-0.07413852489944667,-1.5089036979126453,-0.671790088823686,0.7777426342951692,0.8827241799677764,0.0,7.105427357601002e-15,0.0,-0.44095855184409843,-0.4454651972011986,-0.4424625195441246,-0.4529425467679601,0.0,-0.446963964670851
Busia,2023,12,1000.0,3250.0,train,1.1598080895231961,1.5936560728221425,-0.5614315574112838,1.4413325173540017,-0.5814112926018594,-1.7542344701829347,-0.23102615140910243,-1.3042696819144561,-0.6553725059303745,0.7777426342951692,0.8827241799677764,0.0,7.105427357601002e-15,0.0,-0.44095855184409843,-0.4454651972011986,-0.4424625195441246,-0.4529425467679601,0.0,-0.446963964670851
Busia,2024,1,944.0,3180.0,test,1.3453704791998513,-1.5613720639804418,-0.5614315574112838,1.4413325173540017,-0.824496433354067,-1.2539491773295175,-0.19180424478168848,-1.2130348687364223,-1.1036106993431094,0.7777426342951692,0.8827241799677764,0.0,7.105427357601002e-15,0.0,-0.44095855184409843,-0.4454651972011986,-0.4424625195441246,-0.4529425467679601,0.0,-0.446963964670851
Busia,2024,2,800.0,3000.0,train,1.3453704791998513,-1.274551324271116,-0.5614315574112838,1.4413325173540017,-0.8061444372181167,-1.773935185755168,-0.4271356845461717,-1.6403436829996436,-1.2383876007695962,0.7777426342951692,0.8827241799677764,0.0,7.105427357601002e-15,0.0,-0.44095855184409843,-0.4454651972011986,-0.4424625195441246,-0.4529425467679601,0.0,-0.446963964670851
Busia,2024,3,875.0,2900.0,train,1.3453704791998513,-0.9877305845617901,-0.5614315574112838,1.4413325173540017,-0.6223572137789692,-1.7194827304354612,-0.4271356845461717,-1.568180553932272,-1.3472018129694507,0.7777426342951692,0.8827241799677764,0.0,7.105427357601002e-15,0.0,-0.44095855184409843,-0.4454651972011986,-0.4424625195441246,-0.4529425467679601,0.0,-0.446963964670851
Busia,2024,4,913.0,3000.0,train,1.3453704791998513,-0.7009098448524642,-0.5614315574112838,1.4413325173540017,-0.4883835302622334,-1.4459841197082468,-0.3486918712913442,-1.5581292609550308,-1.37278269794275,0.7777426342951692,0.8827241799677764,0.0,7.105427357601002e-15,0.0,-0.44095855184409843,-0.4454651972011986,-0.4424625195441246,-0.4529425467679601,0.0,-0.446963964670851
Busia,2024,5,910.0,3580.0,test,1.3453704791998513,-0.4140891051431384,-0.5614315574112838,1.4413325173540017,-0.25783229575821565,-1.5990476602046586,-0.23102615140910243,-1.5565829081893017,-0.7859495605702003,0.9475841832931328,0.9448227660200869,0.0,7.105427357601002e-15,0.0,-0.44095855184409843,-0.4454651972011986,-0.4424625195441246,-0.4529425467679601,0.0,-0.446963964670851
Busia,2024,6,872.0,3480.0,train,1.3453704791998513,-0.12726836543381256,-0.5614315574112838,1.4413325173540017,-0.04500259299712811,-1.4331369955015243,-0.27024805803651636,-1.6766829729942843,-0.8226027688901513,0.9475841832931328,0.9448227660200869,0.0,7.105427357601002e-15,0.0,-0.44095855184409843,-0.4454651972011986,-0.4424625195441246,-0.4529425467679601,0.0,-0.446963964670851
Busia,2024,7,870.0,3480.0,test,1.3453704791998513,0.15955237427551328,-0.5614315574112838,1.4413325173540017,-0.02967271422337176,-1.3329670542495267,-0.19180424478168848,-1.5519438498921134,-0.9913602488632591,0.9475841832931328,0.9448227660200869,0.0,7.105427357601002e-15,0.0,-0.44095855184409843,-0.4454651972011986,-0.4424625195441246,-0.4529425467679601,0.0,-0.446963964670851
Busia,2024,8,868.0,3511.0,train,1.3453704791998513,0.4463731139848391,-0.5614315574112838,1.4413325173540017,0.0018505054276249067,-1.3168947105766813,-0.15258233815427455,-1.4176688847346115,-1.0390857805298623,0.9475841832931328,0.9448227660200869,0.0,7.105427357601002e-15,0.0,-0.44095855184409843,-0.4454651972011986,-0.4424625195441246,-0.4529425467679601,0.0,-0.446963964670851
Busia,2024,9,920.0,3575.0,train,1.3453704791998513,0.7331938536941649,-0.5614315574112838,1.4413325173540017,0.15153782865299906,-1.1212313962985634,-0.03491661827203272,-1.166386560303586,-0.8306206582101405,0.9475841832931328,0.9448227660200869,0.0,7.105427357601002e-15,0.0,-0.44095855184409843,-0.4454651972011986,-0.4424625195441246,-0.4529425467679601,0.0,-0.446963964670851
Busia,2024,10,1058.0,3160.0,train,1.3453704791998513,1.0200145934034908,-0.5614315574112838,1.4413325173540017,0.185802197838865,-1.2599695869996135,-0.07413852489944667,-0.7001612014361751,-0.9283625470633433,0.9475841832931328,0.9448227660200869,0.0,7.105427357601002e-15,0.0,-0.44095855184409843,-0.4454651972011986,-0.4424625195441246,-0.4529425467679601,0.0,-0.446963964670851
Busia,2024,11,1175.0,2850.0,train,1.3453704791998513,1.3068353331128166,-0.5614315574112838,1.4413325173540017,0.185802197838865,-1.372341608565109,0.004305288355381218,-0.0457962560716889,-1.0192319593565555,0.9475841832931328,0.9448227660200869,0.0,7.105427357601002e-15,0.0,-0.44095855184409843,-0.4454651972011986,-0.4424625195441246,-0.4529425467679601,0.0,-0.446963964670851
Busia,2024,12,1100.0,3225.0,train,1.3453704791998513,1.5936560728221425,-0.5614315574112838,1.4413325173540017,0.6141068126621892,-0.864530803624072,0.23963672811986442,-0.06770292025285522,-0.41216319655736594,0.9475841832931328,0.9448227660200869,0.0,7.105427357601002e-15,0.0,-0.44095855184409843,-0.4454651972011986,-0.4424625195441246,-0.4529425467679601,0.0,-0.446963964670851
Busia,2025,1,1070.0,3580.0,train,1.5309328688765063,-1.5613720639804418,-0.5614315574112838,1.4413325173540017,1.1452045350431115,-0.21588541532900593,0.4357462612569341,0.01863510916703563,0.09754548164195352,0.9475841832931328,0.9448227660200869,0.0,7.105427357601002e-15,0.0,-0.44095855184409843,-0.4454651972011986,-0.4424625195441246,-0.4529425467679601,0.0,-0.446963964670851
Busia,2025,2,1115.0,3218.0,train,1.5309328688765063,-1.274551324271116,-0.5614315574112838,1.4413325173540017,0.7548374297823777,-0.6372872154068356,0.23963672811986442,0.6894944840326355,-0.1051925768777758,0.9475841832931328,0.9448227660200869,0.0,7.105427357601002e-15,0.0,-0.44095855184409843,-0.4454651972011986,-0.4424625195441246,-0.4529425467679601,0.0,-0.446963964670851
Busia,2025,3,1131.0,3265.0,train,1.5309328688765063,-0.9877305845617901,-0.5614315574112838,1.4413325173540017,0.718955782370939,-0.4976083356948334,0.27885863474727834,0.4286763175462785,0.09792728589528633,0.9475841832931328,0.9448227660200869,0.0,7.105427357601002e-15,0.0,-0.44095855184409843,-0.4454651972011986,-0.4424625195441246,-0.4529425467679601,0.0,-0.446963964670851
Busia,2025,4,1500.0,3267.0,train,1.5309328688765063,-0.7009098448524642,-0.5614315574112838,1.4413325173540017,0.5284458896975244,-0.44767118762769875,0.514190074511762,1.3314886072712868,-0.04295848358452554,0.9475841832931328,0.9448227660200869,0.0,7.105427357601002e-15,0.0,-0.44095855184409843,-0.4454651972011986,-0.4424625195441246,-0.4529425467679601,0.0,-0.446963964670851
Busia,2025,5,1480.0,3108.41,test,1.5309328688765063,-0.4140891051431384,-0.5614315574112838,1.4413325173540017,1.0424114274855136,-0.8031710032810857,0.5926338877665899,1.2889639062137284,-0.8856004706900672,0.9475841832931328,0.9448227660200869,0.0,7.105427357601002e-15,0.0,-0.44095855184409843,-0.4454651972011986,-0.4424625195441246,-0.4529425467679601,0.0,-0.446963964670851
Busia,2025,6,1531.0,2956.65,train,1.5309328688765063,-0.12726836543381256,-0.5614315574112838,1.4413325173540017,0.785428658591519,-0.26848336945569196,0.6318557943940039,1.6222029272284115,-0.9569978660633052,0.9475841832931328,0.9448227660200869,0.0,7.105427357601002e-15,0.0,-0.44095855184409843,-0.4454651972011986,-0.4424625195441246,-0.4529425467679601,0.0,-0.446963964670851
Busia,2025,7,1270.0,2814.18,test,1.5309328688765063,0.15955237427551328,-0.5614315574112838,1.4413325173540017,0.802560843184452,-0.32178012113337184,0.5534119811391759,0.8595932882628681,-1.11315580567643,0.9475841832931328,0.9448227660200869,0.0,7.105427357601002e-15,0.0,-0.44095855184409843,-0.4454651972011986,-0.4424625195441246,-0.4529425467679601,0.0,-0.446963964670851
Busia,2025,8,1235.68,2675.0,train,1.5309328688765063,0.4463731139848391,-0.5614315574112838,1.4413325173540017,0.785428658591519,-0.23222652729069465,0.27885863474727834,0.766296671397195,-1.2918401962361912,0.9475841832931328,0.9448227660200869,0.0,7.105427357601002e-15,0.0,-0.44095855184409843,-0.4454651972011986,-0.4424625195441246,-0.4529425467679601,0.0,-0.446963964670851
Busia,2025,9,1081.0,2663.0,train,1.5309328688765063,0.7331938536941649,-0.5614315574112838,1.4413325173540017,0.8710895815561839,0.05465674422092951,0.23963672811986442,0.12559117546331836,-1.3567469193027712,0.9475841832931328,0.9448227660200869,0.0,7.105427357601002e-15,0.0,-0.44095855184409843,-0.4454651972011986,-0.4424625195441246,-0.4529425467679601,0.0,-0.446963964670851
Busia,2025,10,1135.0,2540.0,train,1.5309328688765063,1.0200145934034908,-0.5614315574112838,1.4413325173540017,0.6997677356268541,-0.41969240875908315,0.08274910161020867,-0.1378042456325875,-1.1318642140897384,0.9475841832931328,0.9448227660200869,0.0,7.105427357601002e-15,0.0,-0.44095855184409843,-0.4454651972011986,-0.4424625195441246,-0.4529425467679601,0.0,-0.446963964670851
Busia,2025,11,1100.0,2288.0,train,1.5309328688765063,1.3068353331128166,-0.5614315574112838,1.4413325173540017,0.48595807190705065,-0.10507224983880294,0.004305288355381218,-0.48985722529697834,-1.1356822566230664,0.9475841832931328,0.9448227660200869,0.0,7.105427357601002e-15,0.0,-0.44095855184409843,-0.4454651972011986,-0.4424625195441246,-0.4529425467679601,0.0,-0.446963964670851
Busia,2025,12,1250.0,2575.0,train,1.5309328688765063,1.5936560728221425,-0.5614315574112838,1.4413325173540017,0.6997677356268541,0.2874638360172275,0.3180805413746923,0.026109147534727695,-1.1524816437697107,0.9475841832931328,0.9448227660200869,0.0,7.105427357601002e-15,0.0,-0.44095855184409843,-0.4454651972011986,-0.4424625195441246,-0.4529425467679601,0.0,-0.446963964670851
Busia,2026,1,1207.44,2886.76,train,1.7164952585531614,-1.5613720639804418,-0.5614315574112838,1.4413325173540017,1.016267713796698,-0.04398121778465995,0.514190074511762,0.0057488361192907225,-1.1219373035030848,0.7777426342951692,0.8827241799677764,0.0,7.105427357601002e-15,0.0,-0.44095855184409843,-0.4454651972011986,-0.4424625195441246,-0.4529425467679601,0.0,-0.446963964670851
Busia,2026,2,1259.0,2805.06,train,1.7164952585531614,-1.274551324271116,-0.5614315574112838,1.4413325173540017,1.3055686357068013,-0.010062659732602003,0.5534119811391759,0.007552914345975017,-0.8726191260767511,0.6645149349631941,0.820625593915466,0.0,7.105427357601002e-15,0.0,-0.44095855184409843,-0.4454651972011986,-0.4424625195441246,-0.4529425467679601,0.0,-0.446963964670851
Busia,2026,3,1279.9,2984.53,test,1.7164952585531614,-0.9877305845617901,-0.5614315574112838,1.4413325173540017,1.6847381451175933,0.09112860101700147,0.7102996076488317,0.01399605086984747,-0.7107341226636339,0.49467338596523064,0.6964284218108439,0.0,7.105427357601002e-15,0.0,-0.44095855184409843,-0.4454651972011986,-0.4424625195441246,-0.4529425467679601,0.0,-0.446963964670851
Busia,2026,4,1537.38,2971.84,train,1.7164952585531614,-0.7009098448524642,-0.5614315574112838,1.4413325173540017,1.3362009817589653,0.7012326166918995,0.7887434209036596,-0.26125474142998373,-0.7275335098102782,0.38144568663325557,0.572231249706223,0.0,7.105427357601002e-15,0.0,-0.44095855184409843,-0.4454651972011986,-0.4424625195441246,-0.4529425467679601,0.0,-0.446963964670851
Busia,2026,5,1291.94,2933.77,test,1.7164952585531614,-0.4140891051431384,-0.5614315574112838,1.4413325173540017,1.2003496108108442,0.16533552556671025,0.5926338877665899,-0.6529974420814288,-0.5973382594237854,0.211604137635292,0.4480340776016009,0.0,7.105427357601002e-15,0.0,-0.44095855184409843,-0.4454651972011986,-0.4424625195441246,-0.4529425467679601,0.0,-0.446963964670851
Busia,2026,6,1479.87,2985.76,test,1.7164952585531614,-0.12726836543381256,-0.5614315574112838,1.4413325173540017,1.0101001273432422,0.30326741140122965,0.6710777010214177,-0.4115086851666893,-0.3453474522241218,0.04176258863732944,0.26173831944466946,0.0,7.105427357601002e-15,0.0,-0.44095855184409843,-0.4454651972011986,-0.4424625195441246,-0.4529425467679601,0.0,-0.446963964670851
Busia,2026,7,1327.49,2878.23,train,1.7164952585531614,0.15955237427551328,-0.5614315574112838,1.4413325173540017,0.7928229094618289,0.1940131019863191,0.514190074511762,-0.20867874739518452,-0.29571289929085476,-0.12807896036063413,0.07544256128773695,0.0,7.105427357601002e-15,0.0,-0.44095855184409843,-0.4454651972011986,-0.4424625195441246,-0.4529425467679601,0.0,-0.446963964670851
Busia,2026,8,1359.49,2908.68,train,1.7164952585531614,0.4463731139848391,-0.5614315574112838,1.4413325173540017,0.8537518107481356,0.2683812875093345,0.514190074511762,-0.06718746933094544,-0.04906735163785072,-0.2979205093585972,-0.11085319686919448,0.0,7.105427357601002e-15,0.0,-0.44095855184409843,-0.4454651972011986,-0.4424625195441246,-0.4529425467679601,0.0,-0.446963964670851
Gulu,2008,1,665.8,1504.05,train,-1.6236277556266299,-1.5613720639804418,1.4406735074910715,-0.10154703463691121,-2.054861402080141,-1.7956247866648436,-1.564570976741175,-0.041672648696410526,0.11625389005526188,-1.2603559536803886,-1.2286277458107875,0.0,7.105427357601002e-15,0.0,2.267786838055363,-0.4454651972011986,-0.4424625195441246,-0.4529425467679601,0.0,-0.446963964670851
Gulu,2008,2,641.44,1553.9,train,-1.6236277556266299,-1.274551324271116,1.4406735074910715,-0.10154703463691121,-2.0575888458673357,-1.8389233579975428,-1.525349070113761,-0.1143512286856918,0.008203286362072812,-1.2603559536803886,-1.2286277458107875,0.0,7.105427357601002e-15,0.0,2.267786838055363,-0.4454651972011986,-0.4424625195441246,-0.4529425467679601,0.0,-0.446963964670851
Gulu,2008,3,721.73,1634.31,train,-1.6236277556266299,-0.9877305845617901,1.4406735074910715,-0.10154703463691121,-2.058740128671981,-1.7536431799474788,-1.486127163486347,0.06579886852178199,0.06051046906866961,-1.2603559536803886,-1.2286277458107875,0.0,7.105427357601002e-15,0.0,2.267786838055363,-0.4454651972011986,-0.4424625195441246,-0.4529425467679601,0.0,-0.446963964670851
Gulu,2008,4,718.65,1742.57,train,-1.6236277556266299,-0.7009098448524642,1.4406735074910715,-0.10154703463691121,-2.078325642098622,-1.7794180588475765,-1.4469052568589333,0.10548858950883627,0.20445067257514415,-1.2603559536803886,-1.2286277458107875,0.0,7.105427357601002e-15,0.0,2.267786838055363,-0.4454651972011986,-0.4424625195441246,-0.4529425467679601,0.0,-0.446963964670851
Gulu,2008,5,774.06,1857.04,train,-1.6236277556266299,-0.4140891051431384,1.4406735074910715,-0.10154703463691121,-1.9876963856020065,-1.6063850344900874,-1.3684614436041058,0.17198175843520003,0.25332161700174555,-1.2603559536803886,-1.2286277458107875,0.0,7.105427357601002e-15,0.0,2.267786838055363,-0.4454651972011986,-0.4424625195441246,-0.4529425467679601,0.0,-0.446963964670851
Gulu,2008,6,719.52,1677.33,train,-1.6236277556266299,-0.12726836543381256,1.4406735074910715,-0.10154703463691121,-2.030855785028523,-1.5809864311943709,-1.4469052568589333,0.2864118630991747,0.2663029616150615,-1.2603559536803886,-1.2286277458107875,0.0,7.105427357601002e-15,0.0,2.267786838055363,-0.4454651972011986,-0.4424625195441246,-0.4529425467679601,0.0,-0.446963964670851
Gulu,2008,7,734.19,1735.52,train,-1.6236277556266299,0.15955237427551328,1.4406735074910715,-0.10154703463691121,-2.026175272197734,-1.6299560134216688,-1.4469052568589333,0.21296010672702884,0.4839313860147709,-1.2603559536803886,-1.2286277458107875,0.0,7.105427357601002e-15,0.0,2.267786838055363,-0.4454651972011986,-0.4424625195441246,-0.4529425467679601,0.0,-0.446963964670851
Gulu,2008,8,720.07,1787.16,test,-1.6236277556266299,0.4463731139848391,1.4406735074910715,-0.10154703463691121,-2.014929706230933,-1.6573972557125967,-1.4076833502315194,0.2936281760059119,0.6145084406545966,-1.2603559536803886,-1.2286277458107875,0.0,7.105427357601002e-15,0.0,2.267786838055363,-0.4454651972011986,-0.4424625195441246,-0.4529425467679601,0.0,-0.446963964670851
Gulu,2008,9,673.71,2083.67,train,-1.6236277556266299,0.7331938536941649,1.4406735074910715,-0.10154703463691121,-1.988594112074676,-1.6390672584134656,-1.3292395369766918,0.11141627511079893,1.2036324035471433,-1.2603559536803886,-1.2286277458107875,0.0,7.105427357601002e-15,0.0,2.267786838055363,-0.4454651972011986,-0.4424625195441246,-0.4529425467679601,0.0,-0.446963964670851
Gulu,2008,10,712.2,2196.52,test,-1.6236277556266299,1.0200145934034908,1.4406735074910715,-0.10154703463691121,-1.9214153898488675,-1.7222241669816656,-1.2900176303492779,0.43537717953110583,1.6808877202131727,-1.2603559536803886,-1.2286277458107875,0.0,7.105427357601002e-15,0.0,2.267786838055363,-0.4454651972011986,-0.4424625195441246,-0.4529425467679601,0.0,-0.446963964670851
Gulu,2008,11,768.73,2049.05,train,-1.6236277556266299,1.3068353331128166,1.4406735074910715,-0.10154703463691121,-1.7494356680311691,-1.3461635772317455,-1.2115738170944501,0.46630423484569367,1.5109848274800664,-1.2603559536803886,-1.2286277458107875,0.0,7.105427357601002e-15,0.0,2.267786838055363,-0.4454651972011986,-0.4424625195441246,-0.4529425467679601,0.0,-0.446963964670851
Gulu,2008,12,742.26,1962.44,train,-1.6236277556266299,1.5936560728221425,1.4406735074910715,-0.10154703463691121,-1.7532938360014976,-1.4434845746220013,-1.2507957237218639,0.3523895811036287,1.3422273475069584,-1.2603559536803886,-1.2286277458107875,0.0,7.105427357601002e-15,0.0,2.267786838055363,-0.4454651972011986,-0.4424625195441246,-0.4529425467679601,0.0,-0.446963964670851
Gulu,2009,1,808.68,2175.53,train,-1.438065365949975,-1.5613720639804418,1.4406735074910715,-0.10154703463691121,-1.6670915360036962,-1.4226012785788562,-1.1331300038396221,0.22765045800145803,1.3216099178269858,-1.2603559536803886,-1.2286277458107875,0.0,7.105427357601002e-15,0.0,2.267786838055363,-0.4454651972011986,-0.4424625195441246,-0.4529425467679601,0.0,-0.446963964670851
Gulu,2009,2,707.29,2237.7,test,-1.438065365949975,-1.274551324271116,1.4406735074910715,-0.10154703463691121,-1.7393756492381989,-1.409189740965562,-1.0939080972122082,-0.06074433280707299,1.297556249867018,-1.2603559536803886,-1.2286277458107875,0.0,7.105427357601002e-15,0.0,2.267786838055363,-0.4454651972011986,-0.4424625195441246,-0.4529425467679601,0.0,-0.446963964670851
Gulu,2009,3,849.71,2174.9,train,-1.438065365949975,-0.9877305845617901,1.4406735074910715,-0.10154703463691121,-1.634238858828288,-1.267387591771696,-1.0546861905847942,0.13151886106528102,0.8802442009742417,-1.2603559536803886,-1.2286277458107875,0.0,7.105427357601002e-15,0.0,2.267786838055363,-0.4454651972011986,-0.4424625195441246,-0.4529425467679601,0.0,-0.446963964670851
Gulu,2009,4,805.94,2090.85,test,-1.438065365949975,-0.7009098448524642,1.4406735074910715,-0.10154703463691121,-1.450807984828673,-0.8355307052578511,-0.9370204707025525,-0.012291946147552127,0.3804624333615757,-1.2603559536803886,-1.2286277458107875,0.0,7.105427357601002e-15,0.0,2.267786838055363,-0.4454651972011986,-0.4424625195441246,-0.4529425467679601,0.0,-0.446963964670851
Gulu,2009,5,892.7,2462.82,test,-1.438065365949975,-0.4140891051431384,1.4406735074910715,-0.10154703463691121,-1.2778688606737707,-0.4139945210355998,-0.7016890309380692,0.06966475043610547,0.8626812053209318,-1.2603559536803886,-1.2286277458107875,0.0,7.105427357601002e-15,0.0,2.267786838055363,-0.4454651972011986,-0.4424625195441246,-0.4529425467679601,0.0,-0.446963964670851
Gulu,2009,6,972.34,2596.72,train,-1.438065365949975,-0.12726836543381256,1.4406735074910715,-0.10154703463691121,-1.3039440456242142,-0.3964708286029992,-0.6624671243106554,0.5802188885877587,1.7099048434664674,-1.2603559536803886,-1.2286277458107875,0.0,7.105427357601002e-15,0.0,2.267786838055363,-0.4454651972011986,-0.4424625195441246,-0.4529425467679601,0.0,-0.446963964670851
Gulu,2009,7,827.87,2122.52,train,-1.438065365949975,0.15955237427551328,1.4406735074910715,-0.10154703463691121,-1.2964401487725097,-0.39370251522791055,-0.858576657447725,0.0034293069706966433,0.46865921588145804,-1.2603559536803886,-1.2286277458107875,0.0,7.105427357601002e-15,0.0,2.267786838055363,-0.4454651972011986,-0.4424625195441246,-0.4529425467679601,0.0,-0.446963964670851
Gulu,2009,8,758.23,2359.51,test,-1.438065365949975,0.4463731139848391,1.4406735074910715,-0.10154703463691121,-1.3804426762685786,-0.6169952095991463,-0.858576657447725,-0.18883388690165734,0.8401547543742954,-1.2603559536803886,-1.2286277458107875,0.0,7.105427357601002e-15,0.0,2.267786838055363,-0.4454651972011986,-0.4424625195441246,-0.4529425467679601,0.0,-0.446963964670851
Gulu,2009,9,796.77,2664.03,test,-1.438065365949975,0.7331938536941649,1.4406735074910715,-0.10154703463691121,-1.4482038927705472,-0.7263032726718256,-0.7409109375654832,0.14543603595684548,0.6805605764811752,-1.2603559536803886,-1.2286277458107875,0.0,7.105427357601002e-15,0.0,2.267786838055363,-0.4454651972011986,-0.4424625195441246,-0.4529425467679601,0.0,-0.446963964670851
Gulu,2009,10,795.82,2394.21,train,-1.438065365949975,1.0200145934034908,1.4406735074910715,-0.10154703463691121,-1.429440724204367,-0.7859429559662128,-0.858576657447725,-0.02285869004670295,-0.039140441051197315,-1.2603559536803886,-1.2286277458107875,0.0,7.105427357601002e-15,0.0,2.267786838055363,-0.4454651972011986,-0.4424625195441246,-0.4529425467679601,0.0,-0.446963964670851
Gulu,2009,11,853.41,2283.89,train,-1.438065365949975,1.3068353331128166,1.4406735074910715,-0.10154703463691121,-1.5104348400859169,-0.7876899498436962,-0.8977985640751389,-0.041414923235455633,0.05478340526867731,-1.2603559536803886,-1.2286277458107875,0.0,7.105427357601002e-15,0.0,2.267786838055363,-0.4454651972011986,-0.4424625195441246,-0.4529425467679601,0.0,-0.446963964670851
Gulu,2009,12,760.28,1928.21,test,-1.438065365949975,1.5936560728221425,1.4406735074910715,-0.10154703463691121,-1.446312499591487,-0.6390879629420877,-0.9762423773299664,-0.2628010941957131,-0.44919820913064984,-1.2603559536803886,-1.2286277458107875,0.0,7.105427357601002e-15,0.0,2.267786838055363,-0.4454651972011986,-0.4424625195441246,-0.4529425467679601,0.0,-0.446963964670851
Gulu,2010,1,790.76,2055.39,train,-1.2525029762733197,-1.5613720639804418,1.4406735074910715,-0.10154703463691121,-1.4118973671812038,-0.5205073939043053,-0.8977985640751389,-0.38264343353974073,-0.5935202168904571,-1.0339005550164375,-1.166529159758477,0.0,7.105427357601002e-15,0.0,2.267786838055363,-0.4454651972011986,-0.4424625195441246,-0.4529425467679601,0.0,-0.446963964670851
Gulu,2010,2,716.77,2151.69,train,-1.2525029762733197,-1.274551324271116,1.4406735074910715,-0.10154703463691121,-1.5007928465970144,-1.0109826442149321,-0.9762423773299664,-0.290893169439797,-0.5293771023305428,-0.8640590060184744,-1.166529159758477,0.0,7.105427357601002e-15,0.0,2.267786838055363,-0.4454651972011986,-0.4424625195441246,-0.4529425467679601,0.0,-0.446963964670851
Gulu,2010,3,849.99,2114.84,train,-1.2525029762733197,-0.9877305845617901,1.4406735074910715,-0.10154703463691121,-1.466322891196033,-0.9667702607001657,-1.0154642839573804,-0.32465520482488863,-0.48814224297059783,-0.6942174570205113,-1.104430573706166,0.0,7.105427357601002e-15,0.0,2.267786838055363,-0.4454651972011986,-0.4424625195441246,-0.4529425467679601,0.0,-0.446963964670851
Gulu,2010,4,865.61,2212.08,train,-1.2525029762733197,-0.7009098448524642,1.4406735074910715,-0.10154703463691121,-1.5725561414198919,-0.9580352913127497,-0.9370204707025525,-0.13471154010112874,-0.16131780211770086,-0.5243759080225477,-1.0423319876538555,0.0,7.105427357601002e-15,0.0,2.267786838055363,-0.4454651972011986,-0.4424625195441246,-0.4529425467679601,0.0,-0.446963964670851
Gulu,2010,5,939.53,2567.87,train,-1.2525029762733197,-0.4140891051431384,1.4406735074910715,-0.10154703463691121,-1.5788265209809054,-1.2232827155724662,-0.8977985640751389,-0.19012251420643184,-0.21973385287762287,-0.2979205093585972,-1.0423319876538555,0.0,7.105427357601002e-15,0.0,2.267786838055363,-0.4454651972011986,-0.4424625195441246,-0.4529425467679601,0.0,-0.446963964670851
Gulu,2010,6,943.41,2507.67,train,-1.2525029762733197,-0.12726836543381256,1.4406735074910715,-0.10154703463691121,-1.5795460727338086,-1.4109098580141612,-1.0154642839573804,-0.402230568572313,-0.513723127943897,-0.12807896036063413,-0.9802334016015445,0.0,7.105427357601002e-15,0.0,2.267786838055363,-0.4454651972011986,-0.4424625195441246,-0.4529425467679601,0.0,-0.446963964670851
Gulu,2010,7,753.3,1970.04,test,-1.2525029762733197,0.15955237427551328,1.4406735074910715,-0.10154703463691121,-1.7981733067611447,-1.5336025818712495,-1.2507957237218639,-0.5576390215281165,-0.6568997229437058,0.04176258863732944,-0.9181348155492339,0.0,7.105427357601002e-15,0.0,2.267786838055363,-0.4454651972011986,-0.4424625195441246,-0.4529425467679601,0.0,-0.446963964670851
Gulu,2010,8,681.94,2187.05,train,-1.2525029762733197,0.4463731139848391,1.4406735074910715,-0.10154703463691121,-1.9031113638297779,-1.8071280694273484,-1.2507957237218639,-0.5847001949283809,-0.6618631782370324,0.26821798730128055,-0.9181348155492339,0.0,7.105427357601002e-15,0.0,2.267786838055363,-0.4454651972011986,-0.4424625195441246,-0.4529425467679601,0.0,-0.446963964670851
Gulu,2010,9,531.75,2099.18,train,-1.2525029762733197,0.7331938536941649,1.4406735074910715,-0.10154703463691121,-1.9457156804754836,-1.8293014532569427,-1.4076833502315194,-1.1826232643437444,-1.1921892861163244,0.4380595362992431,-0.8560362294969235,0.0,7.105427357601002e-15,0.0,2.267786838055363,-0.4454651972011986,-0.4424625195441246,-0.4529425467679601,0.0,-0.446963964670851
Gulu,2010,10,508.21,1918.67,train,-1.2525029762733197,1.0200145934034908,1.4406735074910715,-0.10154703463691121,-1.9493751151045338,-1.7504717141391244,-1.4469052568589333,-1.256848197098755,-1.141027516169726,0.6079010852972067,-0.7939376434446125,0.0,7.105427357601002e-15,0.0,2.267786838055363,-0.4454651972011986,-0.4424625195441246,-0.4529425467679601,0.0,-0.446963964670851
Gulu,2010,11,580.66,1813.37,train,-1.2525029762733197,1.3068353331128166,1.4406735074910715,-0.10154703463691121,-1.8672091577968275,-1.6545214350219706,-1.486127163486347,-1.1491189544196077,-1.169281030916355,0.7777426342951692,-0.7939376434446125,0.0,7.105427357601002e-15,0.0,2.267786838055363,-0.4454651972011986,-0.4424625195441246,-0.4529425467679601,0.0,-0.446963964670851
Gulu,2010,12,616.99,1835.9,test,-1.2525029762733197,1.5936560728221425,1.4406735074910715,-0.10154703463691121,-1.8488434559132032,-1.6765604347071434,-1.4076833502315194,-0.8112408751077362,-0.565648506397161,0.9475841832931328,-0.7318390573923019,0.0,7.105427357601002e-15,0.0,2.267786838055363,-0.4454651972011986,-0.4424625195441246,-0.4529425467679601,0.0,-0.446963964670851
Gulu,2011,1,669.1,2164.43,train,-1.0669405865966646,-1.5613720639804418,1.4406735074910715,-0.10154703463691121,-1.8423126671463774,-1.6883324857584914,-1.2900176303492779,-0.7220678656173415,-0.18040801478434204,0.9475841832931328,-0.7318390573923019,0.0,7.105427357601002e-15,0.0,2.267786838055363,-0.4454651972011986,-0.4424625195441246,-0.4529425467679601,0.0,-0.446963964670851
Gulu,2011,2,715.08,2412.06,test,-1.0669405865966646,-1.274551324271116,1.4406735074910715,-0.10154703463691121,-1.6971825050227236,-1.7821863722226654,-1.1723519104670361,-0.3316137922706709,0.07921887748197798,0.9475841832931328,-0.7318390573923019,0.0,7.105427357601002e-15,0.0,2.267786838055363,-0.4454651972011986,-0.4424625195441246,-0.4529425467679601,0.0,-0.446963964670851
Gulu,2011,3,920.03,2625.1,train,-1.0669405865966646,-0.9877305845617901,1.4406735074910715,-0.10154703463691121,-1.6233907595440427,-1.4244826566007613,-0.9370204707025525,-0.1130626013809173,0.5385293942413647,0.9475841832931328,-0.7318390573923019,0.0,7.105427357601002e-15,0.0,2.267786838055363,-0.4454651972011986,-0.4424625195441246,-0.4529425467679601,0.0,-0.446963964670851
Gulu,2011,4,1000.0,2500.0,train,-1.0669405865966646,-0.7009098448524642,1.4406735074910715,-0.10154703463691121,-1.5850831947942445,-1.009531295455177,-0.7801328441928972,0.0748192596552034,0.11434486878859773,0.9475841832931328,-0.54554329923537,0.0,7.105427357601002e-15,0.0,2.267786838055363,-0.4454651972011986,-0.4424625195441246,-0.4529425467679601,0.0,-0.446963964670851
Gulu,2011,5,1066.67,2994.36,train,-1.0669405865966646,-0.4140891051431384,1.4406735074910715,-0.10154703463691121,-1.2281444081112418,-0.4073021906433949,-0.4271356845461717,0.023274167464223786,0.2514125957350814,0.9475841832931328,-0.4213461271307485,0.0,7.105427357601002e-15,0.0,2.267786838055363,-0.4454651972011986,-0.4424625195441246,-0.4529425467679601,0.0,-0.446963964670851
Gulu,2011,6,1067.0,2967.0,test,-1.0669405865966646,-0.12726836543381256,1.4406735074910715,-0.10154703463691121,-1.2442006915117387,-0.6992651828141622,-0.4663575911735856,0.012191972643163174,0.31670112305499426,0.9475841832931328,-0.17295178292150606,0.0,7.105427357601002e-15,0.0,2.267786838055363,-0.4454651972011986,-0.4424625195441246,-0.4529425467679601,0.0,-0.446963964670851
Gulu,2011,7,922.98,2250.0,train,-1.0669405865966646,0.15955237427551328,1.4406735074910715,-0.10154703463691121,-1.0670333441992998,-0.6338738581385224,-0.6624671243106554,0.2549693568626772,0.15977957493520378,0.9475841832931328,-0.048754610816884,0.0,7.105427357601002e-15,0.0,2.267786838055363,-0.4454651972011986,-0.4424625195441246,-0.4529425467679601,0.0,-0.446963964670851
Gulu,2011,8,888.0,2182.0,train,-1.0669405865966646,0.4463731139848391,1.4406735074910715,-0.10154703463691121,-1.023305156244298,-0.8728088669204542,-0.8193547508203111,0.45341796179794874,-0.39154576687739345,0.9475841832931328,0.13754114734004744,0.0,7.105427357601002e-15,0.0,2.267786838055363,-0.4454651972011986,-0.4424625195441246,-0.4529425467679601,0.0,-0.446963964670851
Gulu,2011,9,700.0,2000.0,train,-1.0669405865966646,0.7331938536941649,1.4406735074910715,-0.10154703463691121,-1.2916088727173025,-0.7750578402680484,-0.9762423773299664,0.4900149772535443,-0.5629758766238312,0.9475841832931328,0.26173831944466946,0.0,7.105427357601002e-15,0.0,2.267786838055363,-0.4454651972011986,-0.4424625195441246,-0.4529425467679601,0.0,-0.446963964670851
Gulu,2011,10,773.0,1594.0,train,-1.0669405865966646,1.0200145934034908,1.4406735074910715,-0.10154703463691121,-1.3380850630810115,-0.7744396732037081,-1.2115738170944501,1.0173212703672658,-1.028777065689876,0.9475841832931328,0.4480340776016009,0.0,7.105427357601002e-15,0.0,2.267786838055363,-0.4454651972011986,-0.4424625195441246,-0.4529425467679601,0.0,-0.446963964670851
Gulu,2011,11,811.0,1758.0,test,-1.0669405865966646,1.3068353331128166,1.4406735074910715,-0.10154703463691121,-1.1523653292197806,-0.245853079535064,-0.9370204707025525,0.6969685224003276,-0.49921456631724975,0.9475841832931328,0.572231249706223,0.0,7.105427357601002e-15,0.0,2.267786838055363,-0.4454651972011986,-0.4424625195441246,-0.4529425467679601,0.0,-0.446963964670851
Gulu,2011,12,800.0,1966.9,train,-1.0669405865966646,1.5936560728221425,1.4406735074910715,-0.10154703463691121,-1.311571294204988,-0.3305419673496721,-0.9370204707025525,0.4389853359844744,-0.11015603217110251,0.9475841832931328,0.6964284218108439,0.0,7.105427357601002e-15,0.0,2.267786838055363,-0.4454651972011986,-0.4424625195441246,-0.4529425467679601,0.0,-0.446963964670851
Gulu,2012,1,892.0,2134.73,train,-0.8813781969200096,-1.5613720639804418,1.4406735074910715,-0.10154703463691121,-1.3425599896966853,-0.3807210068767658,-0.8193547508203111,0.5330551292330123,-0.43507145175733536,0.9475841832931328,0.6964284218108439,0.0,7.105427357601002e-15,0.0,2.267786838055363,-0.4454651972011986,-0.4424625195441246,-0.4529425467679601,0.0,-0.446963964670851
Gulu,2012,2,693.0,2444.27,train,-0.8813781969200096,-1.274551324271116,1.4406735074910715,-0.10154703463691121,-1.5906682869715407,-0.749766744287869,-0.858576657447725,-0.40506554864281685,-0.3316024991041402,0.9475841832931328,0.820625593915466,0.0,7.105427357601002e-15,0.0,2.267786838055363,-0.4454651972011986,-0.4424625195441246,-0.4529425467679601,0.0,-0.446963964670851
Gulu,2012,3,867.0,2420.0,train,-0.8813781969200096,-0.9877305845617901,1.4406735074910715,-0.10154703463691121,-1.4381918440944372,-0.4819391444552536,-0.7801328441928972,-0.4738782467177746,-0.6809533909036737,0.9475841832931328,0.8827241799677764,0.0,7.105427357601002e-15,0.0,2.267786838055363,-0.4454651972011986,-0.4424625195441246,-0.4529425467679601,0.0,-0.446963964670851
Gulu,2012,4,992.0,2438.0,test,-0.8813781969200096,-0.7009098448524642,1.4406735074910715,-0.10154703463691121,-1.1625281411203086,-0.5592906579844323,-0.5840233110558274,-0.3460464180841452,-0.4774517238772788,0.9475841832931328,0.8827241799677764,0.0,7.105427357601002e-15,0.0,2.267786838055363,-0.4454651972011986,-0.4424625195441246,-0.4529425467679601,0.0,-0.446963964670851
Gulu,2012,5,920.47,2688.0,train,-0.8813781969200096,-0.4140891051431384,1.4406735074910715,-0.10154703463691121,-0.9707778782823653,-0.3922511664681554,-0.4271356845461717,-0.6787699881769186,-0.773350020210217,0.9475841832931328,0.8827241799677764,0.0,7.105427357601002e-15,0.0,2.267786838055363,-0.4454651972011986,-0.4424625195441246,-0.4529425467679601,0.0,-0.446963964670851
Gulu,2012,6,931.04,2667.0,test,-0.8813781969200096,-0.12726836543381256,1.4406735074910715,-0.10154703463691121,-0.9743482255515324,-0.23762876989645035,-0.3879137779187582,-0.6537706184642935,-0.7687683691702231,0.9475841832931328,0.8827241799677764,0.0,7.105427357601002e-15,0.0,2.267786838055363,-0.4454651972011986,-0.4424625195441246,-0.4529425467679601,0.0,-0.446963964670851
Gulu,2012,7,1054.0,2686.9,train,-0.8813781969200096,0.15955237427551328,1.4406735074910715,-0.10154703463691121,-0.8912091601589476,-0.14845145165815504,-0.3879137779187582,0.04054177334820196,0.3586995909216049,0.9475841832931328,0.8827241799677764,0.0,7.105427357601002e-15,0.0,2.267786838055363,-0.4454651972011986,-0.4424625195441246,-0.4529425467679601,0.0,-0.446963964670851
Gulu,2012,8,867.0,2400.0,train,-0.8813781969200096,0.4463731139848391,1.4406735074910715,-0.10154703463691121,-0.9273306581546875,-0.04390058729800696,-0.5840233110558274,-0.38625158999310927,-0.0013418199712477773,0.9475841832931328,0.8827241799677764,0.0,7.105427357601002e-15,0.0,2.267786838055363,-0.4454651972011986,-0.4424625195441246,-0.4529425467679601,0.0,-0.446963964670851
Gulu,2012,9,767.0,2334.0,train,-0.8813781969200096,0.7331938536941649,1.4406735074910715,-0.10154703463691121,-1.2578036460785271,-0.2616566549190654,-0.858576657447725,-0.07878511507391583,0.2548488340150768,0.9475841832931328,0.8827241799677764,0.0,7.105427357601002e-15,0.0,2.267786838055363,-0.4454651972011986,-0.4424625195441246,-0.4529425467679601,0.0,-0.446963964670851
Gulu,2012,10,813.0,2279.0,train,-0.8813781969200096,1.0200145934034908,1.4406735074910715,-0.10154703463691121,-1.294973633771355,-0.43866744995143947,-1.0154642839573804,-0.192184317894071,1.2578486075204043,0.9475841832931328,0.8827241799677764,0.0,7.105427357601002e-15,0.0,2.267786838055363,-0.4454651972011986,-0.4424625195441246,-0.4529425467679601,0.0,-0.446963964670851
Gulu,2012,11,929.0,2413.0,train,-0.8813781969200096,1.3068353331128166,1.4406735074910715,-0.10154703463691121,-1.3673399814919034,-0.5353971571062395,-1.0154642839573804,0.04956216448162343,1.039838378867362,0.9475841832931328,0.8827241799677764,0.0,7.105427357601002e-15,0.0,2.267786838055363,-0.4454651972011986,-0.4424625195441246,-0.4529425467679601,0.0,-0.446963964670851
Gulu,2012,12,967.0,2496.9,train,-0.8813781969200096,1.5936560728221425,1.4406735074910715,-0.10154703463691121,-1.2903822083004484,-0.2272543139470889,-0.7016890309380692,0.21270238126607388,0.6461981936812209,0.9475841832931328,0.8827241799677764,0.0,7.105427357601002e-15,0.0,2.267786838055363,-0.4454651972011986,-0.4424625195441246,-0.4529425467679601,0.0,-0.446963964670851
Gulu,2013,1,950.0,2494.76,train,-0.6958158072433546,-1.5613720639804418,1.4406735074910715,-0.10154703463691121,-1.3204320600764532,-0.44823560103427035,-0.7801328441928972,-0.15790683158706956,0.26133950632173486,0.9475841832931328,0.8827241799677764,0.0,7.105427357601002e-15,0.0,2.267786838055363,-0.4454651972011986,-0.4424625195441246,-0.4529425467679601,0.0,-0.446963964670851
Gulu,2013,2,950.0,2500.0,train,-0.6958158072433546,-1.274551324271116,1.4406735074910715,-0.10154703463691121,-1.173218624306299,-0.03650945935480884,-0.6232452176832414,0.6304753534739639,-0.29571289929085476,0.9475841832931328,0.8827241799677764,0.0,7.105427357601002e-15,0.0,2.267786838055363,-0.4454651972011986,-0.4424625195441246,-0.4529425467679601,0.0,-0.446963964670851
Gulu,2013,3,1000.0,2580.0,test,-0.6958158072433546,-0.9877305845617901,1.4406735074910715,-0.10154703463691121,-1.3920308859272383,-0.4299056037351392,-0.7409109375654832,0.06992247589706035,-0.13039165759774213,0.9475841832931328,0.8827241799677764,0.0,7.105427357601002e-15,0.0,2.267786838055363,-0.4454651972011986,-0.4424625195441246,-0.4529425467679601,0.0,-0.446963964670851
Gulu,2013,4,1033.0,2633.0,train,-0.6958158072433546,-0.7009098448524642,1.4406735074910715,-0.10154703463691121,-1.3275384902456018,-0.36744385340789404,-0.6624671243106554,-0.2189877658333804,-0.07732086638447967,0.9475841832931328,0.8827241799677764,0.0,7.105427357601002e-15,0.0,2.267786838055363,-0.4454651972011986,-0.4424625195441246,-0.4529425467679601,0.0,-0.446963964670851
Gulu,2013,5,1139.0,2798.56,train,-0.6958158072433546,-0.4140891051431384,1.4406735074910715,-0.10154703463691121,-1.1073967711002504,-0.1830419304323219,-0.4271356845461717,0.2864118630991747,-0.22584272093094804,0.9475841832931328,0.8827241799677764,0.0,7.105427357601002e-15,0.0,2.267786838055363,-0.4454651972011986,-0.4424625195441246,-0.4529425467679601,0.0,-0.446963964670851
Gulu,2013,6,1000.0,2580.0,test,-0.6958158072433546,-0.12726836543381256,1.4406735074910715,-0.10154703463691121,-1.4126100660602698,-0.3857200970492565,-0.7016890309380692,-0.13445381464017384,-0.507232455637239,0.9475841832931328,0.8827241799677764,0.0,7.105427357601002e-15,0.0,2.267786838055363,-0.4454651972011986,-0.4424625195441246,-0.4529425467679601,0.0,-0.446963964670851
Gulu,2013,7,1130.0,2938.74,train,-0.6958158072433546,0.15955237427551328,1.4406735074910715,-0.10154703463691121,-1.3407234195083226,-0.3810166519944941,-0.5448014044284135,-0.1396083238592718,-0.025013683677882877,0.9475841832931328,0.8827241799677764,0.0,7.105427357601002e-15,0.0,2.267786838055363,-0.4454651972011986,-0.4424625195441246,-0.4529425467679601,0.0,-0.446963964670851
Gulu,2013,8,944.67,2716.67,train,-0.6958158072433546,0.4463731139848391,1.4406735074910715,-0.10154703463691121,-1.413137737345732,-0.32137696870010624,-0.6232452176832414,-0.09450636819216461,0.12083554109525574,0.9475841832931328,0.8827241799677764,0.0,7.105427357601002e-15,0.0,2.267786838055363,-0.4454651972011986,-0.4424625195441246,-0.4529425467679601,0.0,-0.446963964670851
Gulu,2013,9,1000.0,2743.97,train,-0.6958158072433546,0.7331938536941649,1.4406735074910715,-0.10154703463691121,-1.4832700481953625,-0.11525856798597406,-0.5840233110558274,0.457541569173227,0.28806580405503246,0.9475841832931328,0.8827241799677764,0.0,7.105427357601002e-15,0.0,2.267786838055363,-0.4454651972011986,-0.4424625195441246,-0.4529425467679601,0.0,-0.446963964670851
Gulu,2013,10,907.0,2604.0,train,-0.6958158072433546,1.0200145934034908,1.4406735074910715,-0.10154703463691121,-1.3522019831855878,-0.05594140663819884,-0.6624671243106554,-0.027497748343891112,0.16168859620186787,0.9475841832931328,0.8827241799677764,0.0,7.105427357601002e-15,0.0,2.267786838055363,-0.4454651972011986,-0.4424625195441246,-0.4529425467679601,0.0,-0.446963964670851
Gulu,2013,11,1000.0,2467.0,train,-0.6958158072433546,1.3068353331128166,1.4406735074910715,-0.10154703463691121,-0.9500410820510796,0.06027400145775986,-0.3094699646639303,-0.1285261290382112,-0.297240116304186,0.9475841832931328,0.8827241799677764,0.0,7.105427357601002e-15,0.0,2.267786838055363,-0.4454651972011986,-0.4424625195441246,-0.4529425467679601,0.0,-0.446963964670851
Gulu,2013,12,984.0,2484.0,train,-0.6958158072433546,1.5936560728221425,1.4406735074910715,-0.10154703463691121,-1.0990705293880845,-0.1307933750811322,-0.4663575911735856,-0.28006870007969126,-0.4026180902240453,0.9475841832931328,0.8827241799677764,0.0,7.105427357601002e-15,0.0,2.267786838055363,-0.4454651972011986,-0.4424625195441246,-0.4529425467679601,0.0,-0.446963964670851
Gulu,2014,1,956.0,2539.32,test,-0.5102534175666995,-1.5613720639804418,1.4406735074910715,-0.10154703463691121,-1.1574158972377773,-0.2554749842756635,-0.4663575911735856,-0.3091916771675947,-0.31442130770416316,0.9475841832931328,0.9448227660200869,0.0,7.105427357601002e-15,0.0,2.267786838055363,-0.4454651972011986,-0.4424625195441246,-0.4529425467679601,0.0,-0.446963964670851
Gulu,2014,2,850.0,2592.27,test,-0.5102534175666995,-1.274551324271116,1.4406735074910715,-0.10154703463691121,-1.2501284273808932,-0.44444596816157583,-0.6232452176832414,-0.596813291593261,-0.24187849957092664,0.9475841832931328,0.8827241799677764,0.0,7.105427357601002e-15,0.0,2.267786838055363,-0.4454651972011986,-0.4424625195441246,-0.4529425467679601,0.0,-0.446963964670851
Gulu,2014,3,988.0,2579.0,test,-0.5102534175666995,-0.9877305845617901,1.4406735074910715,-0.10154703463691121,-1.3647153308122661,-0.41127996131827976,-0.5840233110558274,-0.3563554365223411,-0.38429148606406976,0.9475841832931328,0.8827241799677764,0.0,7.105427357601002e-15,0.0,2.267786838055363,-0.4454651972011986,-0.4424625195441246,-0.4529425467679601,0.0,-0.446963964670851
Gulu,2014,4,990.0,2720.0,train,-0.5102534175666995,-0.7009098448524642,1.4406735074910715,-0.10154703463691121,-1.2416788339396587,-0.004767924442383647,-0.4663575911735856,-0.432642172964991,-0.25676886545090677,0.9475841832931328,0.8827241799677764,0.0,7.105427357601002e-15,0.0,2.267786838055363,-0.4454651972011986,-0.4424625195441246,-0.4529425467679601,0.0,-0.446963964670851
Gulu,2014,5,1038.0,2813.0,train,-0.5102534175666995,-0.4140891051431384,1.4406735074910715,-0.10154703463691121,-1.1638096285278599,-0.15084348942886244,-0.3879137779187582,-0.554030865074748,-0.3629104478774317,0.9475841832931328,0.8827241799677764,0.0,7.105427357601002e-15,0.0,2.267786838055363,-0.4454651972011986,-0.4424625195441246,-0.4529425467679601,0.0,-0.446963964670851
Gulu,2014,6,1050.0,2909.81,train,-0.5102534175666995,-0.12726836543381256,1.4406735074910715,-0.10154703463691121,-1.0543281161051807,0.11316760070217415,-0.3094699646639303,-0.19656565073030427,0.10518156670860997,0.9475841832931328,0.8827241799677764,0.0,7.105427357601002e-15,0.0,2.267786838055363,-0.4454651972011986,-0.4424625195441246,-0.4529425467679601,0.0,-0.446963964670851
Gulu,2014,7,1066.67,2600.0,train,-0.5102534175666995,0.15955237427551328,1.4406735074910715,-0.10154703463691121,-0.8286972450162535,-0.11095827536447722,-0.3094699646639303,-0.4697546393424963,-0.8229845731434842,0.9475841832931328,0.8827241799677764,0.0,7.105427357601002e-15,0.0,2.267786838055363,-0.4454651972011986,-0.4424625195441246,-0.4529425467679601,0.0,-0.446963964670851
Gulu,2014,8,750.0,2375.0,test,-0.5102534175666995,0.4463731139848391,1.4406735074910715,-0.10154703463691121,-0.8779625550316918,-0.04830838723504174,-0.5448014044284135,-0.8566005562357982,-0.8630740197434305,0.9475841832931328,0.8827241799677764,0.0,7.105427357601002e-15,0.0,2.267786838055363,-0.4454651972011986,-0.4424625195441246,-0.4529425467679601,0.0,-0.446963964670851
Gulu,2014,9,662.5,2417.43,train,-0.5102534175666995,0.7331938536941649,1.4406735074910715,-0.10154703463691121,-0.8680532994631394,-0.04889967747049766,-0.6232452176832414,-1.1952518119305344,-0.8371113305167985,0.9475841832931328,0.8827241799677764,0.0,7.105427357601002e-15,0.0,2.267786838055363,-0.4454651972011986,-0.4424625195441246,-0.4529425467679601,0.0,-0.446963964670851
Gulu,2014,10,657.57,1906.09,train,-0.5102534175666995,1.0200145934034908,1.4406735074910715,-0.10154703463691121,-1.0188713468716468,-0.05991917731308369,-0.7801328441928972,-1.0341733988337232,-1.4059996679827058,0.7777426342951692,0.820625593915466,0.0,7.105427357601002e-15,0.0,2.267786838055363,-0.4454651972011986,-0.4424625195441246,-0.4529425467679601,0.0,-0.446963964670851
Gulu,2014,11,663.66,1819.33,train,-0.5102534175666995,1.3068353331128166,1.4406735074910715,-0.10154703463691121,-0.9222663843890162,0.20003351165641506,-0.7016890309380692,-1.1921591063990757,-1.3850004340494004,0.6645149349631941,0.6964284218108439,0.0,7.105427357601002e-15,0.0,2.267786838055363,-0.4454651972011986,-0.4424625195441246,-0.4529425467679601,0.0,-0.446963964670851
Gulu,2014,12,663.02,1850.66,train,-0.5102534175666995,1.5936560728221425,1.4406735074910715,-0.10154703463691121,-0.8647159499044361,0.24873432559486922,-0.6232452176832414,-1.1661288348426309,-1.3563651150494387,0.49467338596523064,0.572231249706223,0.0,7.105427357601002e-15,0.0,2.267786838055363,-0.4454651972011986,-0.4424625195441246,-0.4529425467679601,0.0,-0.446963964670851
Gulu,2015,1,530.0,1875.51,train,-0.3246910278900444,-1.5613720639804418,1.4406735074910715,-0.10154703463691121,-0.8421288777371133,0.5191689778292673,-0.5055794978009995,-1.4738530352227792,-1.3808005872627394,0.49467338596523064,0.4480340776016009,0.0,7.105427357601002e-15,0.0,2.267786838055363,-0.4454651972011986,-0.4424625195441246,-0.4529425467679601,0.0,-0.446963964670851
Gulu,2015,2,912.57,2556.2,test,-0.3246910278900444,-1.274551324271116,1.4406735074910715,-0.10154703463691121,-0.8421288777371133,0.2707195716222732,-0.23102615140910243,-0.13574244194494833,-0.43583506026400104,0.49467338596523064,0.3859354915492904,0.0,7.105427357601002e-15,0.0,2.267786838055363,-0.4454651972011986,-0.4424625195441246,-0.4529425467679601,0.0,-0.446963964670851
Gulu,2015,3,1000.0,2493.75,train,-0.3246910278900444,-0.9877305845617901,1.4406735074910715,-0.10154703463691121,-0.8421288777371133,0.1153446238418069,0.16119291486503654,-0.2942436004322107,-0.5091414769039031,0.49467338596523064,0.4480340776016009,0.0,7.105427357601002e-15,0.0,2.267786838055363,-0.4454651972011986,-0.4424625195441246,-0.4529425467679601,0.0,-0.446963964670851
Gulu,2015,4,1500.0,2500.0,train,-0.3246910278900444,-0.7009098448524642,1.4406735074910715,-0.10154703463691121,-0.8421288777371133,0.5176907522406279,0.12197100823762261,1.0023731936318818,-0.6916439099969928,0.49467338596523064,0.4480340776016009,0.0,7.105427357601002e-15,0.0,2.267786838055363,-0.4454651972011986,-0.4424625195441246,-0.4529425467679601,0.0,-0.446963964670851
Gulu,2015,5,1500.0,2500.0,test,-0.3246910278900444,-0.4140891051431384,1.4406735074910715,-0.10154703463691121,-0.8421288777371133,0.17837078757562363,-0.03491661827203272,0.8217076455024981,-0.8077124030101712,0.49467338596523064,0.4480340776016009,0.0,7.105427357601002e-15,0.0,2.267786838055363,-0.4454651972011986,-0.4424625195441246,-0.4529425467679601,0.0,-0.446963964670851
Gulu,2015,6,1500.0,2800.0,train,-0.3246910278900444,-0.12726836543381256,1.4406735074910715,-0.10154703463691121,-0.8421288777371133,0.10956610563166995,0.47496816788434804,0.77918294444494,-0.526704472557213,0.49467338596523064,0.4480340776016009,0.0,7.105427357601002e-15,0.0,2.267786838055363,-0.4454651972011986,-0.4424625195441246,-0.4529425467679601,0.0,-0.446963964670851
Gulu,2015,7,1200.0,2425.0,train,-0.3246910278900444,0.15955237427551328,1.4406735074910715,-0.10154703463691121,-0.8421288777371133,0.2811209044005196,0.16119291486503654,-0.003271555014130702,-0.6397185315437288,0.49467338596523064,0.4480340776016009,0.0,7.105427357601002e-15,0.0,2.267786838055363,-0.4454651972011986,-0.4424625195441246,-0.4529425467679601,0.0,-0.446963964670851
Gulu,2015,8,1000.0,2333.0,train,-0.3246910278900444,0.4463731139848391,1.4406735074910715,-0.10154703463691121,-0.8421288777371133,0.2798576934429548,0.2004148214924505,0.5335705801549221,-0.45034362189064825,0.49467338596523064,0.4480340776016009,0.0,7.105427357601002e-15,0.0,2.267786838055363,-0.4454651972011986,-0.4424625195441246,-0.4529425467679601,0.0,-0.446963964670851
Gulu,2015,9,1000.0,2400.0,test,-0.3246910278900444,0.7331938536941649,1.4406735074910715,-0.10154703463691121,-0.666482868416527,0.3305742695477357,0.08274910161020867,0.9874251168964976,-0.41025417529070185,0.49467338596523064,0.4480340776016009,0.0,7.105427357601002e-15,0.0,2.267786838055363,-0.4454651972011986,-0.4424625195441246,-0.4529425467679601,0.0,-0.446963964670851
Gulu,2015,10,1000.0,3133.0,train,-0.3246910278900444,1.0200145934034908,1.4406735074910715,-0.10154703463691121,-0.34958542356412764,0.21336441878305612,0.004305288355381218,1.016805819445356,2.0749097096526468,0.6645149349631941,0.572231249706223,0.0,7.105427357601002e-15,0.0,2.267786838055363,-0.4454651972011986,-0.4424625195441246,-0.4529425467679601,0.0,-0.446963964670851
Gulu,2015,11,1500.0,3000.0,train,-0.3246910278900444,1.3068353331128166,1.4406735074910715,-0.10154703463691121,-0.04605793556805275,0.3535539582438606,0.4357462612569341,2.9224278777458728,2.0951453350792866,0.7777426342951692,0.6964284218108439,0.0,7.105427357601002e-15,0.0,2.267786838055363,-0.4454651972011986,-0.4424625195441246,-0.4529425467679601,0.0,-0.446963964670851
Gulu,2015,12,1233.33,2800.0,train,-0.3246910278900444,1.5936560728221425,1.4406735074910715,-0.10154703463691121,0.3894764611534894,0.45576653849106996,0.9456310474133145,1.89152603392628,1.5758915505466462,0.9475841832931328,0.820625593915466,0.0,7.105427357601002e-15,0.0,2.267786838055363,-0.4454651972011986,-0.4424625195441246,-0.4529425467679601,0.0,-0.446963964670851
Gulu,2016,1,1199.23,2733.0,train,-0.13912863821338933,-1.5613720639804418,1.4406735074910715,-0.10154703463691121,-0.14368397625242202,0.20780091520399444,0.3180805413746923,2.928871014269745,1.3628447771869308,0.9475841832931328,0.8827241799677764,0.0,7.105427357601002e-15,0.0,2.267786838055363,-0.4454651972011986,-0.4424625195441246,-0.4529425467679601,0.0,-0.446963964670851
Gulu,2016,2,1143.25,2800.0,train,-0.13912863821338933,-1.274551324271116,1.4406735074910715,-0.10154703463691121,-0.26984538359478005,0.4703069029175066,0.23963672811986442,0.32610158408622913,-0.01852301137122488,0.9475841832931328,0.9448227660200869,0.0,7.105427357601002e-15,0.0,2.267786838055363,-0.4454651972011986,-0.4424625195441246,-0.4529425467679601,0.0,-0.446963964670851
Gulu,2016,3,1000.0,2700.0,test,-0.13912863821338933,-0.9877305845617901,1.4406735074910715,-0.10154703463691121,-0.304061782663786,0.6974429838192056,0.2004148214924505,-0.32542838120775336,-0.06701215154449346,0.9475841832931328,0.9448227660200869,0.0,7.105427357601002e-15,0.0,2.267786838055363,-0.4454651972011986,-0.4424625195441246,-0.4529425467679601,0.0,-0.446963964670851
Gulu,2016,4,1200.0,3000.0,train,-0.13912863821338933,-0.7009098448524642,1.4406735074910715,-0.10154703463691121,-0.23264798440660414,0.5501310847040463,0.27885863474727834,-0.8408793031175495,0.3808442376149086,0.9475841832931328,0.9448227660200869,0.0,7.105427357601002e-15,0.0,2.267786838055363,-0.4454651972011986,-0.4424625195441246,-0.4529425467679601,0.0,-0.446963964670851
Gulu,2016,5,1389.25,3340.94,train,-0.13912863821338933,-0.4140891051431384,1.4406735074910715,-0.10154703463691121,-0.08753152803062457,0.7317109406467605,0.12197100823762261,-0.5156297713924681,0.90162523916088,0.9475841832931328,0.9448227660200869,0.0,7.105427357601002e-15,0.0,2.267786838055363,-0.4454651972011986,-0.4424625195441246,-0.4529425467679601,0.0,-0.446963964670851
Gulu,2016,6,1000.0,3000.0,train,-0.13912863821338933,-0.12726836543381256,1.4406735074910715,-0.10154703463691121,-0.38480919508719763,1.2432845016316076,-0.07413852489944667,-1.1844273425704286,-0.11015603217110251,0.9475841832931328,0.9448227660200869,0.0,7.105427357601002e-15,0.0,2.267786838055363,-0.4454651972011986,-0.4424625195441246,-0.4529425467679601,0.0,-0.446963964670851
Gulu,2016,7,1000.0,2700.0,train,-0.13912863821338933,0.15955237427551328,1.4406735074910715,-0.10154703463691121,-0.029960534924533083,0.9398988571849881,0.004305288355381218,-0.7550567246195685,0.05020175422868339,0.9475841832931328,0.9448227660200869,0.0,7.105427357601002e-15,0.0,2.267786838055363,-0.4454651972011986,-0.4424625195441246,-0.4529425467679601,0.0,-0.446963964670851
Gulu,2016,8,1133.0,2987.87,train,-0.13912863821338933,0.4463731139848391,1.4406735074910715,-0.10154703463691121,-0.49395491669185526,0.6147161045131555,0.043527194982795156,0.017346481862261166,0.6889602700544972,0.9475841832931328,0.9448227660200869,0.0,7.105427357601002e-15,0.0,2.267786838055363,-0.4454651972011986,-0.4424625195441246,-0.4529425467679601,0.0,-0.446963964670851
Gulu,2016,9,1000.0,2633.0,train,-0.13912863821338933,0.7331938536941649,1.4406735074910715,-0.10154703463691121,-0.8421288777371133,0.8825168275168866,-0.07413852489944667,-0.32542838120775336,-0.012032339064566812,0.9475841832931328,0.9448227660200869,0.0,7.105427357601002e-15,0.0,2.267786838055363,-0.4454651972011986,-0.4424625195441246,-0.4529425467679601,0.0,-0.446963964670851
Gulu,2016,10,1200.0,2988.63,train,-0.13912863821338933,1.0200145934034908,1.4406735074910715,-0.10154703463691121,-0.8421288777371133,0.8024507542703879,-0.07413852489944667,0.19002254070204289,-0.5587760298371701,0.9475841832931328,0.9448227660200869,0.0,7.105427357601002e-15,0.0,2.267786838055363,-0.4454651972011986,-0.4424625195441246,-0.4529425467679601,0.0,-0.446963964670851
Gulu,2016,11,1100.0,2700.0,train,-0.13912863821338933,1.3068353331128166,1.4406735074910715,-0.10154703463691121,-0.8421288777371133,0.8121532894976399,0.043527194982795156,-1.0127821855744665,-0.7645685223835621,0.9475841832931328,0.9448227660200869,0.0,7.105427357601002e-15,0.0,2.267786838055363,-0.4454651972011986,-0.4424625195441246,-0.4529425467679601,0.0,-0.446963964670851
Gulu,2016,12,1200.0,2700.0,test,-0.13912863821338933,1.5936560728221425,1.4406735074910715,-0.10154703463691121,-0.8421288777371133,0.9163547550822922,0.2004148214924505,-0.39501425566557585,-0.5190683874905565,0.9475841832931328,0.9448227660200869,0.0,7.105427357601002e-15,0.0,2.267786838055363,-0.4454651972011986,-0.4424625195441246,-0.4529425467679601,0.0,-0.446963964670851
Gulu,2017,1,1200.0,2600.0,train,0.04643375146326575,-1.5613720639804418,1.4406735074910715,-0.10154703463691121,-0.7050714009936495,0.7679946596406422,0.12197100823762261,-0.32388202844202396,-0.5687029404238236,0.9475841832931328,0.9448227660200869,0.0,7.105427357601002e-15,0.0,2.267786838055363,-0.4454651972011986,-0.4424625195441246,-0.4529425467679601,0.0,-0.446963964670851
Gulu,2017,2,1200.0,2675.0,train,0.04643375146326575,-1.274551324271116,1.4406735074910715,-0.10154703463691121,-0.7736001393653814,0.8306445477700776,0.27885863474727834,-0.19759655257412387,-0.5530489660371779,0.9475841832931328,0.9448227660200869,0.0,7.105427357601002e-15,0.0,2.267786838055363,-0.4454651972011986,-0.4424625195441246,-0.4529425467679601,0.0,-0.446963964670851
Gulu,2017,3,1200.0,2700.0,train,0.04643375146326575,-0.9877305845617901,1.4406735074910715,-0.10154703463691121,-0.7050714009936495,1.1759849221051784,0.3965243546295202,0.19002254070204289,-0.3827642690507385,0.9475841832931328,0.9448227660200869,0.0,7.105427357601002e-15,0.0,2.267786838055363,-0.4454651972011986,-0.4424625195441246,-0.4529425467679601,0.0,-0.446963964670851
Gulu,2017,4,1800.0,3700.0,train,0.04643375146326575,-0.7009098448524642,1.4406735074910715,-0.10154703463691121,-0.49948518587845386,1.7391888713768737,1.0632967672955562,0.9631989235667372,0.5079850539747388,0.9475841832931328,0.9448227660200869,0.0,7.105427357601002e-15,0.0,2.267786838055363,-0.4454651972011986,-0.4424625195441246,-0.4529425467679601,0.0,-0.446963964670851
Gulu,2017,5,2000.0,3550.0,train,0.04643375146326575,-0.4140891051431384,1.4406735074910715,-0.10154703463691121,-0.49948518587845386,1.628510090031093,1.0632967672955562,0.8075327451499789,-0.14375480646439098,0.9475841832931328,0.9448227660200869,0.0,7.105427357601002e-15,0.0,2.267786838055363,-0.4454651972011986,-0.4424625195441246,-0.4529425467679601,0.0,-0.446963964670851
Gulu,2017,6,2000.0,3100.0,train,0.04643375146326575,-0.12726836543381256,1.4406735074910715,-0.10154703463691121,-0.49948518587845386,2.080013938459402,0.9848529540407284,2.2518262283412276,-0.25562345269090825,0.9475841832931328,0.9448227660200869,0.0,7.105427357601002e-15,0.0,2.267786838055363,-0.4454651972011986,-0.4424625195441246,-0.4529425467679601,0.0,-0.446963964670851
Gulu,2017,7,2000.0,2500.0,train,0.04643375146326575,0.15955237427551328,1.4406735074910715,-0.10154703463691121,-0.49948518587845386,2.2869655208689488,1.0632967672955562,2.2518262283412276,-0.6656812207703607,0.9475841832931328,0.9448227660200869,0.0,7.105427357601002e-15,0.0,2.267786838055363,-0.4454651972011986,-0.4424625195441246,-0.4529425467679601,0.0,-0.446963964670851
Gulu,2017,8,2000.0,2500.0,test,0.04643375146326575,0.4463731139848391,1.4406735074910715,-0.10154703463691121,-0.15684149401979441,2.0161814698590543,0.9064091407859005,1.6466868460191268,-1.0062506147432393,0.9475841832931328,0.9448227660200869,0.0,7.105427357601002e-15,0.0,2.267786838055363,-0.4454651972011986,-0.4424625195441246,-0.4529425467679601,0.0,-0.446963964670851
Gulu,2017,9,1500.0,2500.0,train,0.04643375146326575,0.7331938536941649,1.4406735074910715,-0.10154703463691121,-0.15684149401979441,1.997313935982236,0.9064091407859005,0.9631989235667372,-0.5755754169838144,0.9475841832931328,0.9448227660200869,0.0,7.105427357601002e-15,0.0,2.267786838055363,-0.4454651972011986,-0.4424625195441246,-0.4529425467679601,0.0,-0.446963964670851
Gulu,2017,10,1607.6,2584.01,train,0.04643375146326575,1.0200145934034908,1.4406735074910715,-0.10154703463691121,-0.22475347374618096,2.320427172829974,1.0632967672955562,0.5500650096560356,-0.8997272280633816,0.7777426342951692,0.8827241799677764,0.0,7.105427357601002e-15,0.0,2.267786838055363,-0.4454651972011986,-0.4424625195441246,-0.4529425467679601,0.0,-0.446963964670851
Gulu,2017,11,1500.0,2500.0,test,0.04643375146326575,1.3068353331128166,1.4406735074910715,-0.10154703463691121,-0.15684149401979441,1.8431753223304501,1.1025186739229702,0.6116613948242562,-0.6656812207703607,0.7777426342951692,0.8827241799677764,0.0,7.105427357601002e-15,0.0,2.267786838055363,-0.4454651972011986,-0.4424625195441246,-0.4529425467679601,0.0,-0.446963964670851
Gulu,2017,12,1500.0,2985.8,train,0.04643375146326575,1.5936560728221425,1.4406735074910715,-0.10154703463691121,-0.15684149401979441,2.339133445733486,1.259406300432626,0.31888527117949195,0.021566435228721623,0.7777426342951692,0.8827241799677764,0.0,7.105427357601002e-15,0.0,2.267786838055363,-0.4454651972011986,-0.4424625195441246,-0.4529425467679601,0.0,-0.446963964670851
Gulu,2018,1,1500.0,2635.06,train,0.23199614113992081,-1.5613720639804418,1.4406735074910715,-0.10154703463691121,-0.29389897076325816,2.316422525326204,1.1417405805503842,0.31888527117949195,-0.33122069485080735,0.7777426342951692,0.820625593915466,0.0,7.105427357601002e-15,0.0,2.267786838055363,-0.4454651972011986,-0.4424625195441246,-0.4529425467679601,0.0,-0.446963964670851
Gulu,2018,2,1600.0,2500.0,train,0.23199614113992081,-1.274551324271116,1.4406735074910715,-0.10154703463691121,-0.8023410922384855,1.947591802546176,1.3378501136874539,0.5335705801549221,-0.6324642507304051,0.7777426342951692,0.820625593915466,0.0,7.105427357601002e-15,0.0,2.267786838055363,-0.4454651972011986,-0.4424625195441246,-0.4529425467679601,0.0,-0.446963964670851
Gulu,2018,3,1600.0,2500.0,train,0.23199614113992081,-0.9877305845617901,1.4406735074910715,-0.10154703463691121,-0.49948518587845386,2.3618712429696522,1.1809624871777982,0.5335705801549221,-0.6656812207703607,0.7777426342951692,0.820625593915466,0.0,7.105427357601002e-15,0.0,2.267786838055363,-0.4454651972011986,-0.4424625195441246,-0.4529425467679601,0.0,-0.446963964670851
Gulu,2018,4,1600.0,2500.0,train,0.23199614113992081,-0.7009098448524642,1.4406735074910715,-0.10154703463691121,-0.49948518587845386,1.5738426200803108,1.1417405805503842,-0.611761368328645,-1.6209554626090854,0.7777426342951692,0.820625593915466,0.0,7.105427357601002e-15,0.0,2.267786838055363,-0.4454651972011986,-0.4424625195441246,-0.4529425467679601,0.0,-0.446963964670851
Gulu,2018,5,1600.0,2738.26,train,0.23199614113992081,-0.4140891051431384,1.4406735074910715,-0.10154703463691121,-0.15684149401979441,1.9922073384942092,1.29862820706004,-0.8408793031175495,-1.2559505964229059,0.7777426342951692,0.820625593915466,0.0,7.105427357601002e-15,0.0,2.267786838055363,-0.4454651972011986,-0.4424625195441246,-0.4529425467679601,0.0,-0.446963964670851
Gulu,2018,6,1600.0,2618.66,train,0.23199614113992081,-0.12726836543381256,1.4406735074910715,-0.10154703463691121,-0.49948518587845386,1.6045628354951316,1.259406300432626,-0.8408793031175495,-0.9757062744766135,0.7777426342951692,0.820625593915466,0.0,7.105427357601002e-15,0.0,2.267786838055363,-0.4454651972011986,-0.4424625195441246,-0.4529425467679601,0.0,-0.446963964670851
Gulu,2018,7,1534.34,2330.83,test,0.23199614113992081,0.15955237427551328,1.4406735074910715,-0.10154703463691121,-0.5410889829439323,1.8304088286103808,1.0240748606681422,-0.9254132543107562,-0.6412457485570601,0.6645149349631941,0.6964284218108439,0.0,7.105427357601002e-15,0.0,2.267786838055363,-0.4454651972011986,-0.4424625195441246,-0.4529425467679601,0.0,-0.446963964670851
Gulu,2018,8,1246.27,2415.81,train,0.23199614113992081,0.4463731139848391,1.4406735074910715,-0.10154703463691121,-0.6184921929348033,1.304133642225791,0.7102996076488317,-1.2967956435467642,-0.5114323024239001,0.49467338596523064,0.572231249706223,0.0,7.105427357601002e-15,0.0,2.267786838055363,-0.4454651972011986,-0.4424625195441246,-0.4529425467679601,0.0,-0.446963964670851
Gulu,2018,9,1075.85,2370.07,test,0.23199614113992081,0.7331938536941649,1.4406735074910715,-0.10154703463691121,-0.6770911171164714,1.3211466749095886,0.47496816788434804,-1.054275984788205,-0.5813024807838068,0.32483183696726803,0.4480340776016009,0.0,7.105427357601002e-15,0.0,2.267786838055363,-0.4454651972011986,-0.4424625195441246,-0.4529425467679601,0.0,-0.446963964670851
Gulu,2018,10,1000.0,3000.0,test,0.23199614113992081,1.0200145934034908,1.4406735074910715,-0.10154703463691121,-0.49948518587845386,1.5444124924519407,0.4357462612569341,-1.299630623617268,0.23194057881510746,0.49467338596523064,0.572231249706223,0.0,7.105427357601002e-15,0.0,2.267786838055363,-0.4454651972011986,-0.4424625195441246,-0.4529425467679601,0.0,-0.446963964670851
Gulu,2018,11,1000.0,2200.0,train,0.23199614113992081,1.3068353331128166,1.4406735074910715,-0.10154703463691121,-0.49948518587845386,1.598381164851729,0.23963672811986442,-1.1844273425704286,-0.8409293730501268,0.49467338596523064,0.572231249706223,0.0,7.105427357601002e-15,0.0,2.267786838055363,-0.4454651972011986,-0.4424625195441246,-0.4529425467679601,0.0,-0.446963964670851
Gulu,2018,12,942.8,2632.73,train,0.23199614113992081,1.5936560728221425,1.4406735074910715,-0.10154703463691121,-0.46480279138852054,1.2250888884768982,0.043527194982795156,-1.2828784686551997,-0.8340568964901359,0.32483183696726803,0.4480340776016009,0.0,7.105427357601002e-15,0.0,2.267786838055363,-0.4454651972011986,-0.4424625195441246,-0.4529425467679601,0.0,-0.446963964670851
Gulu,2019,1,800.0,2848.74,train,0.4175585308165759,-1.5613720639804418,1.4406735074910715,-0.10154703463691121,-0.4365004224409952,0.755174412262804,0.043527194982795156,-1.5282331074842628,-0.07312101959781864,0.32483183696726803,0.4480340776016009,0.0,7.105427357601002e-15,0.0,2.267786838055363,-0.4454651972011986,-0.4424625195441246,-0.4529425467679601,0.0,-0.446963964670851
Gulu,2019,2,1000.0,3000.0,train,0.4175585308165759,-1.274551324271116,1.4406735074910715,-0.10154703463691121,-0.49948518587845386,0.4625932530276965,0.043527194982795156,-1.2918988597886212,0.3808442376149086,0.32483183696726803,0.4480340776016009,0.0,7.105427357601002e-15,0.0,2.267786838055363,-0.4454651972011986,-0.4424625195441246,-0.4529425467679601,0.0,-0.446963964670851
Gulu,2019,3,900.0,3000.0,test,0.4175585308165759,-0.9877305845617901,1.4406735074910715,-0.10154703463691121,-0.15684149401979441,0.4953561074377269,0.23963672811986442,-1.4529772728854324,0.3808442376149086,0.32483183696726803,0.4480340776016009,0.0,7.105427357601002e-15,0.0,2.267786838055363,-0.4454651972011986,-0.4424625195441246,-0.4529425467679601,0.0,-0.446963964670851
Gulu,2019,4,1500.0,3000.0,train,0.4175585308165759,-0.7009098448524642,1.4406735074910715,-0.10154703463691121,-0.49948518587845386,0.9107912515032299,0.3180805413746923,-0.4865067943045646,0.3808442376149086,0.32483183696726803,0.4480340776016009,0.0,7.105427357601002e-15,0.0,2.267786838055363,-0.4454651972011986,-0.4424625195441246,-0.4529425467679601,0.0,-0.446963964670851
Gulu,2019,5,1550.0,3500.0,train,0.4175585308165759,-0.4140891051431384,1.4406735074910715,-0.10154703463691121,-0.49948518587845386,1.2874700083174904,0.35730244800210625,-0.4058387250256815,0.6794151637211766,0.32483183696726803,0.4480340776016009,0.0,7.105427357601002e-15,0.0,2.267786838055363,-0.4454651972011986,-0.4424625195441246,-0.4529425467679601,0.0,-0.446963964670851
Gulu,2019,6,1800.0,3500.0,train,0.4175585308165759,-0.12726836543381256,1.4406735074910715,-0.10154703463691121,-0.15684149401979441,1.0669187504924589,0.9064091407859005,-0.003271555014130702,0.9023888476675455,0.32483183696726803,0.4480340776016009,0.0,7.105427357601002e-15,0.0,2.267786838055363,-0.4454651972011986,-0.4424625195441246,-0.4529425467679601,0.0,-0.446963964670851
Gulu,2019,7,2000.0,3969.73,train,0.4175585308165759,0.15955237427551328,1.4406735074910715,-0.10154703463691121,-0.15684149401979441,1.267930553718563,1.1809624871777982,0.4567683927903625,2.301701436132344,0.49467338596523064,0.572231249706223,0.0,7.105427357601002e-15,0.0,2.267786838055363,-0.4454651972011986,-0.4424625195441246,-0.4529425467679601,0.0,-0.446963964670851
Gulu,2019,8,2000.0,3700.0,test,0.4175585308165759,0.4463731139848391,1.4406735074910715,-0.10154703463691121,0.5284458896975244,1.1313156324993765,1.1809624871777982,1.2332952066474703,1.6469071416665513,0.6645149349631941,0.6964284218108439,0.0,7.105427357601002e-15,0.0,2.267786838055363,-0.4454651972011986,-0.4424625195441246,-0.4529425467679601,0.0,-0.446963964670851
Gulu,2019,9,1600.0,3968.73,train,0.4175585308165759,0.7331938536941649,1.4406735074910715,-0.10154703463691121,0.5284458896975244,0.9598414642171811,1.1417405805503842,0.9302100645645103,2.1925054196791565,0.7777426342951692,0.820625593915466,0.0,7.105427357601002e-15,0.0,2.267786838055363,-0.4454651972011986,-0.4424625195441246,-0.4529425467679601,0.0,-0.446963964670851
Gulu,2019,10,1800.0,3300.0,test,0.4175585308165759,1.0200145934034908,1.4406735074910715,-0.10154703463691121,0.5284458896975244,1.1160495936930623,1.0632967672955562,1.7363753064314316,-0.0009600157179149618,0.7777426342951692,0.820625593915466,0.0,7.105427357601002e-15,0.0,2.267786838055363,-0.4454651972011986,-0.4424625195441246,-0.4529425467679601,0.0,-0.446963964670851
Gulu,2019,11,2000.0,3500.0,train,0.4175585308165759,1.3068353331128166,1.4406735074910715,-0.10154703463691121,0.5284458896975244,0.71023635436816,1.1417405805503842,2.2518262283412276,1.873317063892916,0.7777426342951692,0.820625593915466,0.0,7.105427357601002e-15,0.0,2.267786838055363,-0.4454651972011986,-0.4424625195441246,-0.4529425467679601,0.0,-0.446963964670851
Gulu,2019,12,2000.0,3875.54,test,0.4175585308165759,1.5936560728221425,1.4406735074910715,-0.10154703463691121,-0.15684149401979441,0.8683258618659457,0.9456310474133145,2.5644472124795192,1.4197336109335215,0.9475841832931328,0.8827241799677764,0.0,7.105427357601002e-15,0.0,2.267786838055363,-0.4454651972011986,-0.4424625195441246,-0.4529425467679601,0.0,-0.446963964670851
Gulu,2020,1,1500.0,3954.75,train,0.603120920493231,-1.5613720639804418,1.4406735074910715,-0.10154703463691121,-0.8421288777371133,0.9535254094293575,0.514190074511762,1.929669402147605,1.0993998423872826,0.9475841832931328,0.8827241799677764,0.0,7.105427357601002e-15,0.0,2.267786838055363,-0.4454651972011986,-0.4424625195441246,-0.4529425467679601,0.0,-0.446963964670851
Gulu,2020,2,1572.36,3973.76,train,0.603120920493231,-1.274551324271116,1.4406735074910715,-0.10154703463691121,-0.15684149401979441,1.2705913597781138,0.8671872341584865,1.1497921572980836,0.8565723372676067,0.9475841832931328,0.8827241799677764,0.0,7.105427357601002e-15,0.0,2.267786838055363,-0.4454651972011986,-0.4424625195441246,-0.4529425467679601,0.0,-0.446963964670851
Gulu,2020,3,1376.38,4662.32,train,0.603120920493231,-0.9877305845617901,1.4406735074910715,-0.10154703463691121,-0.3890442711185708,1.0242652230529836,0.9064091407859005,1.0387124836265225,1.7328130986664367,0.7777426342951692,0.820625593915466,0.0,7.105427357601002e-15,0.0,2.267786838055363,-0.4454651972011986,-0.4424625195441246,-0.4529425467679601,0.0,-0.446963964670851
Gulu,2020,4,1100.0,5576.51,train,0.603120920493231,-0.7009098448524642,1.4406735074910715,-0.10154703463691121,-0.7279120294929476,0.9543854679536561,0.8671872341584865,-1.0127821855744665,2.8961706585715503,0.7777426342951692,0.820625593915466,0.0,7.105427357601002e-15,0.0,2.267786838055363,-0.4454651972011986,-0.4424625195441246,-0.4529425467679601,0.0,-0.446963964670851
Gulu,2020,5,1200.0,5250.0,train,0.603120920493231,-0.4140891051431384,1.4406735074910715,-0.10154703463691121,-0.15684149401979441,0.9756181627722982,0.7495215142762456,-0.9073724720439131,1.5262569976133793,0.7777426342951692,0.820625593915466,0.0,7.105427357601002e-15,0.0,2.267786838055363,-0.4454651972011986,-0.4424625195441246,-0.4529425467679601,0.0,-0.446963964670851
Gulu,2020,6,1200.0,5000.0,train,0.603120920493231,-0.12726836543381256,1.4406735074910715,-0.10154703463691121,-0.15684149401979441,0.6934920899732057,0.8671872341584865,-1.1844273425704286,1.2536487607337432,0.7777426342951692,0.820625593915466,0.0,7.105427357601002e-15,0.0,2.267786838055363,-0.4454651972011986,-0.4424625195441246,-0.4529425467679601,0.0,-0.446963964670851
Gulu,2020,7,1500.0,4167.0,test,0.603120920493231,0.15955237427551328,1.4406735074910715,-0.10154703463691121,-0.04239850093900217,0.37680241522882946,0.9064091407859005,-0.9697420335949986,-0.19300755514432522,0.7777426342951692,0.820625593915466,0.0,7.105427357601002e-15,0.0,2.267786838055363,-0.4454651972011986,-0.4424625195441246,-0.4529425467679601,0.0,-0.446963964670851
Gulu,2020,8,1500.0,3780.0,train,0.603120920493231,0.4463731139848391,1.4406735074910715,-0.10154703463691121,-0.3850421927976616,0.5294896801208602,0.7102996076488317,-0.9697420335949986,-0.3002945503308486,0.7777426342951692,0.820625593915466,0.0,7.105427357601002e-15,0.0,2.267786838055363,-0.4454651972011986,-0.4424625195441246,-0.4529425467679601,0.0,-0.446963964670851
Gulu,2020,9,1425.0,4247.47,train,0.603120920493231,0.7331938536941649,1.4406735074910715,-0.10154703463691121,-0.3850421927976616,0.27262782647306266,0.7495215142762456,-0.6073800354924118,-0.1147376832110964,0.7777426342951692,0.820625593915466,0.0,7.105427357601002e-15,0.0,2.267786838055363,-0.4454651972011986,-0.4424625195441246,-0.4529425467679601,0.0,-0.446963964670851
Gulu,2020,10,967.0,3817.0,test,0.603120920493231,1.0200145934034908,1.4406735074910715,-0.10154703463691121,-0.2651169006471308,0.18533188625667182,0.514190074511762,-1.5181818145070218,0.215522995921796,0.7777426342951692,0.820625593915466,0.0,7.105427357601002e-15,0.0,2.267786838055363,-0.4454651972011986,-0.4424625195441246,-0.4529425467679601,0.0,-0.446963964670851
Gulu,2020,11,1136.0,4000.0,train,0.603120920493231,1.3068353331128166,1.4406735074910715,-0.10154703463691121,-0.15684149401979441,0.39435298449031436,0.6318557943940039,-1.438802372532913,0.1628340089618663,0.7777426342951692,0.820625593915466,0.0,7.105427357601002e-15,0.0,2.267786838055363,-0.4454651972011986,-0.4424625195441246,-0.4529425467679601,0.0,-0.446963964670851
Gulu,2020,12,1015.0,3308.0,train,0.603120920493231,1.5936560728221425,1.4406735074910715,-0.10154703463691121,-0.15684149401979441,0.405695006279513,0.35730244800210625,-1.5947262764106265,-0.9417256959299922,0.7777426342951692,0.820625593915466,0.0,7.105427357601002e-15,0.0,2.267786838055363,-0.4454651972011986,-0.4424625195441246,-0.4529425467679601,0.0,-0.446963964670851
Gulu,2021,1,1025.0,3891.51,test,0.788683310169886,-1.5613720639804418,1.4406735074910715,-0.10154703463691121,-0.07118057105512957,0.3718033250563394,0.4357462612569341,-1.1416449160519155,-0.4438529495839903,0.7777426342951692,0.820625593915466,0.0,7.105427357601002e-15,0.0,2.267786838055363,-0.4454651972011986,-0.4424625195441246,-0.4529425467679601,0.0,-0.446963964670851
Gulu,2021,2,1063.64,4242.74,train,0.788683310169886,-1.274551324271116,1.4406735074910715,-0.10154703463691121,0.02329314766413979,0.4058025135950503,0.5926338877665899,-1.1591702473968486,-0.12428278954441699,0.6645149349631941,0.6964284218108439,0.0,7.105427357601002e-15,0.0,2.267786838055363,-0.4454651972011986,-0.4424625195441246,-0.4529425467679601,0.0,-0.446963964670851
Gulu,2021,3,1160.0,4400.0,test,0.788683310169886,-0.9877305845617901,1.4406735074910715,-0.10154703463691121,-0.15684149401979441,0.402980446562193,0.5534119811391759,-0.7305728058288532,-0.5977200636771182,0.7777426342951692,0.820625593915466,0.0,7.105427357601002e-15,0.0,2.267786838055363,-0.4454651972011986,-0.4424625195441246,-0.4529425467679601,0.0,-0.446963964670851
Gulu,2021,4,1000.0,4786.0,train,0.788683310169886,-0.7009098448524642,1.4406735074910715,-0.10154703463691121,0.5284458896975244,0.29794579928212694,0.7887434209036596,-0.5597008252157557,-0.9241627002766823,0.7777426342951692,0.820625593915466,0.0,7.105427357601002e-15,0.0,2.267786838055363,-0.4454651972011986,-0.4424625195441246,-0.4529425467679601,0.0,-0.446963964670851
Gulu,2021,5,1096.52,4926.06,train,0.788683310169886,-0.4140891051431384,1.4406735074910715,-0.10154703463691121,0.5284458896975244,0.30665389184065855,0.6318557943940039,-0.5475877285508755,-0.6183374933570908,0.7777426342951692,0.820625593915466,0.0,7.105427357601002e-15,0.0,2.267786838055363,-0.4454651972011986,-0.4424625195441246,-0.4529425467679601,0.0,-0.446963964670851
Gulu,2021,6,1134.0,4916.0,train,0.788683310169886,-0.12726836543381256,1.4406735074910715,-0.10154703463691121,0.8710895815561839,0.2187666613888118,0.47496816788434804,-0.46717738473294723,-0.44690738361065285,0.7777426342951692,0.820625593915466,0.0,7.105427357601002e-15,0.0,2.267786838055363,-0.4454651972011986,-0.4424625195441246,-0.4529425467679601,0.0,-0.446963964670851
Gulu,2021,7,1285.44,3965.44,train,0.788683310169886,0.15955237427551328,1.4406735074910715,-0.10154703463691121,0.2933923170824841,0.27969643246964876,0.35730244800210625,-0.6939757903732577,-0.5675575276638252,0.7777426342951692,0.820625593915466,0.0,7.105427357601002e-15,0.0,2.267786838055363,-0.4454651972011986,-0.4424625195441246,-0.4529425467679601,0.0,-0.446963964670851
Gulu,2021,8,1200.0,3186.0,train,0.788683310169886,0.4463731139848391,1.4406735074910715,-0.10154703463691121,0.36192105545421593,0.3324556475696408,0.23963672811986442,-0.8408793031175495,-0.9825787510366044,0.7777426342951692,0.820625593915466,0.0,7.105427357601002e-15,0.0,2.267786838055363,-0.4454651972011986,-0.4424625195441246,-0.4529425467679601,0.0,-0.446963964670851
Gulu,2021,9,1200.0,3000.0,train,0.788683310169886,0.7331938536941649,1.4406735074910715,-0.10154703463691121,0.5284458896975244,0.006466590031277654,0.2004148214924505,-0.7323768840555374,-1.5041233610892413,0.7777426342951692,0.820625593915466,0.0,7.105427357601002e-15,0.0,2.267786838055363,-0.4454651972011986,-0.4424625195441246,-0.4529425467679601,0.0,-0.446963964670851
Gulu,2021,10,1120.0,2800.0,train,0.788683310169886,1.0200145934034908,1.4406735074910715,-0.10154703463691121,0.4325056559770998,0.19594823366599287,0.12197100823762261,0.08229329802289548,-1.3998907999293806,0.7777426342951692,0.820625593915466,0.0,7.105427357601002e-15,0.0,2.267786838055363,-0.4454651972011986,-0.4424625195441246,-0.4529425467679601,0.0,-0.446963964670851
Gulu,2021,11,1286.0,2871.0,train,0.788683310169886,1.3068353331128166,1.4406735074910715,-0.10154703463691121,0.9197449858001134,0.28042210684952634,0.27885863474727834,0.014769227252712147,-1.4602158719559666,0.7777426342951692,0.820625593915466,0.0,7.105427357601002e-15,0.0,2.267786838055363,-0.4454651972011986,-0.4424625195441246,-0.4529425467679601,0.0,-0.446963964670851
Gulu,2021,12,1357.0,2914.0,train,0.788683310169886,1.5936560728221425,1.4406735074910715,-0.10154703463691121,1.2137332734148432,0.29601066760245315,0.35730244800210625,0.5428486967492984,-0.8374931347701314,0.7777426342951692,0.820625593915466,0.0,7.105427357601002e-15,0.0,2.267786838055363,-0.4454651972011986,-0.4424625195441246,-0.4529425467679601,0.0,-0.446963964670851
Gulu,2022,1,1467.0,3084.81,train,0.9742456998465411,-1.5613720639804418,1.4406735074910715,-0.10154703463691121,1.2137332734148432,0.3371322157955189,0.5534119811391759,0.7858838064297673,-1.1742444862096817,0.7777426342951692,0.820625593915466,0.0,7.105427357601002e-15,0.0,2.267786838055363,-0.4454651972011986,-0.4424625195441246,-0.4529425467679601,0.0,-0.446963964670851
Gulu,2022,2,1300.0,3167.0,train,0.9742456998465411,-1.274551324271116,1.4406735074910715,-0.10154703463691121,1.2137332734148432,0.097794054580322,0.6318557943940039,0.24723759303403023,-1.3506380512494462,0.9475841832931328,0.8827241799677764,0.0,7.105427357601002e-15,0.0,2.267786838055363,-0.4454651972011986,-0.4424625195441246,-0.4529425467679601,0.0,-0.446963964670851
Gulu,2022,3,1500.0,3200.0,train,0.9742456998465411,-0.9877305845617901,1.4406735074910715,-0.10154703463691121,1.2137332734148432,0.2749392337571171,0.7102996076488317,0.4299649448510529,-1.4239444678893485,0.9475841832931328,0.8827241799677764,0.0,7.105427357601002e-15,0.0,2.267786838055363,-0.4454651972011986,-0.4424625195441246,-0.4529425467679601,0.0,-0.446963964670851
Gulu,2022,4,1529.0,3500.0,train,0.9742456998465411,-0.7009098448524642,1.4406735074910715,-0.10154703463691121,1.2137332734148432,0.2745360813238521,0.8671872341584865,1.0379393072436576,-1.4086722977560353,0.9475841832931328,0.8827241799677764,0.0,7.105427357601002e-15,0.0,2.267786838055363,-0.4454651972011986,-0.4424625195441246,-0.4529425467679601,0.0,-0.446963964670851
Gulu,2022,5,1620.0,4400.0,train,0.9742456998465411,-0.4140891051431384,1.4406735074910715,-0.10154703463691121,1.2137332734148432,0.12958934315051587,1.1417405805503842,0.9049529693909303,-0.790531211610194,0.9475841832931328,0.8827241799677764,0.0,7.105427357601002e-15,0.0,2.267786838055363,-0.4454651972011986,-0.4424625195441246,-0.4529425467679601,0.0,-0.446963964670851
Gulu,2022,6,1500.0,4474.72,train,0.9742456998465411,-0.12726836543381256,1.4406735074910715,-0.10154703463691121,1.2137332734148432,0.18455245821902558,1.1809624871777982,0.506251681293703,-0.725624488543614,0.9475841832931328,0.8827241799677764,0.0,7.105427357601002e-15,0.0,2.267786838055363,-0.4454651972011986,-0.4424625195441246,-0.4529425467679601,0.0,-0.446963964670851
Gulu,2022,7,1751.42,4401.01,train,0.9742456998465411,0.15955237427551328,1.4406735074910715,-0.10154703463691121,1.8650235500259456,0.08121105115867368,1.4162939269422818,0.6088264147537523,0.03645680110870176,0.7777426342951692,0.820625593915466,0.0,7.105427357601002e-15,0.0,2.267786838055363,-0.4454651972011986,-0.4424625195441246,-0.4529425467679601,0.0,-0.446963964670851
Gulu,2022,8,2000.0,4260.0,train,0.9742456998465411,0.4463731139848391,1.4406735074910715,-0.10154703463691121,2.036078133875626,0.16960894135932336,1.5339596468245236,1.3928272669785524,0.9042978689342097,0.7777426342951692,0.820625593915466,0.0,7.105427357601002e-15,0.0,2.267786838055363,-0.4454651972011986,-0.4424625195441246,-0.4529425467679601,0.0,-0.446963964670851
Gulu,2022,9,2000.0,4950.0,train,0.9742456998465411,0.7331938536941649,1.4406735074910715,-0.10154703463691121,3.2695954245667997,-0.0008707842541517936,2.083066339608318,1.3928272669785524,2.0989633776126144,0.7777426342951692,0.820625593915466,0.0,7.105427357601002e-15,0.0,2.267786838055363,-0.4454651972011986,-0.4424625195441246,-0.4529425467679601,0.0,-0.446963964670851
Gulu,2022,10,2000.0,5088.0,train,0.9742456998465411,1.0200145934034908,1.4406735074910715,-0.10154703463691121,3.7186162769998985,0.13297582358994478,2.4360634992550434,1.699520565514881,2.736958284931762,0.7777426342951692,0.820625593915466,0.0,7.105427357601002e-15,0.0,2.267786838055363,-0.4454651972011986,-0.4424625195441246,-0.4529425467679601,0.0,-0.446963964670851
Gulu,2022,11,1975.0,5088.0,train,0.9742456998465411,1.3068353331128166,1.4406735074910715,-0.10154703463691121,2.5843080408494807,0.20806968349283775,1.965400619726076,1.0554646385885906,2.5655281751853254,0.7777426342951692,0.820625593915466,0.0,7.105427357601002e-15,0.0,2.267786838055363,-0.4454651972011986,-0.4424625195441246,-0.4529425467679601,0.0,-0.446963964670851
Gulu,2022,12,2000.0,5660.0,train,0.9742456998465411,1.5936560728221425,1.4406735074910715,-0.10154703463691121,3.2695954245667997,0.10244374597731577,2.3183977793728014,0.895674852796554,3.2149772101044576,0.7777426342951692,0.820625593915466,0.0,7.105427357601002e-15,0.0,2.267786838055363,-0.4454651972011986,-0.4424625195441246,-0.4529425467679601,0.0,-0.446963964670851
Gulu,2023,1,1500.0,5750.0,train,1.1598080895231961,-1.5613720639804418,1.4406735074910715,-0.10154703463691121,2.7556298867788107,-0.09794989018444876,2.043844432980904,-0.26744015249290126,2.9160244797448573,0.7777426342951692,0.8827241799677764,0.0,7.105427357601002e-15,0.0,2.267786838055363,-0.4454651972011986,-0.4424625195441246,-0.4529425467679601,0.0,-0.446963964670851
Gulu,2023,2,1416.67,6000.0,train,1.1598080895231961,-1.274551324271116,1.4406735074910715,-0.10154703463691121,1.6705938135176683,0.0009568401099846379,1.7300691799615933,-0.09424864273120971,3.0324747770113682,0.7777426342951692,0.8827241799677764,0.0,7.105427357601002e-15,0.0,2.267786838055363,-0.4454651972011986,-0.4424625195441246,-0.4529425467679601,0.0,-0.446963964670851
Gulu,2023,3,1637.5,5687.5,train,1.1598080895231961,-0.9877305845617901,1.4406735074910715,-0.10154703463691121,1.4278855808265054,-0.13426048600721474,1.926178713098662,-0.08909413351211178,2.5850001921052987,0.7777426342951692,0.8827241799677764,0.0,7.105427357601002e-15,0.0,2.267786838055363,-0.4454651972011986,-0.4424625195441246,-0.4529425467679601,0.0,-0.446963964670851
Gulu,2023,4,1667.0,6000.0,train,1.1598080895231961,-0.7009098448524642,1.4406735074910715,-0.10154703463691121,0.8142107287076464,-0.2871358887014357,1.965400619726076,-0.09270228996548036,2.3444635125056204,0.7777426342951692,0.8827241799677764,0.0,7.105427357601002e-15,0.0,2.267786838055363,-0.4454651972011986,-0.4424625195441246,-0.4529425467679601,0.0,-0.446963964670851
Gulu,2023,5,2000.0,6530.0,train,1.1598080895231961,-0.4140891051431384,1.4406735074910715,-0.10154703463691121,0.185802197838865,-0.17194180010308288,2.122288246235732,0.27919555019243764,1.4655501213334603,0.7777426342951692,0.8827241799677764,0.0,7.105427357601002e-15,0.0,2.267786838055363,-0.4454651972011986,-0.4424625195441246,-0.4529425467679601,0.0,-0.446963964670851
Gulu,2023,6,1933.0,6557.42,train,1.1598080895231961,-0.12726836543381256,1.4406735074910715,-0.10154703463691121,-0.01978401727633065,-0.41931613315470245,2.122288246235732,0.4186250245690375,1.3941527259602222,0.7777426342951692,0.8827241799677764,0.0,7.105427357601002e-15,0.0,2.267786838055363,-0.4454651972011986,-0.4424625195441246,-0.4529425467679601,0.0,-0.446963964670851
Gulu,2023,7,1850.0,6538.0,test,1.1598080895231961,0.15955237427551328,1.4406735074910715,-0.10154703463691121,-0.11366838884560333,-0.3839193495140044,2.1615101528631455,-0.1803289466901457,1.4712771851334527,0.9475841832931328,0.9448227660200869,0.0,7.105427357601002e-15,0.0,2.267786838055363,-0.4454651972011986,-0.4424625195441246,-0.4529425467679601,0.0,-0.446963964670851
Gulu,2023,8,1529.0,6000.0,test,1.1598080895231961,0.4463731139848391,1.4406735074910715,-0.10154703463691121,-0.15684149401979441,-0.4614858776742584,1.847734899843834,-0.9323718417565384,1.1769061058138457,0.9475841832931328,0.9448227660200869,0.0,7.105427357601002e-15,0.0,2.267786838055363,-0.4454651972011986,-0.4424625195441246,-0.4529425467679601,0.0,-0.446963964670851
Gulu,2023,9,1414.0,6000.0,train,1.1598080895231961,0.7331938536941649,1.4406735074910715,-0.10154703463691121,0.5284458896975244,-0.3158134651210446,1.8085129932164203,-1.0805639818056048,0.4270425522681803,0.9475841832931328,0.9448227660200869,0.0,7.105427357601002e-15,0.0,2.267786838055363,-0.4454651972011986,-0.4424625195441246,-0.4529425467679601,0.0,-0.446963964670851
Gulu,2023,10,1438.0,5992.26,train,1.1598080895231961,1.0200145934034908,1.4406735074910715,-0.10154703463691121,0.5284458896975244,-0.10327150230355084,1.6124034600793515,-1.049636926491017,0.29570188912168893,0.9475841832931328,0.9448227660200869,0.0,7.105427357601002e-15,0.0,2.267786838055363,-0.4454651972011986,-0.4424625195441246,-0.4529425467679601,0.0,-0.446963964670851
Gulu,2023,11,1411.0,5500.0,train,1.1598080895231961,1.3068353331128166,1.4406735074910715,-0.10154703463691121,0.5284458896975244,-0.18847104986696192,1.5339596468245236,-1.0614922976949424,-0.07350282385115145,0.9475841832931328,0.9448227660200869,0.0,7.105427357601002e-15,0.0,2.267786838055363,-0.4454651972011986,-0.4424625195441246,-0.4529425467679601,0.0,-0.446963964670851
Gulu,2023,12,1360.0,5489.53,train,1.1598080895231961,1.5936560728221425,1.4406735074910715,-0.10154703463691121,0.5284458896975244,-0.19486773514143912,1.4555158335696956,-1.1501498562634271,-0.4976873493039184,0.9475841832931328,0.9448227660200869,0.0,7.105427357601002e-15,0.0,2.267786838055363,-0.4454651972011986,-0.4424625195441246,-0.4529425467679601,0.0,-0.446963964670851
Gulu,2024,1,1492.0,5363.06,train,1.3453704791998513,-1.5613720639804418,1.4406735074910715,-0.10154703463691121,0.27146312080352986,-0.24843325510796171,1.4555158335696956,-0.3390878306383629,-0.6397185315437288,0.9475841832931328,0.8827241799677764,0.0,7.105427357601002e-15,0.0,2.267786838055363,-0.4454651972011986,-0.4424625195441246,-0.4529425467679601,0.0,-0.446963964670851
Gulu,2024,2,1250.0,5127.61,train,1.3453704791998513,-1.274551324271116,1.4406735074910715,-0.10154703463691121,0.4482672658025981,-0.30503585673841754,1.259406300432626,-0.6285135232907135,-0.9379076533966639,0.9475841832931328,0.8827241799677764,0.0,7.105427357601002e-15,0.0,2.267786838055363,-0.4454651972011986,-0.4424625195441246,-0.4529425467679601,0.0,-0.446963964670851
Gulu,2024,3,1257.0,5165.42,train,1.3453704791998513,-0.9877305845617901,1.4406735074910715,-0.10154703463691121,0.43044979382594784,-0.1712967562098583,1.29862820706004,-0.9243823524669366,-0.7332605736102705,0.9475841832931328,0.8827241799677764,0.0,7.105427357601002e-15,0.0,2.267786838055363,-0.4454651972011986,-0.4424625195441246,-0.4529425467679601,0.0,-0.446963964670851
Gulu,2024,4,1211.0,5166.94,train,1.3453704791998513,-0.7009098448524642,1.4406735074910715,-0.10154703463691121,0.5284458896975244,-0.39340687011018227,1.1025186739229702,-1.0303075169193996,-0.9127085726766977,0.9475841832931328,0.8827241799677764,0.0,7.105427357601002e-15,0.0,2.267786838055363,-0.4454651972011986,-0.4424625195441246,-0.4529425467679601,0.0,-0.446963964670851
Gulu,2024,5,1150.0,5165.31,train,1.3453704791998513,-0.4140891051431384,1.4406735074910715,-0.10154703463691121,0.5969746280692563,-0.30530462502726086,1.1025186739229702,-1.4207615902660702,-1.1807351585163397,0.9475841832931328,0.8827241799677764,0.0,7.105427357601002e-15,0.0,2.267786838055363,-0.4454651972011986,-0.4424625195441246,-0.4529425467679601,0.0,-0.446963964670851
Gulu,2024,6,1075.0,5110.72,train,1.3453704791998513,-0.12726836543381256,1.4406735074910715,-0.10154703463691121,0.5113137051045915,-0.06948732839591455,1.1809624871777982,-1.469471702386546,-1.2250244519029472,0.9475841832931328,0.8827241799677764,0.0,7.105427357601002e-15,0.0,2.267786838055363,-0.4454651972011986,-0.4424625195441246,-0.4529425467679601,0.0,-0.446963964670851
Gulu,2024,7,1086.0,4914.0,test,1.3453704791998513,0.15955237427551328,1.4406735074910715,-0.10154703463691121,0.7244380814406776,0.008885504630869396,1.3378501136874539,-1.3898345349514825,-1.331166034329472,0.9475841832931328,0.8827241799677764,0.0,7.105427357601002e-15,0.0,2.267786838055363,-0.4454651972011986,-0.4424625195441246,-0.4529425467679601,0.0,-0.446963964670851
Gulu,2024,8,1133.0,4875.0,train,1.3453704791998513,0.4463731139848391,1.4406735074910715,-0.10154703463691121,0.8423075114400564,-0.10864686808042219,1.259406300432626,-0.9929373250809393,-1.0986472440497828,0.9475841832931328,0.8827241799677764,0.0,7.105427357601002e-15,0.0,2.267786838055363,-0.4454651972011986,-0.4424625195441246,-0.4529425467679601,0.0,-0.446963964670851
Gulu,2024,9,1067.0,5000.0,train,1.3453704791998513,0.7331938536941649,1.4406735074910715,-0.10154703463691121,1.099290280334051,-0.08193130016937203,1.3378501136874539,-0.9578866623910732,-1.0192319593565555,0.9475841832931328,0.8827241799677764,0.0,7.105427357601002e-15,0.0,2.267786838055363,-0.4454651972011986,-0.4424625195441246,-0.4529425467679601,0.0,-0.446963964670851
Gulu,2024,10,1000.0,4883.0,test,1.3453704791998513,1.0200145934034908,1.4406735074910715,-0.10154703463691121,0.6428888827783167,-0.12184339106264158,1.3378501136874539,-1.110460135276373,-1.089483941969795,0.9475841832931328,0.8827241799677764,0.0,7.105427357601002e-15,0.0,2.267786838055363,-0.4454651972011986,-0.4424625195441246,-0.4529425467679601,0.0,-0.446963964670851
Gulu,2024,11,1200.0,4000.0,train,1.3453704791998513,1.3068353331128166,1.4406735074910715,-0.10154703463691121,1.2137332734148432,-0.09682106337130558,1.3378501136874539,-0.710727945335326,-1.4239444678893485,0.9475841832931328,0.8827241799677764,0.0,7.105427357601002e-15,0.0,2.267786838055363,-0.4454651972011986,-0.4424625195441246,-0.4529425467679601,0.0,-0.446963964670851
Gulu,2024,12,1200.0,4000.0,train,1.3453704791998513,1.5936560728221425,1.4406735074910715,-0.10154703463691121,1.2137332734148432,-0.24281599787113137,1.29862820706004,-0.6285135232907135,-1.4185992083426888,0.9475841832931328,0.8827241799677764,0.0,7.105427357601002e-15,0.0,2.267786838055363,-0.4454651972011986,-0.4424625195441246,-0.4529425467679601,0.0,-0.446963964670851
Gulu,2025,1,1272.0,3369.0,train,1.5309328688765063,-1.5613720639804418,1.4406735074910715,-0.10154703463691121,0.4873286466744853,0.18777767768514853,0.7495215142762456,-0.705573436116228,-1.8023124829421764,0.9475841832931328,0.9448227660200869,0.0,7.105427357601002e-15,0.0,2.267786838055363,-0.4454651972011986,-0.4424625195441246,-0.4529425467679601,0.0,-0.446963964670851
Gulu,2025,2,1224.0,3790.0,test,1.5309328688765063,-1.274551324271116,1.4406735074910715,-0.10154703463691121,0.9718268269626297,0.08333432064053777,1.1025186739229702,-0.37903527708637214,-1.378891565996075,0.9475841832931328,0.9448227660200869,0.0,7.105427357601002e-15,0.0,2.267786838055363,-0.4454651972011986,-0.4424625195441246,-0.4529425467679601,0.0,-0.446963964670851
Gulu,2025,3,1242.0,3880.06,test,1.5309328688765063,-0.9877305845617901,1.4406735074910715,-0.10154703463691121,1.0472084391715348,0.18355801555030407,1.1809624871777982,-0.3560977110613862,-1.3326932513428036,0.9475841832931328,0.9448227660200869,0.0,7.105427357601002e-15,0.0,2.267786838055363,-0.4454651972011986,-0.4424625195441246,-0.4529425467679601,0.0,-0.446963964670851
Gulu,2025,4,1550.0,4144.36,train,1.5309328688765063,-0.7009098448524642,1.4406735074910715,-0.10154703463691121,0.5284458896975244,-0.13657189329126915,1.3770720203148679,0.39594518400500645,-1.1383548863963964,0.9475841832931328,0.9448227660200869,0.0,7.105427357601002e-15,0.0,2.267786838055363,-0.4454651972011986,-0.4424625195441246,-0.4529425467679601,0.0,-0.446963964670851
Gulu,2025,5,2000.0,4427.5,test,1.5309328688765063,-0.4140891051431384,1.4406735074910715,-0.10154703463691121,0.5284458896975244,-0.10939941928918472,2.122288246235732,1.5794205007098985,-0.9279807428100106,0.9475841832931328,0.9448227660200869,0.0,7.105427357601002e-15,0.0,2.267786838055363,-0.4454651972011986,-0.4424625195441246,-0.4529425467679601,0.0,-0.446963964670851
Gulu,2025,6,2000.0,4860.0,train,1.5309328688765063,-0.12726836543381256,1.4406735074910715,-0.10154703463691121,0.5284458896975244,0.1298581114393598,2.592951125764699,1.892299210309145,-0.5702301574371549,0.9475841832931328,0.9448227660200869,0.0,7.105427357601002e-15,0.0,2.267786838055363,-0.4454651972011986,-0.4424625195441246,-0.4529425467679601,0.0,-0.446963964670851
Gulu,2025,7,1800.0,4325.0,train,1.5309328688765063,0.15955237427551328,1.4406735074910715,-0.10154703463691121,0.6141068126621892,0.19248112273991094,2.3183977793728014,1.3691165245707018,-0.840547568796794,0.9475841832931328,0.9448227660200869,0.0,7.105427357601002e-15,0.0,2.267786838055363,-0.4454651972011986,-0.4424625195441246,-0.4529425467679601,0.0,-0.446963964670851
Gulu,2025,8,1333.0,4033.0,test,1.5309328688765063,0.4463731139848391,1.4406735074910715,-0.10154703463691121,1.2137332734148432,0.264000364401184,2.043844432980904,0.1294570573776418,-1.0421402145565248,0.9475841832931328,0.9448227660200869,0.0,7.105427357601002e-15,0.0,2.267786838055363,-0.4454651972011986,-0.4424625195441246,-0.4529425467679601,0.0,-0.446963964670851
Gulu,2025,9,1540.0,4500.0,train,1.5309328688765063,0.7331938536941649,1.4406735074910715,-0.10154703463691121,1.1452045350431115,0.3583111569563923,1.926178713098662,0.81706858720531,-0.7645685223835621,0.9475841832931328,0.9448227660200869,0.0,7.105427357601002e-15,0.0,2.267786838055363,-0.4454651972011986,-0.4424625195441246,-0.4529425467679601,0.0,-0.446963964670851
Gulu,2025,10,1820.0,4900.0,train,1.5309328688765063,1.0200145934034908,1.4406735074910715,-0.10154703463691121,1.2137332734148432,0.3735234421049379,2.1615101528631455,1.7879203986224113,-0.3694011201840897,0.9475841832931328,0.9448227660200869,0.0,7.105427357601002e-15,0.0,2.267786838055363,-0.4454651972011986,-0.4424625195441246,-0.4529425467679601,0.0,-0.446963964670851
Gulu,2025,11,2000.0,5036.73,test,1.5309328688765063,1.3068353331128166,1.4406735074910715,-0.10154703463691121,1.2137332734148432,0.25381404625401294,2.4360634992550434,1.3928272669785524,0.6068723555879402,0.9475841832931328,0.9448227660200869,0.0,7.105427357601002e-15,0.0,2.267786838055363,-0.4454651972011986,-0.4424625195441246,-0.4529425467679601,0.0,-0.446963964670851
Gulu,2025,12,1871.0,5000.0,train,1.5309328688765063,1.5936560728221425,1.4406735074910715,-0.10154703463691121,1.3603847735303496,0.2202448869774513,1.8085129932164203,1.115772396452037,0.5717463642813204,0.9475841832931328,0.9448227660200869,0.0,7.105427357601002e-15,0.0,2.267786838055363,-0.4454651972011986,-0.4424625195441246,-0.4529425467679601,0.0,-0.446963964670851
Gulu,2026,1,1654.0,4477.14,train,1.7164952585531614,-1.5613720639804418,1.4406735074910715,-0.10154703463691121,2.5843080408494807,-0.07859857338771177,2.00462252635349,0.44852117803980573,0.8729899201609181,0.9475841832931328,0.8827241799677764,0.0,7.105427357601002e-15,0.0,2.267786838055363,-0.4454651972011986,-0.4424625195441246,-0.4529425467679601,0.0,-0.446963964670851
Gulu,2026,2,1772.0,3849.0,train,1.7164952585531614,-1.274551324271116,1.4406735074910715,-0.10154703463691121,2.5843080408494807,0.15818628908347174,1.847734899843834,0.8284085074873256,-0.32320280553081804,0.9475841832931328,0.8827241799677764,0.0,7.105427357601002e-15,0.0,2.267786838055363,-0.4454651972011986,-0.4424625195441246,-0.4529425467679601,0.0,-0.446963964670851
Gulu,2026,3,1875.0,4010.0,train,1.7164952585531614,-0.9877305845617901,1.4406735074910715,-0.10154703463691121,2.5843080408494807,0.06312294531950152,2.00462252635349,0.9881982932793624,-0.2548598441842426,0.9475841832931328,0.8827241799677764,0.0,7.105427357601002e-15,0.0,2.267786838055363,-0.4454651972011986,-0.4424625195441246,-0.4529425467679601,0.0,-0.446963964670851
Gulu,2026,4,1949.0,4729.84,train,1.7164952585531614,-0.7009098448524642,1.4406735074910715,-0.10154703463691121,2.5843080408494807,0.2566629901157546,2.2791758727453875,0.33795695529015435,0.1567251409085412,0.9475841832931328,0.8827241799677764,0.0,7.105427357601002e-15,0.0,2.267786838055363,-0.4454651972011986,-0.4424625195441246,-0.4529425467679601,0.0,-0.446963964670851
Gulu,2026,5,1759.8,4236.04,train,1.7164952585531614,-0.4140891051431384,1.4406735074910715,-0.10154703463691121,1.9684539748504006,0.5063756072803135,2.043844432980904,-0.6349566598145859,-0.5477037064905184,0.7777426342951692,0.820625593915466,0.0,7.105427357601002e-15,0.0,2.267786838055363,-0.4454651972011986,-0.4424625195441246,-0.4529425467679601,0.0,-0.446963964670851
Gulu,2026,6,2036.3,4159.39,train,1.7164952585531614,-0.12726836543381256,1.4406735074910715,-0.10154703463691121,2.106333796454326,0.4755747613788406,2.2399539661179735,-0.27852234731396186,-0.9333260023566702,0.6645149349631941,0.6964284218108439,0.0,7.105427357601002e-15,0.0,2.267786838055363,-0.4454651972011986,-0.4424625195441246,-0.4529425467679601,0.0,-0.446963964670851
Gulu,2026,7,1864.97,4105.87,train,1.7164952585531614,0.15955237427551328,1.4406735074910715,-0.10154703463691121,2.1768087509958147,0.2667686777762727,2.122288246235732,-0.23238948980303514,-0.5763390254904801,0.49467338596523064,0.572231249706223,0.0,7.105427357601002e-15,0.0,2.267786838055363,-0.4454651972011986,-0.4424625195441246,-0.4529425467679601,0.0,-0.446963964670851
Gulu,2026,8,1858.59,4192.04,test,1.7164952585531614,0.4463731139848391,1.4406735074910715,-0.10154703463691121,2.186066983549836,0.32052233554498627,2.122288246235732,0.69078311133741,-0.23233339323760605,0.32483183696726803,0.4480340776016009,0.0,7.105427357601002e-15,0.0,2.267786838055363,-0.4454651972011986,-0.4424625195441246,-0.4529425467679601,0.0,-0.446963964670851
Hoima,2008,1,583.81,991.84,train,-1.6236277556266299,-1.5613720639804418,0.27422968706969925,-0.9336618491938082,-1.726204425723152,-1.662691991002815,-1.7214586032508308,-0.08239327152728443,-0.17697177650434665,-1.2603559536803886,-1.2286277458107875,0.0,7.105427357601002e-15,0.0,-0.44095855184409843,2.2448442802779502,-0.4424625195441246,-0.4529425467679601,0.0,-0.446963964670851
Hoima,2008,2,542.45,1011.43,train,-1.6236277556266299,-1.274551324271116,0.27422968706969925,-0.9336618491938082,-1.7951169250297654,-1.7337274497441701,-1.7999024165056585,-0.09708362280171363,-0.20293446573097862,-1.2603559536803886,-1.2286277458107875,0.0,7.105427357601002e-15,0.0,-0.44095855184409843,2.2448442802779502,-0.4424625195441246,-0.4529425467679601,0.0,-0.446963964670851
Hoima,2008,3,585.17,1050.93,train,-1.6236277556266299,-0.9877305845617901,0.27422968706969925,-0.9336618491938082,-1.7955280974599959,-1.723541131596999,-1.7606805098782448,-0.0442499033059595,-0.21171596355763356,-1.2603559536803886,-1.2286277458107875,0.0,7.105427357601002e-15,0.0,-0.44095855184409843,2.2448442802779502,-0.4424625195441246,-0.4529425467679601,0.0,-0.446963964670851
Hoima,2008,4,597.87,1152.15,test,-1.6236277556266299,-0.7009098448524642,0.27422968706969925,-0.9336618491938082,-1.677891665171081,-1.5649140875215255,-1.6822366966234168,-0.005848809623679674,-0.03570420277120191,-1.2603559536803886,-1.2286277458107875,0.0,7.105427357601002e-15,0.0,-0.44095855184409843,2.2448442802779502,-0.4424625195441246,-0.4529425467679601,0.0,-0.446963964670851
Hoima,2008,5,604.64,1171.87,train,-1.6236277556266299,-0.4140891051431384,0.27422968706969925,-0.9336618491938082,-1.6930844864680938,-1.643098782746119,-1.6822366966234168,-0.007137436928454183,-0.09984731733111626,-1.2603559536803886,-1.2286277458107875,0.0,7.105427357601002e-15,0.0,-0.44095855184409843,2.2448442802779502,-0.4424625195441246,-0.4529425467679601,0.0,-0.446963964670851
Hoima,2008,6,558.29,1050.46,train,-1.6236277556266299,-0.12726836543381256,0.27422968706969925,-0.9336618491938082,-1.7232439842254932,-1.4811390118889851,-1.7214586032508308,-0.06306386195566707,-0.16169960637103367,-1.2603559536803886,-1.2286277458107875,0.0,7.105427357601002e-15,0.0,-0.44095855184409843,2.2448442802779502,-0.4424625195441246,-0.4529425467679601,0.0,-0.446963964670851
Hoima,2008,7,596.0,1098.21,train,-1.6236277556266299,0.15955237427551328,0.27422968706969925,-0.9336618491938082,-1.724148563572,-1.5385479183859716,-1.6822366966234168,0.06889157405324078,0.17466994081518386,-1.2603559536803886,-1.2286277458107875,0.0,7.105427357601002e-15,0.0,-0.44095855184409843,2.2448442802779502,-0.4424625195441246,-0.4529425467679601,0.0,-0.446963964670851
Hoima,2008,8,583.77,1141.99,train,-1.6236277556266299,0.4463731139848391,0.27422968706969925,-0.9336618491938082,-1.6393099854677962,-1.5246794746816432,-1.643014789996003,0.02018146193276503,0.10479976245527715,-1.2603559536803886,-1.2286277458107875,0.0,7.105427357601002e-15,0.0,-0.44095855184409843,2.2448442802779502,-0.4424625195441246,-0.4529425467679601,0.0,-0.446963964670851
Hoima,2008,9,607.93,1373.58,train,-1.6236277556266299,0.7331938536941649,0.27422968706969925,-0.9336618491938082,-1.5852065465233136,-1.555023414492082,-1.564570976741175,0.12919933191668695,0.8130466523876648,-1.2603559536803886,-1.2286277458107875,0.0,7.105427357601002e-15,0.0,-0.44095855184409843,2.2448442802779502,-0.4424625195441246,-0.4529425467679601,0.0,-0.446963964670851
Hoima,2008,10,616.68,1520.09,train,-1.6236277556266299,1.0200145934034908,0.27422968706969925,-0.9336618491938082,-1.5136556907893883,-1.6629070056338904,-1.564570976741175,0.17327038573997453,1.3811713813469064,-1.2603559536803886,-1.2286277458107875,0.0,7.105427357601002e-15,0.0,-0.44095855184409843,2.2448442802779502,-0.4424625195441246,-0.4529425467679601,0.0,-0.446963964670851
Hoima,2008,11,666.83,1396.91,train,-1.6236277556266299,1.3068353331128166,0.27422968706969925,-0.9336618491938082,-1.3386538516094968,-1.2676563600605393,-1.4469052568589333,0.2634742970741889,1.3594085389069355,-1.2603559536803886,-1.2286277458107875,0.0,7.105427357601002e-15,0.0,-0.44095855184409843,2.2448442802779502,-0.4424625195441246,-0.4529425467679601,0.0,-0.446963964670851
Hoima,2008,12,667.42,1379.32,train,-1.6236277556266299,1.5936560728221425,0.27422968706969925,-0.9336618491938082,-1.2584752277145705,-1.227018594787392,-1.4076833502315194,0.30728762543652155,1.3781169473202437,-1.2603559536803886,-1.2286277458107875,0.0,7.105427357601002e-15,0.0,-0.44095855184409843,2.2448442802779502,-0.4424625195441246,-0.4529425467679601,0.0,-0.446963964670851
Hoima,2009,1,646.54,1448.98,train,-1.438065365949975,-1.5613720639804418,0.27422968706969925,-0.9336618491938082,-1.2960358292161163,-1.3742767402447826,-1.4076833502315194,-0.04837351068123787,1.3769715345602453,-1.2603559536803886,-1.2286277458107875,0.0,7.105427357601002e-15,0.0,-0.44095855184409843,2.2448442802779502,-0.4424625195441246,-0.4529425467679601,0.0,-0.446963964670851
Hoima,2009,2,604.58,1500.8,test,-1.438065365949975,-1.274551324271116,0.27422968706969925,-0.9336618491938082,-1.3672029240151602,-1.277735170892173,-1.4469052568589333,-0.03033272841439502,1.464404708573462,-1.2603559536803886,-1.2286277458107875,0.0,7.105427357601002e-15,0.0,-0.44095855184409843,2.2448442802779502,-0.4424625195441246,-0.4529425467679601,0.0,-0.446963964670851
Hoima,2009,3,683.52,1460.33,test,-1.438065365949975,-0.9877305845617901,0.27422968706969925,-0.9336618491938082,-1.2148909501101488,-1.2047914573000291,-1.3684614436041058,0.10780811865743035,1.104745101933942,-1.2603559536803886,-1.2286277458107875,0.0,7.105427357601002e-15,0.0,-0.44095855184409843,2.2448442802779502,-0.4424625195441246,-0.4529425467679601,0.0,-0.446963964670851
Hoima,2009,4,616.39,1529.1,train,-1.438065365949975,-0.7009098448524642,0.27422968706969925,-0.9336618491938082,-0.9757736233096651,-0.6548377846683205,-1.2507957237218639,-0.24553348831173494,0.8664992478542601,-1.2603559536803886,-1.2286277458107875,0.0,7.105427357601002e-15,0.0,-0.44095855184409843,2.2448442802779502,-0.4424625195441246,-0.4529425467679601,0.0,-0.446963964670851
Hoima,2009,5,728.97,1770.04,train,-1.438065365949975,-0.4140891051431384,0.27422968706969925,-0.9336618491938082,-0.7736069922392187,-0.3309451197829371,-1.0546861905847942,0.20445516651551715,1.565964639959993,-1.2603559536803886,-1.2286277458107875,0.0,7.105427357601002e-15,0.0,-0.44095855184409843,2.2448442802779502,-0.4424625195441246,-0.4529425467679601,0.0,-0.446963964670851
Hoima,2009,6,756.07,1692.74,train,-1.438065365949975,-0.12726836543381256,0.27422968706969925,-0.9336618491938082,-0.7921919860856323,-0.38074788370565016,-1.0154642839573804,0.5876929269554507,1.9515869358261446,-1.2603559536803886,-1.2286277458107875,0.0,7.105427357601002e-15,0.0,-0.44095855184409843,2.2448442802779502,-0.4424625195441246,-0.4529425467679601,0.0,-0.446963964670851
Hoima,2009,7,740.19,1476.17,train,-1.438065365949975,0.15955237427551328,0.27422968706969925,-0.9336618491938082,-0.788422905475187,-0.2583239281374052,-1.1331300038396221,0.2980095088421452,0.9314059709208402,-1.2603559536803886,-1.2286277458107875,0.0,7.105427357601002e-15,0.0,-0.44095855184409843,2.2448442802779502,-0.4424625195441246,-0.4529425467679601,0.0,-0.446963964670851
Hoima,2009,8,718.82,1709.21,test,-1.438065365949975,0.4463731139848391,0.27422968706969925,-0.9336618491938082,-0.8873989623054797,-0.57901825038555,-1.0939080972122082,0.2709483354418809,1.513657457253396,-1.2603559536803886,-1.2286277458107875,0.0,7.105427357601002e-15,0.0,-0.44095855184409843,2.2448442802779502,-0.4424625195441246,-0.4529425467679601,0.0,-0.446963964670851
Hoima,2009,9,664.45,1825.43,train,-1.438065365949975,0.7331938536941649,0.27422968706969925,-0.9336618491938082,-0.9514390683138629,-0.5389717753478588,-1.0939080972122082,-0.08574370251969808,0.8733717244142509,-1.2603559536803886,-1.2286277458107875,0.0,7.105427357601002e-15,0.0,-0.44095855184409843,2.2448442802779502,-0.4424625195441246,-0.4529425467679601,0.0,-0.446963964670851
Hoima,2009,10,665.46,1649.26,train,-1.438065365949975,1.0200145934034908,0.27422968706969925,-0.9336618491938082,-1.0409376006273443,-0.7479122430948483,-1.1723519104670361,-0.12156754159242893,-0.0582306537178385,-1.2603559536803886,-1.2286277458107875,0.0,7.105427357601002e-15,0.0,-0.44095855184409843,2.2448442802779502,-0.4424625195441246,-0.4529425467679601,0.0,-0.446963964670851
Hoima,2009,11,672.52,1465.46,train,-1.438065365949975,1.3068353331128166,0.27422968706969925,-0.9336618491938082,-1.0248539057314994,-0.7186971300975522,-1.2115738170944501,-0.303521717026587,-0.19529838066432215,-1.2603559536803886,-1.2286277458107875,0.0,7.105427357601002e-15,0.0,-0.44095855184409843,2.2448442802779502,-0.4424625195441246,-0.4529425467679601,0.0,-0.446963964670851
Hoima,2009,12,650.31,1302.03,test,-1.438065365949975,1.5936560728221425,0.27422968706969925,-0.9336618491938082,-1.015376381214689,-0.6463984603986328,-1.2900176303492779,-0.39140609921220726,-0.5965746509171197,-1.2603559536803886,-1.2286277458107875,0.0,7.105427357601002e-15,0.0,-0.44095855184409843,2.2448442802779502,-0.4424625195441246,-0.4529425467679601,0.0,-0.446963964670851
Hoima,2010,1,614.87,1315.15,train,-1.2525029762733197,-1.5613720639804418,0.27422968706969925,-0.9336618491938082,-0.8891327393862842,-0.4548473009398222,-1.2115738170944501,-0.4517138570756534,-0.7355513991302676,-1.2603559536803886,-1.2286277458107875,0.0,7.105427357601002e-15,0.0,-0.44095855184409843,2.2448442802779502,-0.4424625195441246,-0.4529425467679601,0.0,-0.446963964670851
Hoima,2010,2,577.31,1401.73,train,-1.2525029762733197,-1.274551324271116,0.27422968706969925,-0.9336618491938082,-1.0378195430314312,-0.8353156906267765,-1.2900176303492779,-0.44166256409841237,-0.6347550762504022,-1.2603559536803886,-1.2286277458107875,0.0,7.105427357601002e-15,0.0,-0.44095855184409843,2.2448442802779502,-0.4424625195441246,-0.4529425467679601,0.0,-0.446963964670851
Hoima,2010,3,683.05,1411.1,train,-1.2525029762733197,-0.9877305845617901,0.27422968706969925,-0.9336618491938082,-0.9484100980778324,-0.8687235889300321,-1.2507957237218639,-0.32723245943443763,-0.5114323024239001,-1.2603559536803886,-1.2286277458107875,0.0,7.105427357601002e-15,0.0,-0.44095855184409843,2.2448442802779502,-0.4424625195441246,-0.4529425467679601,0.0,-0.446963964670851
Hoima,2010,4,648.95,1537.82,train,-1.2525029762733197,-0.7009098448524642,0.27422968706969925,-0.9336618491938082,-1.1677637367319091,-0.8310691516630483,-1.3292395369766918,-0.18934933782356714,-0.36100142661076756,-1.2603559536803886,-1.2286277458107875,0.0,7.105427357601002e-15,0.0,-0.44095855184409843,2.2448442802779502,-0.4424625195441246,-0.4529425467679601,0.0,-0.446963964670851
Hoima,2010,5,729.61,1771.19,train,-1.2525029762733197,-0.4140891051431384,0.27422968706969925,-0.9336618491938082,-1.2424737673047708,-1.0824750090473214,-1.2507957237218639,-0.32310885205915924,-0.3804734435307416,-1.2603559536803886,-1.2286277458107875,0.0,7.105427357601002e-15,0.0,-0.44095855184409843,2.2448442802779502,-0.4424625195441246,-0.4529425467679601,0.0,-0.446963964670851
Hoima,2010,6,754.73,1665.57,train,-1.2525029762733197,-0.12726836543381256,0.27422968706969925,-0.9336618491938082,-1.3203909428334297,-1.3651117415952168,-1.2900176303492779,-0.3300674395049415,-0.4442347538373231,-1.2603559536803886,-1.2286277458107875,0.0,7.105427357601002e-15,0.0,-0.44095855184409843,2.2448442802779502,-0.4424625195441246,-0.4529425467679601,0.0,-0.446963964670851
Hoima,2010,7,715.5,1424.52,train,-1.2525029762733197,0.15955237427551328,0.27422968706969925,-0.9336618491938082,-1.3914552445249162,-1.4289710870244485,-1.4469052568589333,-0.4115086851666893,-0.5163957577172268,-1.2603559536803886,-1.2286277458107875,0.0,7.105427357601002e-15,0.0,-0.44095855184409843,2.2448442802779502,-0.4424625195441246,-0.4529425467679601,0.0,-0.446963964670851
Hoima,2010,8,691.99,1651.43,test,-1.2525029762733197,0.4463731139848391,0.27422968706969925,-0.9336618491938082,-1.5734949851355844,-1.669303690908367,-1.4469052568589333,-0.4215599781439303,-0.5118141066772328,-1.2603559536803886,-1.2286277458107875,0.0,7.105427357601002e-15,0.0,-0.44095855184409843,2.2448442802779502,-0.4424625195441246,-0.4529425467679601,0.0,-0.446963964670851
Hoima,2010,9,623.39,1672.21,train,-1.2525029762733197,0.7331938536941649,0.27422968706969925,-0.9336618491938082,-1.5150810885475203,-1.6782805517557418,-1.486127163486347,-0.4847027160778803,-0.7030980375969775,-1.2603559536803886,-1.2286277458107875,0.0,7.105427357601002e-15,0.0,-0.44095855184409843,2.2448442802779502,-0.4424625195441246,-0.4529425467679601,0.0,-0.446963964670851
Hoima,2010,10,605.5,1633.92,test,-1.2525029762733197,1.0200145934034908,0.27422968706969925,-0.9336618491938082,-1.5529432164979022,-1.7080600781596096,-1.486127163486347,-0.5576390215281165,-0.4182720646106911,-1.2603559536803886,-1.2286277458107875,0.0,7.105427357601002e-15,0.0,-0.44095855184409843,2.2448442802779502,-0.4424625195441246,-0.4529425467679601,0.0,-0.446963964670851
Hoima,2010,11,629.47,1503.38,train,-1.2525029762733197,1.3068353331128166,0.27422968706969925,-0.9336618491938082,-1.4526514078908723,-1.58727560915331,-1.486127163486347,-0.49037267621888814,-0.2838769674375372,-1.2603559536803886,-1.2286277458107875,0.0,7.105427357601002e-15,0.0,-0.44095855184409843,2.2448442802779502,-0.4424625195441246,-0.4529425467679601,0.0,-0.446963964670851
Hoima,2010,12,631.28,1481.3,train,-1.2525029762733197,1.5936560728221425,0.27422968706969925,-0.9336618491938082,-1.4651990198867368,-1.6539570216153991,-1.486127163486347,-0.40094194126753846,0.1429801877885595,-1.2603559536803886,-1.2286277458107875,0.0,7.105427357601002e-15,0.0,-0.44095855184409843,2.2448442802779502,-0.4424625195441246,-0.4529425467679601,0.0,-0.446963964670851
Hoima,2011,1,632.69,1609.85,train,-1.0669405865966646,-1.5613720639804418,0.27422968706969925,-0.9336618491938082,-1.3833825591447257,-1.6473990753676164,-1.4076833502315194,-0.2506879975308329,0.47285906266811906,-1.2603559536803886,-1.2286277458107875,0.0,7.105427357601002e-15,0.0,-0.44095855184409843,2.2448442802779502,-0.4424625195441246,-0.4529425467679601,0.0,-0.446963964670851
Hoima,2011,2,608.71,1718.6,train,-1.0669405865966646,-1.274551324271116,0.27422968706969925,-0.9336618491938082,-1.2627993911058264,-1.7228154572171215,-1.3292395369766918,-0.18522573044828874,0.48049514773477553,-1.2603559536803886,-1.2286277458107875,0.0,7.105427357601002e-15,0.0,-0.44095855184409843,2.2448442802779502,-0.4424625195441246,-0.4529425467679601,0.0,-0.446963964670851
Hoima,2011,3,755.7,1816.9,train,-1.0669405865966646,-0.9877305845617901,0.27422968706969925,-0.9336618491938082,-1.0509839136726409,-1.322296953182437,-1.1331300038396221,-0.051208490751741734,0.715304763534462,-1.2603559536803886,-1.2286277458107875,0.0,7.105427357601002e-15,0.0,-0.44095855184409843,2.2448442802779502,-0.4424625195441246,-0.4529425467679601,0.0,-0.446963964670851
Hoima,2011,4,753.83,1702.95,train,-1.0669405865966646,-0.7009098448524642,0.27422968706969925,-0.9336618491938082,-1.1690178126441118,-0.9102482895563628,-1.0546861905847942,0.09105596369536201,0.02729349902871399,-1.2603559536803886,-1.2286277458107875,0.0,7.105427357601002e-15,0.0,-0.44095855184409843,2.2448442802779502,-0.4424625195441246,-0.4529425467679601,0.0,-0.446963964670851
Hoima,2011,5,807.84,1870.84,train,-1.0669405865966646,-0.4140891051431384,0.27422968706969925,-0.9336618491938082,-0.8666758718218674,-0.31481902245232307,-0.8977985640751389,-0.04914668706410255,-0.16780847442435887,-1.2603559536803886,-1.2286277458107875,0.0,7.105427357601002e-15,0.0,-0.44095855184409843,2.2448442802779502,-0.4424625195441246,-0.4529425467679601,0.0,-0.446963964670851
Hoima,2011,6,899.45,1820.37,train,-1.0669405865966646,-0.12726836543381256,0.27422968706969925,-0.9336618491938082,-1.0115319189920344,-0.6743772392672478,-0.8977985640751389,0.1686313274427864,-0.028068117704545467,-1.2603559536803886,-1.2286277458107875,0.0,7.105427357601002e-15,0.0,-0.44095855184409843,2.2448442802779502,-0.4424625195441246,-0.4529425467679601,0.0,-0.446963964670851
Hoima,2011,7,855.51,1544.42,train,-1.0669405865966646,0.15955237427551328,0.27422968706969925,-0.9336618491938082,-0.7284259950307357,-0.7147731130804366,-0.9370204707025525,0.17894034588098226,-0.06128508774450109,-1.2603559536803886,-1.2286277458107875,0.0,7.105427357601002e-15,0.0,-0.44095855184409843,2.2448442802779502,-0.4424625195441246,-0.4529425467679601,0.0,-0.446963964670851
Hoima,2011,8,906.04,1689.91,train,-1.0669405865966646,0.4463731139848391,0.27422968706969925,-0.9336618491938082,-0.6839371380798073,-0.8768403912531078,-0.8193547508203111,0.47171646952574653,-0.2938038780241906,-1.2603559536803886,-1.2286277458107875,0.0,7.105427357601002e-15,0.0,-0.44095855184409843,2.2448442802779502,-0.4424625195441246,-0.4529425467679601,0.0,-0.446963964670851
Hoima,2011,9,785.27,1555.98,train,-1.0669405865966646,0.7331938536941649,0.27422968706969925,-0.9336618491938082,-0.9084784022286239,-0.8249143578485301,-0.9762423773299664,0.343884640892117,-0.6481182251170509,-1.2603559536803886,-1.2286277458107875,0.0,7.105427357601002e-15,0.0,-0.44095855184409843,2.2448442802779502,-0.4424625195441246,-0.4529425467679601,0.0,-0.446963964670851
Hoima,2011,10,731.71,1514.73,train,-1.0669405865966646,1.0200145934034908,0.27422968706969925,-0.9336618491938082,-0.917620135927413,-0.7273783458271995,-1.0546861905847942,0.21192920488320927,-0.6610995697303669,-1.2603559536803886,-1.2286277458107875,0.0,7.105427357601002e-15,0.0,-0.44095855184409843,2.2448442802779502,-0.4424625195441246,-0.4529425467679601,0.0,-0.446963964670851
Hoima,2011,11,717.75,1395.69,train,-1.0669405865966646,1.3068353331128166,0.27422968706969925,-0.9336618491938082,-0.8906814888734855,-0.5646391469324193,-1.0154642839573804,0.03616044051196869,-0.6561361144370402,-1.2603559536803886,-1.2286277458107875,0.0,7.105427357601002e-15,0.0,-0.44095855184409843,2.2448442802779502,-0.4424625195441246,-0.4529425467679601,0.0,-0.446963964670851
Hoima,2011,12,701.67,1436.39,train,-1.0669405865966646,1.5936560728221425,0.27422968706969925,-0.9336618491938082,-0.9166401749686971,-0.4021955931553669,-0.9762423773299664,-0.03806449224304194,-0.498450957810584,-1.2603559536803886,-1.2286277458107875,0.0,7.105427357601002e-15,0.0,-0.44095855184409843,2.2448442802779502,-0.4424625195441246,-0.4529425467679601,0.0,-0.446963964670851
Hoima,2012,1,641.74,1396.53,train,-0.8813781969200096,-1.5613720639804418,0.27422968706969925,-0.9336618491938082,-0.9742385795701378,-0.25018024898544516,-1.0546861905847942,-0.2885736402912029,-0.8886549047167297,-1.2603559536803886,-1.2286277458107875,0.0,7.105427357601002e-15,0.0,-0.44095855184409843,2.2448442802779502,-0.4424625195441246,-0.4529425467679601,0.0,-0.446963964670851
Hoima,2012,2,584.0,1504.34,train,-0.8813781969200096,-1.274551324271116,0.27422968706969925,-0.9336618491938082,-0.9384528723924199,-0.38176920320325597,-1.0154642839573804,-0.43006491835544197,-0.8588741729567695,-1.2603559536803886,-1.2286277458107875,0.0,7.105427357601002e-15,0.0,-0.44095855184409843,2.2448442802779502,-0.4424625195441246,-0.4529425467679601,0.0,-0.446963964670851
Hoima,2012,3,718.95,1588.68,train,-0.8813781969200096,-0.9877305845617901,0.27422968706969925,-0.9336618491938082,-0.9001453076426214,-0.37249669723815276,-0.9762423773299664,-0.4506829552318338,-0.862310411236765,-1.2603559536803886,-1.2286277458107875,0.0,7.105427357601002e-15,0.0,-0.44095855184409843,2.2448442802779502,-0.4424625195441246,-0.4529425467679601,0.0,-0.446963964670851
Hoima,2012,4,722.59,1885.22,train,-0.8813781969200096,-0.7009098448524642,0.27422968706969925,-0.9336618491938082,-0.5655126252996178,-0.43952750847573874,-0.7801328441928972,-0.4321267220430811,0.02576628201538266,-1.2603559536803886,-1.2286277458107875,0.0,7.105427357601002e-15,0.0,-0.44095855184409843,2.2448442802779502,-0.4424625195441246,-0.4529425467679601,0.0,-0.446963964670851
Hoima,2012,5,838.56,2115.21,train,-0.8813781969200096,-0.4140891051431384,0.27422968706969925,-0.9336618491938082,-0.36399016436986537,-0.3353529197199719,-0.5448014044284135,-0.22749270604489208,0.11587208580192906,-1.2603559536803886,-1.2286277458107875,0.0,7.105427357601002e-15,0.0,-0.44095855184409843,2.2448442802779502,-0.4424625195441246,-0.4529425467679601,0.0,-0.446963964670851
Hoima,2012,6,890.65,2099.45,train,-0.8813781969200096,-0.12726836543381256,0.27422968706969925,-0.9336618491938082,-0.17970268114060395,-0.0952084536382438,-0.5055794978009995,-0.35068547638133335,0.20254165130848,-1.2603559536803886,-1.2286277458107875,0.0,7.105427357601002e-15,0.0,-0.44095855184409843,2.2448442802779502,-0.4424625195441246,-0.4529425467679601,0.0,-0.446963964670851
Hoima,2012,7,797.07,1691.78,train,-0.8813781969200096,0.15955237427551328,0.27422968706969925,-0.9336618491938082,-0.15757475152037176,-0.06249935288598204,-0.5840233110558274,-0.5014548710399488,-0.01852301137122488,-1.2603559536803886,-1.2286277458107875,0.0,7.105427357601002e-15,0.0,-0.44095855184409843,2.2448442802779502,-0.4424625195441246,-0.4529425467679601,0.0,-0.446963964670851
Hoima,2012,8,788.35,1575.08,test,-0.8813781969200096,0.4463731139848391,0.27422968706969925,-0.9336618491938082,-0.09144451899165049,0.015497204536421259,-0.5448014044284135,-0.660213754988166,-0.6423911613170585,-1.2603559536803886,-1.2286277458107875,0.0,7.105427357601002e-15,0.0,-0.44095855184409843,2.2448442802779502,-0.4424625195441246,-0.4529425467679601,0.0,-0.446963964670851
Hoima,2012,9,706.92,1564.06,train,-0.8813781969200096,0.7331938536941649,0.27422968706969925,-0.9336618491938082,-0.414153200857973,-0.10386279253900677,-0.7409109375654832,-0.5826383912407417,-0.3629104478774317,-1.2603559536803886,-1.2286277458107875,0.0,7.105427357601002e-15,0.0,-0.44095855184409843,2.2448442802779502,-0.4424625195441246,-0.4529425467679601,0.0,-0.446963964670851
Hoima,2012,10,681.33,1692.84,train,-0.8813781969200096,1.0200145934034908,0.27422968706969925,-0.9336618491938082,-0.35595174335886154,-0.3112712810395881,-0.6624671243106554,-0.5030012238056781,0.06623753286866198,-1.2603559536803886,-1.2286277458107875,0.0,7.105427357601002e-15,0.0,-0.44095855184409843,2.2448442802779502,-0.4424625195441246,-0.4529425467679601,0.0,-0.446963964670851
Hoima,2012,11,683.71,1517.09,train,-0.8813781969200096,1.3068353331128166,0.27422968706969925,-0.9336618491938082,-0.4705454996640718,-0.18785288280262166,-0.7409109375654832,-0.44759024970037503,-0.05059456865118205,-1.2603559536803886,-1.2286277458107875,0.0,7.105427357601002e-15,0.0,-0.44095855184409843,2.2448442802779502,-0.4424625195441246,-0.4529425467679601,0.0,-0.446963964670851
Hoima,2012,12,677.17,1546.45,train,-0.8813781969200096,1.5936560728221425,0.27422968706969925,-0.9336618491938082,-0.3808824983784977,0.05930643561792328,-0.6624671243106554,-0.4153745670810128,-0.09030221099779567,-1.2603559536803886,-1.2286277458107875,0.0,7.105427357601002e-15,0.0,-0.44095855184409843,2.2448442802779502,-0.4424625195441246,-0.4529425467679601,0.0,-0.446963964670851
Hoima,2013,1,706.22,1628.15,train,-0.6958158072433546,-1.5613720639804418,0.27422968706969925,-0.9336618491938082,-0.4701274743600038,-0.17083985011882402,-0.7016890309380692,-0.06641429294808072,0.2502671829750829,-1.2603559536803886,-1.2286277458107875,0.0,7.105427357601002e-15,0.0,-0.44095855184409843,2.2448442802779502,-0.4424625195441246,-0.4529425467679601,0.0,-0.446963964670851
Hoima,2013,2,732.9,1779.6,train,-0.6958158072433546,-1.274551324271116,0.27422968706969925,-0.9336618491938082,-0.3345707769868813,-0.022318493703868545,-0.6232452176832414,0.3317715442272368,0.31593751454832864,-1.2603559536803886,-1.2286277458107875,0.0,7.105427357601002e-15,0.0,-0.44095855184409843,2.2448442802779502,-0.4424625195441246,-0.4529425467679601,0.0,-0.446963964670851
Hoima,2013,3,784.16,1938.97,train,-0.6958158072433546,-0.9877305845617901,0.27422968706969925,-0.9336618491938082,-0.48218853231342884,-0.15909467589636042,-0.6232452176832414,-0.09167138812166074,0.4591141095481375,-1.2603559536803886,-1.2286277458107875,0.0,7.105427357601002e-15,0.0,-0.44095855184409843,2.2448442802779502,-0.4424625195441246,-0.4529425467679601,0.0,-0.446963964670851
Hoima,2013,4,723.61,2001.31,train,-0.6958158072433546,-0.7009098448524642,0.27422968706969925,-0.9336618491938082,-0.3989261151917746,-0.05088856280793947,-0.5840233110558274,-0.32182022475438476,-0.1475728489977192,-1.2603559536803886,-1.2286277458107875,0.0,7.105427357601002e-15,0.0,-0.44095855184409843,2.2448442802779502,-0.4424625195441246,-0.4529425467679601,0.0,-0.446963964670851
Hoima,2013,5,793.27,2034.07,train,-0.6958158072433546,-0.4140891051431384,0.27422968706969925,-0.9336618491938082,-0.2842227129051697,0.0138039643167071,-0.5448014044284135,-0.46460013012339835,-0.5293771023305428,-1.2603559536803886,-1.2286277458107875,0.0,7.105427357601002e-15,0.0,-0.44095855184409843,2.2448442802779502,-0.4424625195441246,-0.4529425467679601,0.0,-0.446963964670851
Hoima,2013,6,833.4,1929.94,test,-0.6958158072433546,-0.12726836543381256,0.27422968706969925,-0.9336618491938082,-0.5027882710679711,-0.022426001019405874,-0.5840233110558274,-0.49114585260175275,-0.6908803014903271,-1.2603559536803886,-1.2286277458107875,0.0,7.105427357601002e-15,0.0,-0.44095855184409843,2.2448442802779502,-0.4424625195441246,-0.4529425467679601,0.0,-0.446963964670851
Hoima,2013,7,763.49,1851.65,test,-0.6958158072433546,0.15955237427551328,0.27422968706969925,-0.9336618491938082,-0.5937122011395852,-0.23674183454326678,-0.6624671243106554,-0.43393080026976544,-0.021959249651220286,-1.2603559536803886,-1.2286277458107875,0.0,7.105427357601002e-15,0.0,-0.44095855184409843,2.2448442802779502,-0.4424625195441246,-0.4529425467679601,0.0,-0.446963964670851
Hoima,2013,8,700.26,2109.35,train,-0.6958158072433546,0.4463731139848391,0.27422968706969925,-0.9336618491938082,-0.5790744626233835,-0.014631720642942776,-0.6232452176832414,-0.6133077210943745,0.9123157582541991,-1.2603559536803886,-1.2286277458107875,0.0,7.105427357601002e-15,0.0,-0.44095855184409843,2.2448442802779502,-0.4424625195441246,-0.4529425467679601,0.0,-0.446963964670851
Hoima,2013,9,715.76,2256.71,train,-0.6958158072433546,0.7331938536941649,0.27422968706969925,-0.9336618491938082,-0.5149178577597682,0.30592821746078097,-0.5055794978009995,-0.29321269858839105,1.308246768960337,-1.2603559536803886,-1.2286277458107875,0.0,7.105427357601002e-15,0.0,-0.44095855184409843,2.2448442802779502,-0.4424625195441246,-0.4529425467679601,0.0,-0.446963964670851
Hoima,2013,10,726.3,2007.24,train,-0.6958158072433546,1.0200145934034908,0.27422968706969925,-0.9336618491938082,-0.3395391105188319,0.05895703684242635,-0.5448014044284135,-0.1553295769775206,0.3262462293883148,-1.2603559536803886,-1.2286277458107875,0.0,7.105427357601002e-15,0.0,-0.44095855184409843,2.2448442802779502,-0.4424625195441246,-0.4529425467679601,0.0,-0.446963964670851
Hoima,2013,11,690.44,1594.3,train,-0.6958158072433546,1.3068353331128166,0.27422968706969925,-0.9336618491938082,-0.2617864039622648,0.17116779743461585,-0.5840233110558274,-0.3001712860341733,-0.18842590410433133,-1.2603559536803886,-1.2286277458107875,0.0,7.105427357601002e-15,0.0,-0.44095855184409843,2.2448442802779502,-0.4424625195441246,-0.4529425467679601,0.0,-0.446963964670851
Hoima,2013,12,708.51,1552.26,train,-0.6958158072433546,1.5936560728221425,0.27422968706969925,-0.9336618491938082,-0.24237906525538996,0.13851245034012213,-0.5840233110558274,-0.20610149278563553,-0.3682557074240912,-1.2603559536803886,-1.2286277458107875,0.0,7.105427357601002e-15,0.0,-0.44095855184409843,2.2448442802779502,-0.4424625195441246,-0.4529425467679601,0.0,-0.446963964670851
Hoima,2014,1,690.02,1695.07,train,-0.5102534175666995,-1.5613720639804418,0.27422968706969925,-0.9336618491938082,-0.2741489883645253,-0.13498616038709232,-0.5448014044284135,-0.38444751176642505,-0.22584272093094804,-1.2603559536803886,-1.2286277458107875,0.0,7.105427357601002e-15,0.0,-0.44095855184409843,2.2448442802779502,-0.4424625195441246,-0.4529425467679601,0.0,-0.446963964670851
Hoima,2014,2,707.61,1849.25,train,-0.5102534175666995,-1.274551324271116,0.27422968706969925,-0.9336618491938082,-0.5429940818706662,-0.3803984849301538,-0.6624671243106554,-0.41434366523719324,-0.2334788059976045,-1.2603559536803886,-1.2286277458107875,0.0,7.105427357601002e-15,0.0,-0.44095855184409843,2.2448442802779502,-0.4424625195441246,-0.4529425467679601,0.0,-0.446963964670851
Hoima,2014,3,777.31,1960.36,train,-0.5102534175666995,-0.9877305845617901,0.27422968706969925,-0.9336618491938082,-0.39730198409236467,-0.1636906136355849,-0.5840233110558274,-0.3478504963108294,-0.3407658011841279,-1.2603559536803886,-1.2286277458107875,0.0,7.105427357601002e-15,0.0,-0.44095855184409843,2.2448442802779502,-0.4424625195441246,-0.4529425467679601,0.0,-0.446963964670851
Hoima,2014,4,754.53,2130.0,train,-0.5102534175666995,-0.7009098448524642,0.27422968706969925,-0.9336618491938082,-0.36463433451056,0.1516820964934572,-0.5448014044284135,-0.21537960938001185,-0.13726413415773298,-1.2603559536803886,-1.2286277458107875,0.0,7.105427357601002e-15,0.0,-0.44095855184409843,2.2448442802779502,-0.4424625195441246,-0.4529425467679601,0.0,-0.446963964670851
Hoima,2014,5,786.97,1998.47,train,-0.5102534175666995,-0.4140891051431384,0.27422968706969925,-0.9336618491938082,-0.33363878614502535,0.5068056365424635,-0.5055794978009995,-0.3457886926231903,-0.4495800133839826,-1.2603559536803886,-1.2286277458107875,0.0,7.105427357601002e-15,0.0,-0.44095855184409843,2.2448442802779502,-0.4424625195441246,-0.4529425467679601,0.0,-0.446963964670851
Hoima,2014,6,889.59,1820.44,train,-0.5102534175666995,-0.12726836543381256,0.27422968706969925,-0.9336618491938082,-0.10455406664216287,0.3601387813205282,-0.4663575911735856,-0.151721420524152,-0.5992472806904495,-1.2603559536803886,-1.2286277458107875,0.0,7.105427357601002e-15,0.0,-0.44095855184409843,2.2448442802779502,-0.4424625195441246,-0.4529425467679601,0.0,-0.446963964670851
Hoima,2014,7,876.37,1672.5,test,-0.5102534175666995,0.15955237427551328,0.27422968706969925,-0.9336618491938082,-0.21805821600726247,0.12206383106289609,-0.5055794978009995,0.05548985008358605,-0.7523507862769118,-1.2603559536803886,-1.2286277458107875,0.0,7.105427357601002e-15,0.0,-0.44095855184409843,2.2448442802779502,-0.4424625195441246,-0.4529425467679601,0.0,-0.446963964670851
Hoima,2014,8,905.88,1643.7,test,-0.5102534175666995,0.4463731139848391,0.27422968706969925,-0.9336618491938082,-0.23040709466184883,0.030333214080586146,-0.5055794978009995,0.43125357215582755,-1.225788060409613,-1.2603559536803886,-1.2286277458107875,0.0,7.105427357601002e-15,0.0,-0.44095855184409843,2.2448442802779502,-0.4424625195441246,-0.4529425467679601,0.0,-0.446963964670851
Hoima,2014,9,847.38,1716.47,test,-0.5102534175666995,0.7331938536941649,0.27422968706969925,-0.9336618491938082,-0.3387852943967426,0.02038878739337463,-0.5055794978009995,0.1485287414883043,-1.2968036515295183,-1.2603559536803886,-1.2286277458107875,0.0,7.105427357601002e-15,0.0,-0.44095855184409843,2.2448442802779502,-0.4424625195441246,-0.4529425467679601,0.0,-0.446963964670851
Hoima,2014,10,869.37,1741.76,test,-0.5102534175666995,1.0200145934034908,0.27422968706969925,-0.9336618491938082,-0.20215269583118348,0.060730907548794115,-0.5055794978009995,0.18229077687339593,-0.8878912962100641,-1.2603559536803886,-1.2286277458107875,0.0,7.105427357601002e-15,0.0,-0.44095855184409843,2.2448442802779502,-0.4424625195441246,-0.4529425467679601,0.0,-0.446963964670851
Hoima,2014,11,829.16,1645.61,train,-0.5102534175666995,1.3068353331128166,0.27422968706969925,-0.9336618491938082,-0.4204030217974755,0.1027125142661591,-0.5840233110558274,0.19234206985063695,-0.2598232994775693,-1.2603559536803886,-1.2286277458107875,0.0,7.105427357601002e-15,0.0,-0.44095855184409843,2.2448442802779502,-0.4424625195441246,-0.4529425467679601,0.0,-0.446963964670851
Hoima,2014,12,836.75,1639.04,train,-0.5102534175666995,1.5936560728221425,0.27422968706969925,-0.9336618491938082,-0.28499708764877035,0.05557055640299742,-0.5055794978009995,0.14105470312061227,-0.16933569143769014,-1.2603559536803886,-1.2286277458107875,0.0,7.105427357601002e-15,0.0,-0.44095855184409843,2.2448442802779502,-0.4424625195441246,-0.4529425467679601,0.0,-0.446963964670851
Hoima,2015,1,781.88,1729.3,train,-0.3246910278900444,-1.5613720639804418,0.27422968706969925,-0.9336618491938082,-0.39742533582143336,0.117226001863712,-0.4663575911735856,0.01760420732321606,-0.30563980987750816,-1.2603559536803886,-1.2286277458107875,0.0,7.105427357601002e-15,0.0,-0.44095855184409843,2.2448442802779502,-0.4424625195441246,-0.4529425467679601,0.0,-0.446963964670851
Hoima,2015,2,907.36,2178.24,train,-0.3246910278900444,-1.274551324271116,0.27422968706969925,-0.9336618491938082,-0.5166310762190615,0.046056158977935226,-0.3094699646639303,0.40213059506792403,0.29646549762835456,-1.2603559536803886,-1.2286277458107875,0.0,7.105427357601002e-15,0.0,-0.44095855184409843,2.2448442802779502,-0.4424625195441246,-0.4529425467679601,0.0,-0.446963964670851
Hoima,2015,3,965.09,2177.83,train,-0.3246910278900444,-0.9877305845617901,0.27422968706969925,-0.9336618491938082,-0.4524196483647482,-0.08832798544384862,-0.27024805803651636,0.2972363324592805,0.0406566478953628,-1.2603559536803886,-1.2286277458107875,0.0,7.105427357601002e-15,0.0,-0.44095855184409843,2.2448442802779502,-0.4424625195441246,-0.4529425467679601,0.0,-0.446963964670851
Hoima,2015,4,1182.9,2214.23,train,-0.3246910278900444,-0.7009098448524642,0.27422968706969925,-0.9336618491938082,-0.4068480373475465,0.7154235823428404,-0.07413852489944667,1.1376790606332035,-0.2319515889842732,-1.2603559536803886,-1.2286277458107875,0.0,7.105427357601002e-15,0.0,-0.44095855184409843,2.2448442802779502,-0.4424625195441246,-0.4529425467679601,0.0,-0.446963964670851
Hoima,2015,5,1155.3,2259.56,train,-0.3246910278900444,-0.4140891051431384,0.27422968706969925,-0.9336618491938082,-0.44605332857001434,0.07349740126886359,-0.1133604315268606,0.8807267760611698,0.11587208580192906,-1.2603559536803886,-1.2286277458107875,0.0,7.105427357601002e-15,0.0,-0.44095855184409843,2.2448442802779502,-0.4424625195441246,-0.4529425467679601,0.0,-0.446963964670851
Hoima,2015,6,1113.35,2463.89,train,-0.3246910278900444,-0.12726836543381256,0.27422968706969925,-0.9336618491938082,-0.38292465478197496,0.1031156666994247,-0.07413852489944667,0.32275115309381536,0.9669137664807929,-1.2603559536803886,-1.2286277458107875,0.0,7.105427357601002e-15,0.0,-0.44095855184409843,2.2448442802779502,-0.4424625195441246,-0.4529425467679601,0.0,-0.446963964670851
Hoima,2015,7,1055.58,2068.24,test,-0.3246910278900444,0.15955237427551328,0.27422968706969925,-0.9336618491938082,-0.21880517925551443,0.23021619049354775,-0.15258233815427455,0.20162018644501328,0.520584594334722,-1.2603559536803886,-1.2286277458107875,0.0,7.105427357601002e-15,0.0,-0.44095855184409843,2.2448442802779502,-0.4424625195441246,-0.4529425467679601,0.0,-0.446963964670851
Hoima,2015,8,1041.73,2061.44,train,-0.3246910278900444,0.4463731139848391,0.27422968706969925,-0.9336618491938082,-0.10655510580261748,0.10370695693488062,-0.15258233815427455,0.061159810224593825,0.5874003386679661,-1.2603559536803886,-1.2286277458107875,0.0,7.105427357601002e-15,0.0,-0.44095855184409843,2.2448442802779502,-0.4424625195441246,-0.4529425467679601,0.0,-0.446963964670851
Hoima,2015,9,946.74,2149.09,train,-0.3246910278900444,0.7331938536941649,0.27422968706969925,-0.9336618491938082,-0.2813856231365798,0.06282730020177386,-0.19180424478168848,-0.023116415507657844,0.5793824493479768,-1.2603559536803886,-1.2286277458107875,0.0,7.105427357601002e-15,0.0,-0.44095855184409843,2.2448442802779502,-0.4424625195441246,-0.4529425467679601,0.0,-0.446963964670851
Hoima,2015,10,1047.58,2447.0,train,-0.3246910278900444,1.0200145934034908,0.27422968706969925,-0.9336618491938082,-0.16753197720578483,0.15931511589661432,-0.07413852489944667,0.20290881374978778,1.163161152693864,-1.2603559536803886,-1.2286277458107875,0.0,7.105427357601002e-15,0.0,-0.44095855184409843,2.2448442802779502,-0.4424625195441246,-0.4529425467679601,0.0,-0.446963964670851
Hoima,2015,11,1114.54,2475.06,train,-0.3246910278900444,1.3068353331128166,0.27422968706969925,-0.9336618491938082,-0.17720823506387332,0.3108198003177337,0.004305288355381218,0.5616626553990061,1.5415291677466922,-1.2603559536803886,-1.2286277458107875,0.0,7.105427357601002e-15,0.0,-0.44095855184409843,2.2448442802779502,-0.4424625195441246,-0.4529425467679601,0.0,-0.446963964670851
Hoima,2015,12,1007.18,2393.26,train,-0.3246910278900444,1.5936560728221425,0.27422968706969925,-0.9336618491938082,-0.18141589959989723,0.4412530508935171,0.004305288355381218,0.19955838275737414,1.3742989047869156,-1.2603559536803886,-1.2286277458107875,0.0,7.105427357601002e-15,0.0,-0.44095855184409843,2.2448442802779502,-0.4424625195441246,-0.4529425467679601,0.0,-0.446963964670851
Hoima,2016,1,846.46,2311.1,train,-0.13912863821338933,-1.5613720639804418,0.27422968706969925,-0.9336618491938082,-0.15482674911166577,0.19847465558112257,-0.1133604315268606,-0.11254715045900751,0.90162523916088,-1.2603559536803886,-1.2286277458107875,0.0,7.105427357601002e-15,0.0,-0.44095855184409843,2.2448442802779502,-0.4424625195441246,-0.4529425467679601,0.0,-0.446963964670851
Hoima,2016,2,995.25,2494.55,train,-0.13912863821338933,-1.274551324271116,0.27422968706969925,-0.9336618491938082,-0.1197194764438272,0.21126802613007636,0.08274910161020867,-0.07569240954245708,0.17161550678852128,-1.2603559536803886,-1.2286277458107875,0.0,7.105427357601002e-15,0.0,-0.44095855184409843,2.2448442802779502,-0.4424625195441246,-0.4529425467679601,0.0,-0.446963964670851
Hoima,2016,3,933.79,2385.5,train,-0.13912863821338933,-0.9877305845617901,0.27422968706969925,-0.9336618491938082,-0.11754711543744326,0.8291125685236701,0.004305288355381218,-0.4089314305571403,-0.01852301137122488,-1.2603559536803886,-1.2286277458107875,0.0,7.105427357601002e-15,0.0,-0.44095855184409843,2.2448442802779502,-0.4424625195441246,-0.4529425467679601,0.0,-0.446963964670851
Hoima,2016,4,1068.23,2552.1,train,-0.13912863821338933,-0.7009098448524642,0.27422968706969925,-0.9336618491938082,-0.2094647122154473,0.712359623850024,0.12197100823762261,-0.5751643528730496,0.1998690215351502,-1.2603559536803886,-1.2286277458107875,0.0,7.105427357601002e-15,0.0,-0.44095855184409843,2.2448442802779502,-0.4424625195441246,-0.4529425467679601,0.0,-0.446963964670851
Hoima,2016,5,1071.69,2704.43,train,-0.13912863821338933,-0.4140891051431384,0.27422968706969925,-0.9336618491938082,-0.2714969261895393,0.8202700918207168,0.08274910161020867,-0.5120216149390996,0.3690083057615911,-1.2603559536803886,-1.2286277458107875,0.0,7.105427357601002e-15,0.0,-0.44095855184409843,2.2448442802779502,-0.4424625195441246,-0.4529425467679601,0.0,-0.446963964670851
Hoima,2016,6,1086.36,2411.77,test,-0.13912863821338933,-0.12726836543381256,0.27422968706969925,-0.9336618491938082,-0.24152930889958063,0.9671788385026104,0.12197100823762261,-0.38779794275883867,-0.46370677075729716,-1.2603559536803886,-1.2286277458107875,0.0,7.105427357601002e-15,0.0,-0.44095855184409843,2.2448442802779502,-0.4424625195441246,-0.4529425467679601,0.0,-0.446963964670851
Hoima,2016,7,1086.04,2166.35,train,-0.13912863821338933,0.15955237427551328,0.27422968706969925,-0.9336618491938082,0.004057130803194848,1.0264691230215013,0.12197100823762261,-0.25094572299178775,-0.20178905297098015,-1.2603559536803886,-1.2286277458107875,0.0,7.105427357601002e-15,0.0,-0.44095855184409843,2.2448442802779502,-0.4424625195441246,-0.4529425467679601,0.0,-0.446963964670851
Hoima,2016,8,1174.53,2321.84,test,-0.13912863821338933,0.4463731139848391,0.27422968706969925,-0.9336618491938082,-0.25069845409371844,0.6301702811216607,0.16119291486503654,0.0031715815097417507,0.09945450290861767,-1.2603559536803886,-1.2286277458107875,0.0,7.105427357601002e-15,0.0,-0.44095855184409843,2.2448442802779502,-0.4424625195441246,-0.4529425467679601,0.0,-0.446963964670851
Hoima,2016,9,1044.49,2247.85,train,-0.13912863821338933,0.7331938536941649,0.27422968706969925,-0.9336618491938082,-0.3704455715244826,0.7639900121368736,0.043527194982795156,-0.059455705502298485,-0.2071343125176397,-1.2603559536803886,-1.2286277458107875,0.0,7.105427357601002e-15,0.0,-0.44095855184409843,2.2448442802779502,-0.4424625195441246,-0.4529425467679601,0.0,-0.446963964670851
Hoima,2016,10,1116.99,2413.08,test,-0.13912863821338933,1.0200145934034908,0.27422968706969925,-0.9336618491938082,-0.5018014572354185,0.794038306829584,0.16119291486503654,-0.1545564005946559,-0.43583506026400104,-1.2603559536803886,-1.2286277458107875,0.0,7.105427357601002e-15,0.0,-0.44095855184409843,2.2448442802779502,-0.4424625195441246,-0.4529425467679601,0.0,-0.446963964670851
Hoima,2016,11,1133.75,2354.34,test,-0.13912863821338933,1.3068353331128166,0.27422968706969925,-0.9336618491938082,-0.27542362289823924,0.663954455029297,0.16119291486503654,-0.28109960192351086,-0.5690847446771564,-1.2603559536803886,-1.2286277458107875,0.0,7.105427357601002e-15,0.0,-0.44095855184409843,2.2448442802779502,-0.4424625195441246,-0.4529425467679601,0.0,-0.446963964670851
Hoima,2016,12,1215.67,2497.13,train,-0.13912863821338933,1.5936560728221425,0.27422968706969925,-0.9336618491938082,-0.3132377807317611,0.9623410093034258,0.3965243546295202,0.20806332296888572,-0.2170612231042931,-1.2603559536803886,-1.2286277458107875,0.0,7.105427357601002e-15,0.0,-0.44095855184409843,2.2448442802779502,-0.4424625195441246,-0.4529425467679601,0.0,-0.446963964670851
Hoima,2017,1,1215.34,2669.58,train,0.04643375146326575,-1.5613720639804418,0.27422968706969925,-0.9336618491938082,-0.43330698323287253,0.8370143562156699,0.3965243546295202,0.7977391776336926,0.2094141278684708,-1.2603559536803886,-1.2286277458107875,0.0,7.105427357601002e-15,0.0,-0.44095855184409843,2.2448442802779502,-0.4424625195441246,-0.4529425467679601,0.0,-0.446963964670851
Hoima,2017,2,1188.47,2692.06,train,0.04643375146326575,-1.274551324271116,0.27422968706969925,-0.9336618491938082,-0.3529090673751563,1.047271788577993,0.47496816788434804,0.1748167385057039,-0.08037530041114227,-1.2603559536803886,-1.2286277458107875,0.0,7.105427357601002e-15,0.0,-0.44095855184409843,2.2448442802779502,-0.4424625195441246,-0.4529425467679601,0.0,-0.446963964670851
Hoima,2017,3,1181.07,2750.22,test,0.04643375146326575,-0.9877305845617901,0.27422968706969925,-0.9336618491938082,-0.17184243484936676,1.1302943130017717,0.514190074511762,0.35702863940081686,0.20101443429514868,-1.2603559536803886,-1.2286277458107875,0.0,7.105427357601002e-15,0.0,-0.44095855184409843,2.2448442802779502,-0.4424625195441246,-0.4529425467679601,0.0,-0.446963964670851
Hoima,2017,4,1522.8,3236.43,train,0.04643375146326575,-0.7009098448524642,0.27422968706969925,-0.9336618491938082,-0.0888198683120132,1.4864660493772677,0.9848529540407284,0.7711934551553381,0.6408529341345613,-1.2603559536803886,-1.2286277458107875,0.0,7.105427357601002e-15,0.0,-0.44095855184409843,2.2448442802779502,-0.4424625195441246,-0.4529425467679601,0.0,-0.446963964670851
Hoima,2017,5,1493.88,3031.92,train,0.04643375146326575,-0.4140891051431384,0.27422968706969925,-0.9336618491938082,0.2756844910872284,1.6984435987881892,1.1417405805503842,0.6900099349545452,0.07960068173531079,-1.2603559536803886,-1.2286277458107875,0.0,7.105427357601002e-15,0.0,-0.44095855184409843,2.2448442802779502,-0.4424625195441246,-0.4529425467679601,0.0,-0.446963964670851
Hoima,2017,6,1458.5,2720.0,train,0.04643375146326575,-0.12726836543381256,0.27422968706969925,-0.9336618491938082,0.018091816421725863,1.6526186055403604,0.9456310474133145,0.5575390480237276,0.10518156670860997,-1.2603559536803886,-1.2286277458107875,0.0,7.105427357601002e-15,0.0,-0.44095855184409843,2.2448442802779502,-0.4424625195441246,-0.4529425467679601,0.0,-0.446963964670851
Hoima,2017,7,1308.87,2552.64,train,0.04643375146326575,0.15955237427551328,0.27422968706969925,-0.9336618491938082,0.17812697914123116,2.542134134297032,0.9848529540407284,0.20342426467169758,0.2979927146416858,-1.2603559536803886,-1.2286277458107875,0.0,7.105427357601002e-15,0.0,-0.44095855184409843,2.2448442802779502,-0.4424625195441246,-0.4529425467679601,0.0,-0.446963964670851
Hoima,2017,8,1307.77,2407.38,train,0.04643375146326575,0.4463731139848391,0.27422968706969925,-0.9336618491938082,0.12346845741593766,2.0710639544409113,0.7887434209036596,-0.03316770848489889,-0.24226030382425945,-1.2603559536803886,-1.2286277458107875,0.0,7.105427357601002e-15,0.0,-0.44095855184409843,2.2448442802779502,-0.4424625195441246,-0.4529425467679601,0.0,-0.446963964670851
Hoima,2017,9,1087.8,2253.23,train,0.04643375146326575,0.7331938536941649,0.27422968706969925,-0.9336618491938082,0.0746897014429387,1.58456647480517,0.514190074511762,-0.21847231491147062,-0.37360096697075074,-1.2603559536803886,-1.2286277458107875,0.0,7.105427357601002e-15,0.0,-0.44095855184409843,2.2448442802779502,-0.4424625195441246,-0.4529425467679601,0.0,-0.446963964670851
Hoima,2017,10,1140.83,2499.47,train,0.04643375146326575,1.0200145934034908,0.27422968706969925,-0.9336618491938082,0.05960652612732099,2.3119072180736326,0.6318557943940039,-0.27053285802436,-0.24607834635758769,-1.2603559536803886,-1.2286277458107875,0.0,7.105427357601002e-15,0.0,-0.44095855184409843,2.2448442802779502,-0.4424625195441246,-0.4529425467679601,0.0,-0.446963964670851
Hoima,2017,11,1056.2,2320.27,test,0.04643375146326575,1.3068353331128166,0.27422968706969925,-0.9336618491938082,0.04905995329191123,1.7701778550805376,0.3965243546295202,-0.5017125965009037,-0.4381258857839979,-1.2603559536803886,-1.2286277458107875,0.0,7.105427357601002e-15,0.0,-0.44095855184409843,2.2448442802779502,-0.4424625195441246,-0.4529425467679601,0.0,-0.446963964670851
Hoima,2017,12,1102.69,2512.74,train,0.04643375146326575,1.5936560728221425,0.27422968706969925,-0.9336618491938082,-0.03666949841112561,2.2103128048907634,0.5534119811391759,-0.5648553344348536,-0.35909240534410347,-1.2603559536803886,-1.2286277458107875,0.0,7.105427357601002e-15,0.0,-0.44095855184409843,2.2448442802779502,-0.4424625195441246,-0.4529425467679601,0.0,-0.446963964670851
Hoima,2018,1,1000.48,2416.64,train,0.23199614113992081,-1.5613720639804418,0.27422968706969925,-0.9336618491938082,-0.14418423604253536,2.6339722585948793,0.3965243546295202,-0.7810869961760132,-0.7443328969569224,-1.2603559536803886,-1.2286277458107875,0.0,7.105427357601002e-15,0.0,-0.44095855184409843,2.2448442802779502,-0.4424625195441246,-0.4529425467679601,0.0,-0.446963964670851
Hoima,2018,2,1016.8,2459.03,train,0.23199614113992081,-1.274551324271116,0.27422968706969925,-0.9336618491938082,-0.1701155106423988,1.7733761977177762,0.3965243546295202,-0.6978416722875811,-0.7134067524369637,-1.2603559536803886,-1.2286277458107875,0.0,7.105427357601002e-15,0.0,-0.44095855184409843,2.2448442802779502,-0.4424625195441246,-0.4529425467679601,0.0,-0.446963964670851
Hoima,2018,3,996.44,2449.12,test,0.23199614113992081,-0.9877305845617901,0.27422968706969925,-0.9336618491938082,-0.10896731739330275,2.0030118237057204,0.35730244800210625,-0.7282532766802591,-0.8008399264501803,-1.2603559536803886,-1.2286277458107875,0.0,7.105427357601002e-15,0.0,-0.44095855184409843,2.2448442802779502,-0.4424625195441246,-0.4529425467679601,0.0,-0.446963964670851
Hoima,2018,4,1013.85,2447.55,train,0.23199614113992081,-0.7009098448524642,0.27422968706969925,-0.9336618491938082,-0.0020008096688663504,1.1240320118717169,0.3180805413746923,-1.1867468717190228,-1.3132212344228293,-1.2603559536803886,-1.2286277458107875,0.0,7.105427357601002e-15,0.0,-0.44095855184409843,2.2448442802779502,-0.4424625195441246,-0.4529425467679601,0.0,-0.446963964670851
Hoima,2018,5,921.63,2223.41,test,0.23199614113992081,-0.4140891051431384,0.27422968706969925,-0.9336618491938082,-0.07927381505683137,1.709167453513047,0.23963672811986442,-1.312774622125968,-1.401036212689379,-1.2603559536803886,-1.2286277458107875,0.0,7.105427357601002e-15,0.0,-0.44095855184409843,2.2448442802779502,-0.4424625195441246,-0.4529425467679601,0.0,-0.446963964670851
Hoima,2018,6,907.56,2213.4,test,0.23199614113992081,-0.12726836543381256,0.27422968706969925,-0.9336618491938082,0.004810946925284148,0.926917348833844,0.2004148214924505,-1.2988574472344034,-1.0940655930097887,-1.2603559536803886,-1.2286277458107875,0.0,7.105427357601002e-15,0.0,-0.44095855184409843,2.2448442802779502,-0.4424625195441246,-0.4529425467679601,0.0,-0.446963964670851
Hoima,2018,7,901.47,1879.87,train,0.23199614113992081,0.15955237427551328,0.27422968706969925,-0.9336618491938082,-0.0022749246223530287,1.329827890639236,0.08274910161020867,-1.1277277411603512,-1.3892002808360613,-1.2603559536803886,-1.2286277458107875,0.0,7.105427357601002e-15,0.0,-0.44095855184409843,2.2448442802779502,-0.4424625195441246,-0.4529425467679601,0.0,-0.446963964670851
Hoima,2018,8,894.94,1964.54,test,0.23199614113992081,0.4463731139848391,0.27422968706969925,-0.9336618491938082,-0.03723143406577361,0.9261647976250814,0.004305288355381218,-1.1390676614423667,-1.0852840951831337,-1.2603559536803886,-1.2286277458107875,0.0,7.105427357601002e-15,0.0,-0.44095855184409843,2.2448442802779502,-0.4424625195441246,-0.4529425467679601,0.0,-0.446963964670851
Hoima,2018,9,863.35,2046.87,train,0.23199614113992081,0.7331938536941649,0.27422968706969925,-0.9336618491938082,-0.26011430274599423,1.3739058900095813,-0.03491661827203272,-0.8571160071577082,-0.732496965103605,-1.2603559536803886,-1.2286277458107875,0.0,7.105427357601002e-15,0.0,-0.44095855184409843,2.2448442802779502,-0.4424625195441246,-0.4529425467679601,0.0,-0.446963964670851
Hoima,2018,10,855.14,2185.15,train,0.23199614113992081,1.0200145934034908,0.27422968706969925,-0.9336618491938082,-0.1326371436268989,1.169131330739667,-0.03491661827203272,-0.9707729354388182,-0.8630740197434305,-1.2603559536803886,-1.2286277458107875,0.0,7.105427357601002e-15,0.0,-0.44095855184409843,2.2448442802779502,-0.4424625195441246,-0.4529425467679601,0.0,-0.446963964670851
Hoima,2018,11,884.78,2186.88,train,0.23199614113992081,1.3068353331128166,0.27422968706969925,-0.9336618491938082,-0.15676611240758573,1.052889045814824,-0.15258233815427455,-0.743716804337553,-0.602301714717112,-1.2603559536803886,-1.2286277458107875,0.0,7.105427357601002e-15,0.0,-0.44095855184409843,2.2448442802779502,-0.4424625195441246,-0.4529425467679601,0.0,-0.446963964670851
Hoima,2018,12,873.73,2209.71,test,0.23199614113992081,1.5936560728221425,0.27422968706969925,-0.9336618491938082,-0.2335868281222968,0.4635876956964174,-0.23102615140910243,-0.8604664381501219,-0.8432201985701239,-1.2603559536803886,-1.2286277458107875,0.0,7.105427357601002e-15,0.0,-0.44095855184409843,2.2448442802779502,-0.4424625195441246,-0.4529425467679601,0.0,-0.446963964670851
Hoima,2019,1,840.74,2437.51,train,0.4175585308165759,-1.5613720639804418,0.27422968706969925,-0.9336618491938082,-0.27869929659240783,0.6158986849840674,-0.15258233815427455,-0.7370159423527256,-0.3499291032641157,-1.2603559536803886,-1.2286277458107875,0.0,7.105427357601002e-15,0.0,-0.44095855184409843,2.2448442802779502,-0.4424625195441246,-0.4529425467679601,0.0,-0.446963964670851
Hoima,2019,2,898.1,2776.13,test,0.4175585308165759,-1.274551324271116,0.27422968706969925,-0.9336618491938082,-0.3147180014805904,0.4298303986176654,-0.03491661827203272,-0.6261939941421194,0.10976321774860388,-1.2603559536803886,-1.2286277458107875,0.0,7.105427357601002e-15,0.0,-0.44095855184409843,2.2448442802779502,-0.4424625195441246,-0.4529425467679601,0.0,-0.446963964670851
Hoima,2019,3,938.14,2818.17,test,0.4175585308165759,-0.9877305845617901,0.27422968706969925,-0.9336618491938082,-0.5568026226525706,0.9516977850652204,-0.03491661827203272,-0.47619777586636874,0.1926147407218266,-1.2603559536803886,-1.2286277458107875,0.0,7.105427357601002e-15,0.0,-0.44095855184409843,2.2448442802779502,-0.4424625195441246,-0.4529425467679601,0.0,-0.446963964670851
Hoima,2019,4,1032.06,3049.68,test,0.4175585308165759,-0.7009098448524642,0.27422968706969925,-0.9336618491938082,-0.17366529929005473,0.5900969292550845,0.16119291486503654,-0.27903779823587166,0.5564741941480075,-1.2603559536803886,-1.2286277458107875,0.0,7.105427357601002e-15,0.0,-0.44095855184409843,2.2448442802779502,-0.4424625195441246,-0.4529425467679601,0.0,-0.446963964670851
Hoima,2019,5,1331.22,3356.5,train,0.4175585308165759,-0.4140891051431384,0.27422968706969925,-0.9336618491938082,0.11737625257469046,0.9997266782815669,0.5534119811391759,0.8199035672758138,1.5629102059333304,-1.2603559536803886,-1.2286277458107875,0.0,7.105427357601002e-15,0.0,-0.44095855184409843,2.2448442802779502,-0.4424625195441246,-0.4529425467679601,0.0,-0.446963964670851
Hoima,2019,6,1228.97,3140.51,train,0.4175585308165759,-0.12726836543381256,0.27422968706969925,-0.9336618491938082,-0.2362937132879801,1.327355222381875,0.514190074511762,0.5871774760335409,1.2166137481604593,-1.2603559536803886,-1.2286277458107875,0.0,7.105427357601002e-15,0.0,-0.44095855184409843,2.2448442802779502,-0.4424625195441246,-0.4529425467679601,0.0,-0.446963964670851
Hoima,2019,7,1400.04,3225.86,train,0.4175585308165759,0.15955237427551328,0.27422968706969925,-0.9336618491938082,-0.08906657177015183,1.4357225964436018,0.5926338877665899,1.1000511433337883,2.350954184812278,-1.2603559536803886,-1.2286277458107875,0.0,7.105427357601002e-15,0.0,-0.44095855184409843,2.2448442802779502,-0.4424625195441246,-0.4529425467679601,0.0,-0.446963964670851
Hoima,2019,8,1231.2,3289.43,train,0.4175585308165759,0.4463731139848391,0.27422968706969925,-0.9336618491938082,-0.03126258095359574,1.5465895155915734,0.5534119811391759,0.642846175599799,2.1921236154258237,-1.2603559536803886,-1.2286277458107875,0.0,7.105427357601002e-15,0.0,-0.44095855184409843,2.2448442802779502,-0.4424625195441246,-0.4529425467679601,0.0,-0.446963964670851
Hoima,2019,9,1009.96,3264.28,test,0.4175585308165759,0.7331938536941649,0.27422968706969925,-0.9336618491938082,-0.2784457402604325,0.8435185488056844,0.3180805413746923,0.11218945149366366,1.888207429772896,-1.2603559536803886,-1.2286277458107875,0.0,7.105427357601002e-15,0.0,-0.44095855184409843,2.2448442802779502,-0.4424625195441246,-0.4529425467679601,0.0,-0.446963964670851
Hoima,2019,10,1167.05,3143.42,train,0.4175585308165759,1.0200145934034908,0.27422968706969925,-0.9336618491938082,-0.009484147899059521,1.2128868081634003,0.4357462612569341,0.6144963748947601,1.291447381813693,-1.2603559536803886,-1.2286277458107875,0.0,7.105427357601002e-15,0.0,-0.44095855184409843,2.2448442802779502,-0.4424625195441246,-0.4529425467679601,0.0,-0.446963964670851
Hoima,2019,11,1281.78,3346.08,train,0.4175585308165759,1.3068353331128166,0.27422968706969925,-0.9336618491938082,0.13446046705076342,1.1505056883228082,0.5534119811391759,0.8309857620968745,1.641180077866559,-1.2603559536803886,-1.2286277458107875,0.0,7.105427357601002e-15,0.0,-0.44095855184409843,2.2448442802779502,-0.4424625195441246,-0.4529425467679601,0.0,-0.446963964670851
Hoima,2019,12,1051.17,3322.7,train,0.4175585308165759,1.5936560728221425,0.27422968706969925,-0.9336618491938082,-0.28060439551914246,0.7353930662039171,0.23963672811986442,0.1980120299916447,1.5403837549866937,-1.2603559536803886,-1.2286277458107875,0.0,7.105427357601002e-15,0.0,-0.44095855184409843,2.2448442802779502,-0.4424625195441246,-0.4529425467679601,0.0,-0.446963964670851
Hoima,2020,1,969.66,3237.12,train,0.603120920493231,-1.5613720639804418,0.27422968706969925,-0.9336618491938082,-0.22114200923399038,1.0546091628634224,0.3180805413746923,0.06966475043610547,0.8695536818809226,-1.2603559536803886,-1.2286277458107875,0.0,7.105427357601002e-15,0.0,-0.44095855184409843,2.2448442802779502,-0.4424625195441246,-0.4529425467679601,0.0,-0.446963964670851
Hoima,2020,2,1020.55,3555.12,train,0.603120920493231,-1.274551324271116,0.27422968706969925,-0.9336618491938082,-0.1793531845749086,1.3773192472778946,0.514190074511762,0.025851422073772803,0.6885784658011643,-1.2603559536803886,-1.2286277458107875,0.0,7.105427357601002e-15,0.0,-0.44095855184409843,2.2448442802779502,-0.4424625195441246,-0.4529425467679601,0.0,-0.446963964670851
Hoima,2020,3,898.1,3815.25,train,0.603120920493231,-0.9877305845617901,0.27422968706969925,-0.9336618491938082,-0.34255437500718783,0.8049502993566326,0.35730244800210625,-0.43547715303549484,0.9680591792407913,-1.2603559536803886,-1.2286277458107875,0.0,7.105427357601002e-15,0.0,-0.44095855184409843,2.2448442802779502,-0.4424625195441246,-0.4529425467679601,0.0,-0.446963964670851
Hoima,2020,4,1214.65,4470.19,train,0.603120920493231,-0.7009098448524642,0.27422968706969925,-0.9336618491938082,-0.11388082793455598,0.7280825687473725,0.7887434209036596,0.13048795922146145,1.3956799429735536,-1.2603559536803886,-1.2286277458107875,0.0,7.105427357601002e-15,0.0,-0.44095855184409843,2.2448442802779502,-0.4424625195441246,-0.4529425467679601,0.0,-0.446963964670851
Hoima,2020,5,1028.22,4513.5,train,0.603120920493231,-0.4140891051431384,0.27422968706969925,-0.9336618491938082,-0.007551637476976259,0.5785130160059269,0.514190074511762,-0.9120115303411015,0.9333149921875042,-1.2603559536803886,-1.2286277458107875,0.0,7.105427357601002e-15,0.0,-0.44095855184409843,2.2448442802779502,-0.4424625195441246,-0.4529425467679601,0.0,-0.446963964670851
Hoima,2020,6,955.13,3868.04,test,0.603120920493231,-0.12726836543381256,0.27422968706969925,-0.9336618491938082,0.04712744286982859,0.0010912242544062994,0.3965243546295202,-0.8996407082152663,0.5018761859214137,-1.2603559536803886,-1.2286277458107875,0.0,7.105427357601002e-15,0.0,-0.44095855184409843,2.2448442802779502,-0.4424625195441246,-0.4529425467679601,0.0,-0.446963964670851
Hoima,2020,7,1086.99,3639.02,test,0.603120920493231,0.15955237427551328,0.27422968706969925,-0.9336618491938082,-0.03231107065068307,0.228039167353915,0.3965243546295202,-0.9017025119029054,0.10632697946860847,-1.2603559536803886,-1.2286277458107875,0.0,7.105427357601002e-15,0.0,-0.44095855184409843,2.2448442802779502,-0.4424625195441246,-0.4529425467679601,0.0,-0.446963964670851
Hoima,2020,8,957.53,3428.99,train,0.603120920493231,0.4463731139848391,0.27422968706969925,-0.9336618491938082,-0.2613546729105229,0.22250254060373703,0.23963672811986442,-0.8983520809104919,-0.22087926563762134,-1.2603559536803886,-1.2286277458107875,0.0,7.105427357601002e-15,0.0,-0.44095855184409843,2.2448442802779502,-0.4424625195441246,-0.4529425467679601,0.0,-0.446963964670851
Hoima,2020,9,813.01,3545.47,train,0.603120920493231,0.7331938536941649,0.27422968706969925,-0.9336618491938082,-0.3368116667316366,-0.15992785759177533,0.2004148214924505,-0.8279930300698046,-0.054030806931177455,-1.2603559536803886,-1.2286277458107875,0.0,7.105427357601002e-15,0.0,-0.44095855184409843,2.2448442802779502,-0.4424625195441246,-0.4529425467679601,0.0,-0.446963964670851
Hoima,2020,10,853.12,3306.1,train,0.603120920493231,1.0200145934034908,0.27422968706969925,-0.9336618491938082,-0.32727931922412884,0.1999797579986464,0.2004148214924505,-1.018709871176429,-0.18498966582433593,-1.2603559536803886,-1.2286277458107875,0.0,7.105427357601002e-15,0.0,-0.44095855184409843,2.2448442802779502,-0.4424625195441246,-0.4529425467679601,0.0,-0.446963964670851
Hoima,2020,11,914.39,3203.44,train,0.603120920493231,1.3068353331128166,0.27422968706969925,-0.9336618491938082,-0.12704519857576568,0.2011354616406739,0.27885863474727834,-1.0640695523044914,-0.5454128809705213,-1.2603559536803886,-1.2286277458107875,0.0,7.105427357601002e-15,0.0,-0.44095855184409843,2.2448442802779502,-0.4424625195441246,-0.4529425467679601,0.0,-0.446963964670851
Hoima,2020,12,715.13,2783.03,train,0.603120920493231,1.5936560728221425,0.27422968706969925,-0.9336618491938082,-0.2502187529251164,0.3325631548851781,-0.07413852489944667,-1.1493766798805625,-1.002814376463244,-1.2603559536803886,-1.2286277458107875,0.0,7.105427357601002e-15,0.0,-0.44095855184409843,2.2448442802779502,-0.4424625195441246,-0.4529425467679601,0.0,-0.446963964670851
Hoima,2021,1,706.7,2857.8,train,0.788683310169886,-1.5613720639804418,0.27422968706969925,-0.9336618491938082,-0.18951599647543638,0.49274905503594485,-0.07413852489944667,-1.024379831317437,-0.8302388539568076,-1.2603559536803886,-1.2286277458107875,0.0,7.105427357601002e-15,0.0,-0.44095855184409843,2.2448442802779502,-0.4424625195441246,-0.4529425467679601,0.0,-0.446963964670851
Hoima,2021,2,723.06,2934.72,test,0.788683310169886,-1.274551324271116,0.27422968706969925,-0.9336618491938082,-0.10669901615319814,0.5478196774199919,-0.03491661827203272,-1.0766980998912812,-1.0490126911165156,-1.2603559536803886,-1.2286277458107875,0.0,7.105427357601002e-15,0.0,-0.44095855184409843,2.2448442802779502,-0.4424625195441246,-0.4529425467679601,0.0,-0.446963964670851
Hoima,2021,3,767.67,2993.3,train,0.788683310169886,-0.9877305845617901,0.27422968706969925,-0.9336618491938082,-0.04254241128958283,0.5321773630092959,0.004305288355381218,-0.6996457505142655,-1.2051706307296404,-1.2603559536803886,-1.2286277458107875,0.0,7.105427357601002e-15,0.0,-0.44095855184409843,2.2448442802779502,-0.4424625195441246,-0.4529425467679601,0.0,-0.446963964670851
Hoima,2021,4,791.51,2748.55,train,0.788683310169886,-0.7009098448524642,0.27422968706969925,-0.9336618491938082,0.4546541442188433,0.561231215033286,0.12197100823762261,-1.2233438871746183,-1.8530924486354419,-1.2603559536803886,-1.2286277458107875,0.0,7.105427357601002e-15,0.0,-0.44095855184409843,2.2448442802779502,-0.4424625195441246,-0.4529425467679601,0.0,-0.446963964670851
Hoima,2021,5,737.55,2710.46,train,0.788683310169886,-0.4140891051431384,0.27422968706969925,-0.9336618491938082,0.4254883131678346,0.5495666712974747,0.004305288355381218,-1.0540182593272502,-1.9080722611153687,-1.2603559536803886,-1.2286277458107875,0.0,7.105427357601002e-15,0.0,-0.44095855184409843,2.2448442802779502,-0.4424625195441246,-0.4529425467679601,0.0,-0.446963964670851
Hoima,2021,6,896.42,2612.71,train,0.788683310169886,-0.12726836543381256,0.27422968706969925,-0.9336618491938082,0.5572348126874891,0.44477391547736767,0.08274910161020867,-0.4839295396950157,-1.621719071115751,-1.2603559536803886,-1.2286277458107875,0.0,7.105427357601002e-15,0.0,-0.44095855184409843,2.2448442802779502,-0.4424625195441246,-0.4529425467679601,0.0,-0.446963964670851
Hoima,2021,7,850.0,2374.16,test,0.788683310169886,0.15955237427551328,0.27422968706969925,-0.9336618491938082,0.9396183199279158,0.13942626252219067,0.12197100823762261,-0.8872698860894312,-1.7099158536356331,-0.9772867053504499,-0.9181348155492339,0.0,7.105427357601002e-15,0.0,-0.44095855184409843,2.2448442802779502,-0.4424625195441246,-0.4529425467679601,0.0,-0.446963964670851
Hoima,2021,8,856.97,1914.0,train,0.788683310169886,0.4463731139848391,0.27422968706969925,-0.9336618491938082,0.9197449858001134,0.08989226688832097,0.043527194982795156,-0.5960401152103963,-2.069575460275153,-0.7508313066864989,-0.6076418852876805,0.0,7.105427357601002e-15,0.0,-0.44095855184409843,2.2448442802779502,-0.4424625195441246,-0.4529425467679601,0.0,-0.446963964670851
Hoima,2021,9,1016.59,2200.0,train,0.788683310169886,0.7331938536941649,0.27422968706969925,-0.9336618491938082,1.1650778691709136,0.10228248500400917,0.23963672811986442,0.3199161730233115,-1.831711410448804,-0.5243759080225477,-0.3592475410784375,0.0,7.105427357601002e-15,0.0,-0.44095855184409843,2.2448442802779502,-0.4424625195441246,-0.4529425467679601,0.0,-0.446963964670851
Hoima,2021,10,1011.26,2245.0,train,0.788683310169886,1.0200145934034908,0.27422968706969925,-0.9336618491938082,1.1876923528335852,0.09362814610324682,0.16119291486503654,0.15239462340262774,-1.6083559222491022,-0.3545343590245847,-0.11085319686919448,0.0,7.105427357601002e-15,0.0,-0.44095855184409843,2.2448442802779502,-0.4424625195441246,-0.4529425467679601,0.0,-0.446963964670851
Hoima,2021,11,1105.54,2389.0,train,0.788683310169886,1.3068353331128166,0.27422968706969925,-0.9336618491938082,1.2137332734148432,0.16950143404378604,0.16119291486503654,0.21321783218798368,-1.353310681022776,-0.18469281002662163,0.07544256128773695,0.0,7.105427357601002e-15,0.0,-0.44095855184409843,2.2448442802779502,-0.4424625195441246,-0.4529425467679601,0.0,-0.446963964670851
Hoima,2021,12,1057.16,2300.0,train,0.788683310169886,1.5936560728221425,0.27422968706969925,-0.9336618491938082,1.2137332734148432,0.054468606418738574,0.08274910161020867,0.9072724985395243,-1.0455764528365201,-0.014851261028658077,0.26173831944466946,0.0,7.105427357601002e-15,0.0,-0.44095855184409843,2.2448442802779502,-0.4424625195441246,-0.4529425467679601,0.0,-0.446963964670851
Hoima,2022,1,900.0,1971.0,train,0.9742456998465411,-1.5613720639804418,0.27422968706969925,-0.9336618491938082,1.2137332734148432,0.03151579455149799,-0.19180424478168848,0.37945075450389304,-1.56750286714249,0.15499028796930447,0.3859354915492904,0.0,7.105427357601002e-15,0.0,-0.44095855184409843,2.2448442802779502,-0.4424625195441246,-0.4529425467679601,0.0,-0.446963964670851
Hoima,2022,2,1256.75,2359.9,test,0.9742456998465411,-1.274551324271116,0.27422968706969925,-0.9336618491938082,1.8186227412744465,-0.10501849618103427,0.3180805413746923,1.5768432461003496,-1.1307188013297398,0.15499028796930447,0.3859354915492904,0.0,7.105427357601002e-15,0.0,-0.44095855184409843,2.2448442802779502,-0.4424625195441246,-0.4529425467679601,0.0,-0.446963964670851
Hoima,2022,3,1300.0,2500.0,test,0.9742456998465411,-0.9877305845617901,0.27422968706969925,-0.9336618491938082,2.412986194920151,-0.30207940556113794,0.5926338877665899,1.4616399650535103,-1.0119776785432317,0.32483183696726803,0.572231249706223,0.0,7.105427357601002e-15,0.0,-0.44095855184409843,2.2448442802779502,-0.4424625195441246,-0.4529425467679601,0.0,-0.446963964670851
Hoima,2022,4,1600.0,2600.0,train,0.9742456998465411,-0.7009098448524642,0.27422968706969925,-0.9336618491938082,2.5843080408494807,0.0020587900942428744,1.1025186739229702,2.307237202446531,-0.5889385658504632,0.49467338596523064,0.6964284218108439,0.0,7.105427357601002e-15,0.0,-0.44095855184409843,2.2448442802779502,-0.4424625195441246,-0.4529425467679601,0.0,-0.446963964670851
Hoima,2022,5,2000.0,3000.0,train,0.9742456998465411,-0.4140891051431384,0.27422968706969925,-0.9336618491938082,2.5843080408494807,-0.34209900376994545,1.4162939269422818,4.086058333957237,0.02500267350871703,0.6645149349631941,0.820625593915466,0.0,7.105427357601002e-15,0.0,-0.44095855184409843,2.2448442802779502,-0.4424625195441246,-0.4529425467679601,0.0,-0.446963964670851
Hoima,2022,6,2083.0,3000.0,test,0.9742456998465411,-0.12726836543381256,0.27422968706969925,-0.9336618491938082,2.5843080408494807,-0.4348240634209763,1.5731815534519376,3.086083545452233,0.18306963438850601,0.7777426342951692,0.8827241799677764,0.0,7.105427357601002e-15,0.0,-0.44095855184409843,2.2448442802779502,-0.4424625195441246,-0.4529425467679601,0.0,-0.446963964670851
Hoima,2022,7,2375.0,3375.0,test,0.9742456998465411,0.15955237427551328,0.27422968706969925,-0.9336618491938082,2.5843080408494807,-0.4077053430766605,1.847734899843834,4.2984241137840735,1.2269224630004454,0.7777426342951692,0.8827241799677764,0.0,7.105427357601002e-15,0.0,-0.44095855184409843,2.2448442802779502,-0.4424625195441246,-0.4529425467679601,0.0,-0.446963964670851
Hoima,2022,8,2417.0,3500.0,train,0.9742456998465411,0.4463731139848391,0.27422968706969925,-0.9336618491938082,2.412986194920151,-0.47653690184949793,2.122288246235732,4.3662059100152115,2.7808657740650373,0.7777426342951692,0.8827241799677764,0.0,7.105427357601002e-15,0.0,-0.44095855184409843,2.2448442802779502,-0.4424625195441246,-0.4529425467679601,0.0,-0.446963964670851
Hoima,2022,9,2000.0,3500.0,train,0.9742456998465411,0.7331938536941649,0.27422968706969925,-0.9336618491938082,2.0703425030614917,-0.4337758670944861,2.122288246235732,2.167807728069931,1.873317063892916,0.7777426342951692,0.8827241799677764,0.0,7.105427357601002e-15,0.0,-0.44095855184409843,2.2448442802779502,-0.4424625195441246,-0.4529425467679601,0.0,-0.446963964670851
Hoima,2022,10,2000.0,3400.0,train,0.9742456998465411,1.0200145934034908,0.27422968706969925,-0.9336618491938082,1.8990206571321622,-0.4767519164805726,2.2007320594905595,2.1943534505482853,1.5816186143466389,0.7777426342951692,0.8827241799677764,0.0,7.105427357601002e-15,0.0,-0.44095855184409843,2.2448442802779502,-0.4424625195441246,-0.4529425467679601,0.0,-0.446963964670851
Hoima,2022,11,2375.0,3875.0,train,0.9742456998465411,1.3068353331128166,0.27422968706969925,-0.9336618491938082,1.8990206571321622,-0.5491849703239142,2.3183977793728014,2.634033086937342,1.992058186679424,0.7777426342951692,0.8827241799677764,0.0,7.105427357601002e-15,0.0,-0.44095855184409843,2.2448442802779502,-0.4424625195441246,-0.4529425467679601,0.0,-0.446963964670851
Hoima,2022,12,2625.0,4000.0,train,0.9742456998465411,1.5936560728221425,0.27422968706969925,-0.9336618491938082,1.2137332734148432,-0.6648897186710699,2.2007320594905595,3.496897930214341,2.4391509673321603,0.7777426342951692,0.8827241799677764,0.0,7.105427357601002e-15,0.0,-0.44095855184409843,2.2448442802779502,-0.4424625195441246,-0.4529425467679601,0.0,-0.446963964670851
Hoima,2023,1,2200.0,4000.0,train,1.1598080895231961,-1.5613720639804418,0.27422968706969925,-0.9336618491938082,1.2137332734148432,-0.4931467821000306,2.00462252635349,3.397158176824795,3.5475287147573473,0.7777426342951692,0.8827241799677764,0.0,7.105427357601002e-15,0.0,-0.44095855184409843,2.2448442802779502,-0.4424625195441246,-0.4529425467679601,0.0,-0.446963964670851
Hoima,2023,2,1500.0,4000.0,test,1.1598080895231961,-1.274551324271116,0.27422968706969925,-0.9336618491938082,1.2137332734148432,-0.5188947841712441,1.8085129932164203,0.1735281112009294,2.2707752916123853,0.9475841832931328,0.9448227660200869,0.0,7.105427357601002e-15,0.0,-0.44095855184409843,2.2448442802779502,-0.4424625195441246,-0.4529425467679601,0.0,-0.446963964670851
Hoima,2023,3,1500.0,4000.0,test,1.1598080895231961,-0.9877305845617901,0.27422968706969925,-0.9336618491938082,1.2137332734148432,-0.7752728548991237,1.6908472733341793,0.07095337774087997,1.9080612509462027,0.9475841832931328,0.9448227660200869,0.0,7.105427357601002e-15,0.0,-0.44095855184409843,2.2448442802779502,-0.4424625195441246,-0.4529425467679601,0.0,-0.446963964670851
Hoima,2023,4,1700.0,4125.0,train,1.1598080895231961,-0.7009098448524642,0.27422968706969925,-0.9336618491938082,0.9856833378613941,-0.6732752892829896,1.8085129932164203,-0.16434996811094202,1.8565176767462717,0.9475841832931328,0.9448227660200869,0.0,7.105427357601002e-15,0.0,-0.44095855184409843,2.2448442802779502,-0.4424625195441246,-0.4529425467679601,0.0,-0.446963964670851
Hoima,2023,5,1769.37,4297.35,train,1.1598080895231961,-0.4140891051431384,0.27422968706969925,-0.9336618491938082,0.73664990261852,-0.5017742441719092,1.6516253667067653,-0.6225858376887509,1.2685391266137234,0.7777426342951692,0.8827241799677764,0.0,7.105427357601002e-15,0.0,-0.44095855184409843,2.2448442802779502,-0.4424625195441246,-0.4529425467679601,0.0,-0.446963964670851
Hoima,2023,6,2000.0,4700.0,train,1.1598080895231961,-0.12726836543381256,0.27422968706969925,-0.9336618491938082,0.5284458896975244,-0.8503398379731317,1.6908472733341793,-0.4280031146678028,1.7809204345863727,0.7777426342951692,0.8827241799677764,0.0,7.105427357601002e-15,0.0,-0.44095855184409843,2.2448442802779502,-0.4424625195441246,-0.4529425467679601,0.0,-0.446963964670851
Hoima,2023,7,1750.0,4150.0,test,1.1598080895231961,0.15955237427551328,0.27422968706969925,-0.9336618491938082,0.5284458896975244,-0.5669236773875894,1.5731815534519376,-1.003761794441045,0.4938582966014244,0.7777426342951692,0.8827241799677764,0.0,7.105427357601002e-15,0.0,-0.44095855184409843,2.2448442802779502,-0.4424625195441246,-0.4529425467679601,0.0,-0.446963964670851
Hoima,2023,8,1800.0,4520.0,train,1.1598080895231961,0.4463731139848391,0.27422968706969925,-0.9336618491938082,0.5284458896975244,-0.5048382026647256,1.6124034600793515,-0.9834014830256081,0.7298133251611093,0.7777426342951692,0.8827241799677764,0.0,7.105427357601002e-15,0.0,-0.44095855184409843,2.2448442802779502,-0.4424625195441246,-0.4529425467679601,0.0,-0.446963964670851
Hoima,2023,9,2000.0,5000.0,test,1.1598080895231961,0.7331938536941649,0.27422968706969925,-0.9336618491938082,0.5284458896975244,-0.625864563130984,1.8085129932164203,-0.32542838120775336,1.2536487607337432,0.7777426342951692,0.8827241799677764,0.0,7.105427357601002e-15,0.0,-0.44095855184409843,2.2448442802779502,-0.4424625195441246,-0.4529425467679601,0.0,-0.446963964670851
Hoima,2023,10,2000.0,4875.0,train,1.1598080895231961,1.0200145934034908,0.27422968706969925,-0.9336618491938082,0.5284458896975244,-0.6062176012165194,1.926178713098662,-0.32542838120775336,1.2735025819070502,0.7777426342951692,0.8827241799677764,0.0,7.105427357601002e-15,0.0,-0.44095855184409843,2.2448442802779502,-0.4424625195441246,-0.4529425467679601,0.0,-0.446963964670851
Hoima,2023,11,1900.0,4100.0,train,1.1598080895231961,1.3068353331128166,0.27422968706969925,-0.9336618491938082,0.5284458896975244,-0.5220124963218298,1.4555158335696956,-0.8408793031175495,-0.16093599786436805,0.7777426342951692,0.8827241799677764,0.0,7.105427357601002e-15,0.0,-0.44095855184409843,2.2448442802779502,-0.4424625195441246,-0.4529425467679601,0.0,-0.446963964670851
Hoima,2023,12,1420.0,3800.0,train,1.1598080895231961,1.5936560728221425,0.27422968706969925,-0.9336618491938082,0.5284458896975244,-0.9578471535105587,1.1025186739229702,-1.5083882469907355,-0.5736663957171503,0.7777426342951692,0.8827241799677764,0.0,7.105427357601002e-15,0.0,-0.44095855184409843,2.2448442802779502,-0.4424625195441246,-0.4529425467679601,0.0,-0.446963964670851
Hoima,2024,1,1173.81,3080.0,train,1.3453704791998513,-1.5613720639804418,0.27422968706969925,-0.9336618491938082,0.5284458896975244,-0.7302810433467104,0.7102996076488317,-1.527717656562353,-1.2609140517162327,0.7777426342951692,0.8827241799677764,0.0,7.105427357601002e-15,0.0,-0.44095855184409843,2.2448442802779502,-0.4424625195441246,-0.4529425467679601,0.0,-0.446963964670851
Hoima,2024,2,700.0,3636.84,train,1.3453704791998513,-1.274551324271116,0.27422968706969925,-0.9336618491938082,0.5284458896975244,-0.88092566924353,0.7887434209036596,-1.6998782644802248,-0.7294425310769422,0.7777426342951692,0.8827241799677764,0.0,7.105427357601002e-15,0.0,-0.44095855184409843,2.2448442802779502,-0.4424625195441246,-0.4529425467679601,0.0,-0.446963964670851
Hoima,2024,3,608.56,4022.86,train,1.3453704791998513,-0.9877305845617901,0.27422968706969925,-0.9336618491938082,0.5284458896975244,-1.0103376003217075,0.9456310474133145,-1.857090795662713,-0.36100142661076756,0.7777426342951692,0.8827241799677764,0.0,7.105427357601002e-15,0.0,-0.44095855184409843,2.2448442802779502,-0.4424625195441246,-0.4529425467679601,0.0,-0.446963964670851
Hoima,2024,4,750.0,4867.79,test,1.3453704791998513,-0.7009098448524642,0.27422968706969925,-0.9336618491938082,0.5284458896975244,-0.7190465288730491,1.1809624871777982,-1.765598257023724,0.30486519120167677,0.7777426342951692,0.8827241799677764,0.0,7.105427357601002e-15,0.0,-0.44095855184409843,2.2448442802779502,-0.4424625195441246,-0.4529425467679601,0.0,-0.446963964670851
Hoima,2024,5,720.0,5000.0,train,1.3453704791998513,-0.4140891051431384,0.27422968706969925,-0.9336618491938082,0.5284458896975244,-0.9881910933209974,1.0632967672955562,-1.853998090131254,0.24148568514842805,0.9475841832931328,0.9448227660200869,0.0,7.105427357601002e-15,0.0,-0.44095855184409843,2.2448442802779502,-0.4424625195441246,-0.4529425467679601,0.0,-0.446963964670851
Hoima,2024,6,700.0,5000.0,train,1.3453704791998513,-0.12726836543381256,0.27422968706969925,-0.9336618491938082,0.6655033664409882,-0.6441676836012308,1.0632967672955562,-2.000643877414591,-0.1391731554243971,0.9475841832931328,0.9448227660200869,0.0,7.105427357601002e-15,0.0,-0.44095855184409843,2.2448442802779502,-0.4424625195441246,-0.4529425467679601,0.0,-0.446963964670851
Hoima,2024,7,840.0,4587.33,train,1.3453704791998513,0.15955237427551328,0.27422968706969925,-0.9336618491938082,0.5284458896975244,-0.7244487714788048,0.9064091407859005,-1.6656007781732234,0.019657413962057477,0.9475841832931328,0.9448227660200869,0.0,7.105427357601002e-15,0.0,-0.44095855184409843,2.2448442802779502,-0.4424625195441246,-0.4529425467679601,0.0,-0.446963964670851
Hoima,2024,8,911.0,4111.0,train,1.3453704791998513,0.4463731139848391,0.27422968706969925,-0.9336618491938082,0.5284458896975244,-0.7517825064541959,0.9456310474133145,-1.598334432863995,-0.7282971183169439,0.9475841832931328,0.9448227660200869,0.0,7.105427357601002e-15,0.0,-0.44095855184409843,2.2448442802779502,-0.4424625195441246,-0.4529425467679601,0.0,-0.446963964670851
Hoima,2024,9,1000.0,4875.0,train,1.3453704791998513,0.7331938536941649,0.27422968706969925,-0.9336618491938082,0.5284458896975244,-0.7177833179154842,1.1417405805503842,-1.614055685982244,-0.4782153323839444,0.9475841832931328,0.9448227660200869,0.0,7.105427357601002e-15,0.0,-0.44095855184409843,2.2448442802779502,-0.4424625195441246,-0.4529425467679601,0.0,-0.446963964670851
Hoima,2024,10,1000.0,4300.0,test,1.3453704791998513,1.0200145934034908,0.27422968706969925,-0.9336618491938082,0.5284458896975244,-0.7247712934254168,1.0632967672955562,-1.614055685982244,-0.8329114837301375,0.9475841832931328,0.9448227660200869,0.0,7.105427357601002e-15,0.0,-0.44095855184409843,2.2448442802779502,-0.4424625195441246,-0.4529425467679601,0.0,-0.446963964670851
Hoima,2024,11,1000.0,3500.0,train,1.3453704791998513,1.3068353331128166,0.27422968706969925,-0.9336618491938082,0.5284458896975244,-0.6194947546853917,1.220184393805212,-1.5462738897511055,-0.9413438916766594,0.9475841832931328,0.9448227660200869,0.0,7.105427357601002e-15,0.0,-0.44095855184409843,2.2448442802779502,-0.4424625195441246,-0.4529425467679601,0.0,-0.446963964670851
Hoima,2024,12,1000.0,3500.0,train,1.3453704791998513,1.5936560728221425,0.27422968706969925,-0.9336618491938082,0.5284458896975244,-0.48236917371740357,1.220184393805212,-1.0877802947123418,-0.6840078249303363,0.9475841832931328,0.9448227660200869,0.0,7.105427357601002e-15,0.0,-0.44095855184409843,2.2448442802779502,-0.4424625195441246,-0.4529425467679601,0.0,-0.446963964670851
Hoima,2025,1,1000.0,3500.0,train,1.5309328688765063,-1.5613720639804418,0.27422968706969925,-0.9336618491938082,0.5284458896975244,-0.40200745535317656,1.220184393805212,-0.7071197888819575,0.13801673249523283,0.9475841832931328,0.9448227660200869,0.0,7.105427357601002e-15,0.0,-0.44095855184409843,2.2448442802779502,-0.4424625195441246,-0.4529425467679601,0.0,-0.446963964670851
Hoima,2025,2,1000.0,3500.0,train,1.5309328688765063,-1.274551324271116,0.27422968706969925,-0.9336618491938082,0.5284458896975244,-0.2925650081360757,1.220184393805212,0.77918294444494,-0.5263226683038802,0.9475841832931328,0.9448227660200869,0.0,7.105427357601002e-15,0.0,-0.44095855184409843,2.2448442802779502,-0.4424625195441246,-0.4529425467679601,0.0,-0.446963964670851
Hoima,2025,3,1014.0,3694.44,train,1.5309328688765063,-0.9877305845617901,0.27422968706969925,-0.9336618491938082,1.2555837739384597,-0.1954052717191264,1.4162939269422818,1.391538639673778,-0.6943165397703226,0.9475841832931328,0.9448227660200869,0.0,7.105427357601002e-15,0.0,-0.44095855184409843,2.2448442802779502,-0.4424625195441246,-0.4529425467679601,0.0,-0.446963964670851
Hoima,2025,4,1300.0,4035.71,train,1.5309328688765063,-0.7009098448524642,0.27422968706969925,-0.9336618491938082,1.4653776535896794,-0.3492751170820689,1.6124034600793515,1.5644724239745145,-1.035267737996534,0.9475841832931328,0.9448227660200869,0.0,7.105427357601002e-15,0.0,-0.44095855184409843,2.2448442802779502,-0.4424625195441246,-0.4529425467679601,0.0,-0.446963964670851
Hoima,2025,5,1219.78,4361.11,train,1.5309328688765063,-0.4140891051431384,0.27422968706969925,-0.9336618491938082,1.4490883724787196,-0.18793351328927466,2.00462252635349,1.4634440432801943,-0.870710104810087,0.9475841832931328,0.9448227660200869,0.0,7.105427357601002e-15,0.0,-0.44095855184409843,2.2448442802779502,-0.4424625195441246,-0.4529425467679601,0.0,-0.446963964670851
Hoima,2025,6,1337.71,5000.0,train,1.5309328688765063,-0.12726836543381256,0.27422968706969925,-0.9336618491938082,1.9279466375988696,0.11421579702866372,2.2791758727453875,2.0224505680913683,-0.3827642690507385,0.9475841832931328,0.9448227660200869,0.0,7.105427357601002e-15,0.0,-0.44095855184409843,2.2448442802779502,-0.4424625195441246,-0.4529425467679601,0.0,-0.446963964670851
Hoima,2025,7,1450.78,4000.0,train,1.5309328688765063,0.15955237427551328,0.27422968706969925,-0.9336618491938082,2.386164046721456,-0.11722057649453214,1.926178713098662,1.5484934453953108,-0.8714737133167527,0.9475841832931328,0.9448227660200869,0.0,7.105427357601002e-15,0.0,-0.44095855184409843,2.2448442802779502,-0.4424625195441246,-0.4529425467679601,0.0,-0.446963964670851
Hoima,2025,8,1500.0,4000.0,train,1.5309328688765063,0.4463731139848391,0.27422968706969925,-0.9336618491938082,2.5843080408494807,0.019098699606925458,1.965400619726076,1.340766723865663,-0.48585141745060084,0.9475841832931328,0.9448227660200869,0.0,7.105427357601002e-15,0.0,-0.44095855184409843,2.2448442802779502,-0.4424625195441246,-0.4529425467679601,0.0,-0.446963964670851
Hoima,2025,9,1500.0,4000.0,train,1.5309328688765063,0.7331938536941649,0.27422968706969925,-0.9336618491938082,2.5843080408494807,0.1493706892094028,2.043844432980904,0.9631989235667372,-1.0681029037831569,0.9475841832931328,0.9448227660200869,0.0,7.105427357601002e-15,0.0,-0.44095855184409843,2.2448442802779502,-0.4424625195441246,-0.4529425467679601,0.0,-0.446963964670851
Hoima,2025,10,1500.0,4000.0,test,1.5309328688765063,1.0200145934034908,0.27422968706969925,-0.9336618491938082,2.5843080408494807,0.13278768578775446,2.043844432980904,0.9631989235667372,-0.6492636378770493,0.9475841832931328,0.9448227660200869,0.0,7.105427357601002e-15,0.0,-0.44095855184409843,2.2448442802779502,-0.4424625195441246,-0.4529425467679601,0.0,-0.446963964670851
Hoima,2025,11,1500.0,4000.0,train,1.5309328688765063,1.3068353331128166,0.27422968706969925,-0.9336618491938082,2.5843080408494807,0.03331654208675009,2.043844432980904,0.9631989235667372,0.1628340089618663,0.9475841832931328,0.9448227660200869,0.0,7.105427357601002e-15,0.0,-0.44095855184409843,2.2448442802779502,-0.4424625195441246,-0.4529425467679601,0.0,-0.446963964670851
Hoima,2025,12,1500.0,4000.0,train,1.5309328688765063,1.5936560728221425,0.27422968706969925,-0.9336618491938082,2.5843080408494807,0.14114637957078915,2.043844432980904,0.9631989235667372,0.1628340089618663,0.9475841832931328,0.9448227660200869,0.0,7.105427357601002e-15,0.0,-0.44095855184409843,2.2448442802779502,-0.4424625195441246,-0.4529425467679601,0.0,-0.446963964670851
Hoima,2026,1,1271.75,3378.56,test,1.7164952585531614,-1.5613720639804418,0.27422968706969925,-0.9336618491938082,1.7691107278008702,0.0705678269204683,1.5339596468245236,0.3750694216676597,-0.5152503449572283,0.7777426342951692,0.8827241799677764,0.0,7.105427357601002e-15,0.0,-0.44095855184409843,2.2448442802779502,-0.4424625195441246,-0.4529425467679601,0.0,-0.446963964670851
Hoima,2026,2,1422.38,3432.92,train,1.7164952585531614,-1.274551324271116,0.27422968706969925,-0.9336618491938082,1.8611379705602682,-0.07327696126860908,1.6516253667067653,0.7632039658657364,-0.45607068569064063,0.6645149349631941,0.820625593915466,0.0,7.105427357601002e-15,0.0,-0.44095855184409843,2.2448442802779502,-0.4424625195441246,-0.4529425467679601,0.0,-0.446963964670851
Hoima,2026,3,1352.66,3389.48,train,1.7164952585531614,-0.9877305845617901,0.27422968706969925,-0.9336618491938082,1.525580150249246,-0.11523169115708973,1.6124034600793515,0.5353746583816064,-0.697752778050318,0.49467338596523064,0.6964284218108439,0.0,7.105427357601002e-15,0.0,-0.44095855184409843,2.2448442802779502,-0.4424625195441246,-0.4529425467679601,0.0,-0.446963964670851
Hoima,2026,4,1477.64,3905.33,train,1.7164952585531614,-0.7009098448524642,0.27422968706969925,-0.9336618491938082,1.7486754580184198,0.12934745169055686,1.6908472733341793,0.02662459845663748,-0.5060870428772405,0.38144568663325557,0.572231249706223,0.0,7.105427357601002e-15,0.0,-0.44095855184409843,2.2448442802779502,-0.4424625195441246,-0.4529425467679601,0.0,-0.446963964670851
Hoima,2026,5,1567.23,3688.02,train,1.7164952585531614,-0.4140891051431384,0.27422968706969925,-0.9336618491938082,1.8228029943151223,0.05933331244680761,1.6908472733341793,0.4085737315917965,-0.9718882319432852,0.211604137635292,0.4480340776016009,0.0,7.105427357601002e-15,0.0,-0.44095855184409843,2.2448442802779502,-0.4424625195441246,-0.4529425467679601,0.0,-0.446963964670851
Hoima,2026,6,1514.54,3251.57,train,1.7164952585531614,-0.12726836543381256,0.27422968706969925,-0.9336618491938082,1.5332348103253686,0.183665522865842,1.4555158335696956,0.015284678174621978,-1.7179337429556225,0.04176258863732944,0.26173831944466946,0.0,7.105427357601002e-15,0.0,-0.44095855184409843,2.2448442802779502,-0.4424625195441246,-0.4529425467679601,0.0,-0.446963964670851
Hoima,2026,7,1754.36,3543.3,train,1.7164952585531614,0.15955237427551328,0.27422968706969925,-0.9336618491938082,1.8789760011584304,0.03138141040707633,1.6908472733341793,0.2139910085708484,-0.8187847263568231,-0.12807896036063413,0.07544256128773695,0.0,7.105427357601002e-15,0.0,-0.44095855184409843,2.2448442802779502,-0.4424625195441246,-0.4529425467679601,0.0,-0.446963964670851
Hoima,2026,8,1680.21,3725.27,train,1.7164952585531614,0.4463731139848391,0.27422968706969925,-0.9336618491938082,1.7184131671534633,0.17552184371388135,1.7300691799615933,-0.015900102600920715,-0.6450637910903884,-0.2979205093585972,-0.11085319686919448,0.0,7.105427357601002e-15,0.0,-0.44095855184409843,2.2448442802779502,-0.4424625195441246,-0.4529425467679601,0.0,-0.446963964670851
Jinja,2008,1,555.96,1068.83,test,-1.6236277556266299,-1.5613720639804418,-0.604955580561335,0.6698927413585453,-1.3478298496774712,-1.510891661463968,-1.643014789996003,-0.010487867920867833,-0.1590269765977039,-1.2603559536803886,-1.2286277458107875,0.0,7.105427357601002e-15,0.0,-0.44095855184409843,-0.4454651972011986,2.260078437898682,-0.4529425467679601,0.0,-0.446963964670851
Jinja,2008,2,472.6,1062.59,train,-1.6236277556266299,-1.274551324271116,-0.604955580561335,0.6698927413585453,-1.3743710300488434,-1.5977575724182094,-1.7606805098782448,-0.07775421323009626,-0.21629761459762745,-1.2603559536803886,-1.2286277458107875,0.0,7.105427357601002e-15,0.0,-0.44095855184409843,-0.4454651972011986,2.260078437898682,-0.4529425467679601,0.0,-0.446963964670851
Jinja,2008,3,527.18,1124.56,train,-1.6236277556266299,-0.9877305845617901,-0.604955580561335,0.6698927413585453,-1.4073744704486693,-1.5249213661416023,-1.7214586032508308,-0.022343239124793166,-0.20140724871764734,-1.2603559536803886,-1.2286277458107875,0.0,7.105427357601002e-15,0.0,-0.44095855184409843,-0.4454651972011986,2.260078437898682,-0.4529425467679601,0.0,-0.446963964670851
Jinja,2008,4,533.04,1239.46,train,-1.6236277556266299,-0.7009098448524642,-0.604955580561335,0.6698927413585453,-1.2515332665175138,-1.3699226939655171,-1.603792883368589,-0.03419861032871846,-0.0055416667579088145,-1.2603559536803886,-1.2286277458107875,0.0,7.105427357601002e-15,0.0,-0.44095855184409843,-0.4454651972011986,2.260078437898682,-0.4529425467679601,0.0,-0.446963964670851
Jinja,2008,5,533.47,1257.16,train,-1.6236277556266299,-0.4140891051431384,-0.604955580561335,0.6698927413585453,-1.260044535823283,-1.4785050826583181,-1.643014789996003,-0.02260096458574806,-0.06853936855782472,-1.2603559536803886,-1.2286277458107875,0.0,7.105427357601002e-15,0.0,-0.44095855184409843,-0.4454651972011986,2.260078437898682,-0.4529425467679601,0.0,-0.446963964670851
Jinja,2008,6,521.69,1136.56,test,-1.6236277556266299,-0.12726836543381256,-0.604955580561335,0.6698927413585453,-1.2840433000010634,-1.3605426806848766,-1.6822366966234168,-0.024147317351477463,-0.12695541931774673,-1.2603559536803886,-1.2286277458107875,0.0,7.105427357601002e-15,0.0,-0.44095855184409843,-0.4454651972011986,2.260078437898682,-0.4529425467679601,0.0,-0.446963964670851
Jinja,2008,7,526.72,1164.77,train,-1.6236277556266299,0.15955237427551328,-0.604955580561335,0.6698927413585453,-1.2859895161708206,-1.4668136620936232,-1.6822366966234168,0.009099267111704418,0.14985266434855032,-1.2603559536803886,-1.2286277458107875,0.0,7.105427357601002e-15,0.0,-0.44095855184409843,-0.4454651972011986,2.260078437898682,-0.4529425467679601,0.0,-0.446963964670851
Jinja,2008,8,540.71,1238.62,train,-1.6236277556266299,0.4463731139848391,-0.604955580561335,0.6698927413585453,-1.1930851055602638,-1.4183278627862437,-1.603792883368589,0.0665720449046467,0.13152606018857485,-1.2603559536803886,-1.2286277458107875,0.0,7.105427357601002e-15,0.0,-0.44095855184409843,-0.4454651972011986,2.260078437898682,-0.4529425467679601,0.0,-0.446963964670851
Jinja,2008,9,570.84,1483.4,train,-1.6236277556266299,0.7331938536941649,-0.604955580561335,0.6698927413585453,-1.145169811690749,-1.3589569477806993,-1.486127163486347,0.17558991488856862,0.7924292227076924,-1.2603559536803886,-1.2286277458107875,0.0,7.105427357601002e-15,0.0,-0.44095855184409843,-0.4454651972011986,2.260078437898682,-0.4529425467679601,0.0,-0.446963964670851
Jinja,2008,10,549.18,1647.95,train,-1.6236277556266299,1.0200145934034908,-0.604955580561335,0.6698927413585453,-1.1159560105228794,-1.4297773918909797,-1.4469052568589333,0.06090208476363893,1.3968253557335522,-1.2603559536803886,-1.2286277458107875,0.0,7.105427357601002e-15,0.0,-0.44095855184409843,-0.4454651972011986,2.260078437898682,-0.4529425467679601,0.0,-0.446963964670851
Jinja,2008,11,622.03,1515.05,train,-1.6236277556266299,1.3068353331128166,-0.604955580561335,0.6698927413585453,-0.8148201754959778,-1.093467632061023,-1.3684614436041058,0.3629563250027795,1.4315695427868391,-1.2603559536803886,-1.2286277458107875,0.0,7.105427357601002e-15,0.0,-0.44095855184409843,-0.4454651972011986,2.260078437898682,-0.4529425467679601,0.0,-0.446963964670851
Jinja,2008,12,615.43,1497.87,train,-1.6236277556266299,1.5936560728221425,-0.604955580561335,0.6698927413585453,-0.897904417897866,-1.2068340962952402,-1.3684614436041058,0.32893656415673295,1.4430236703868238,-1.2603559536803886,-1.2286277458107875,0.0,7.105427357601002e-15,0.0,-0.44095855184409843,-0.4454651972011986,2.260078437898682,-0.4529425467679601,0.0,-0.446963964670851
Jinja,2009,1,625.2,1544.53,train,-1.438065365949975,-1.5613720639804418,-0.604955580561335,0.6698927413585453,-0.839319199463872,-1.102874522170548,-1.3292395369766918,-0.004560182318905211,1.3166464625336591,-1.2603559536803886,-1.2286277458107875,0.0,7.105427357601002e-15,0.0,-0.44095855184409843,-0.4454651972011986,2.260078437898682,-0.4529425467679601,0.0,-0.446963964670851
Jinja,2009,2,499.48,1508.72,train,-1.438065365949975,-1.274551324271116,-0.604955580561335,0.6698927413585453,-0.8369823694853961,-1.0751645115907762,-1.4076833502315194,-0.1787825939244163,1.2204317906937876,-1.2603559536803886,-1.2286277458107875,0.0,7.105427357601002e-15,0.0,-0.44095855184409843,-0.4454651972011986,2.260078437898682,-0.4529425467679601,0.0,-0.446963964670851
Jinja,2009,3,624.34,1550.71,train,-1.438065365949975,-0.9877305845617901,-0.604955580561335,0.6698927413585453,-0.7553303777154777,-1.0775565493614838,-1.3292395369766918,0.14955964333212388,1.0638920468273299,-1.2603559536803886,-1.2286277458107875,0.0,7.105427357601002e-15,0.0,-0.44095855184409843,-0.4454651972011986,2.260078437898682,-0.4529425467679601,0.0,-0.446963964670851
Jinja,2009,4,501.9,1602.02,train,-1.438065365949975,-0.7009098448524642,-0.604955580561335,0.6698927413585453,-0.5258139271608733,-0.4275404427933155,-1.2507957237218639,-0.4759400504054139,0.7340131719477704,-1.2603559536803886,-1.2286277458107875,0.0,7.105427357601002e-15,0.0,-0.44095855184409843,-0.4454651972011986,2.260078437898682,-0.4529425467679601,0.0,-0.446963964670851
Jinja,2009,5,556.2,1770.27,train,-1.438065365949975,-0.4140891051431384,-0.604955580561335,0.6698927413585453,-0.2442224883175899,-0.076744072194691,-1.0546861905847942,-0.21563733484096675,1.1753788888005146,-1.2603559536803886,-1.2286277458107875,0.0,7.105427357601002e-15,0.0,-0.44095855184409843,-0.4454651972011986,2.260078437898682,-0.4529425467679601,0.0,-0.446963964670851
Jinja,2009,6,650.98,1725.6,train,-1.438065365949975,-0.12726836543381256,-0.604955580561335,0.6698927413585453,-0.22391057026420835,-0.12407416786004301,-1.0154642839573804,0.3132153110384842,1.596127175973286,-1.2603559536803886,-1.2286277458107875,0.0,7.105427357601002e-15,0.0,-0.44095855184409843,-0.4454651972011986,2.260078437898682,-0.4529425467679601,0.0,-0.446963964670851
Jinja,2009,7,572.57,1547.21,train,-1.438065365949975,0.15955237427551328,-0.604955580561335,0.6698927413585453,-0.224849413979901,-0.19830796923863672,-1.0939080972122082,-0.10094950471603706,0.8706990946409211,-1.2603559536803886,-1.2286277458107875,0.0,7.105427357601002e-15,0.0,-0.44095855184409843,-0.4454651972011986,2.260078437898682,-0.4529425467679601,0.0,-0.446963964670851
Jinja,2009,8,552.49,1791.18,train,-1.438065365949975,0.4463731139848391,-0.604955580561335,0.6698927413585453,-0.2437496400228246,-0.1957546704946227,-1.0546861905847942,-0.26924423071958553,1.3204645050669874,-1.2603559536803886,-1.2286277458107875,0.0,7.105427357601002e-15,0.0,-0.44095855184409843,-0.4454651972011986,2.260078437898682,-0.4529425467679601,0.0,-0.446963964670851
Jinja,2009,9,613.66,1958.95,train,-1.438065365949975,0.7331938536941649,-0.604955580561335,0.6698927413585453,-0.396692078320856,-0.3612621827644915,-1.0154642839573804,-0.13213428549157977,0.8413001671342939,-1.2603559536803886,-1.2286277458107875,0.0,7.105427357601002e-15,0.0,-0.44095855184409843,-0.4454651972011986,2.260078437898682,-0.4529425467679601,0.0,-0.446963964670851
Jinja,2009,10,608.45,1791.64,test,-1.438065365949975,1.0200145934034908,-0.604955580561335,0.6698927413585453,-0.5217707315969413,-0.5645585164457664,-1.0939080972122082,-0.0473426088374183,-0.04983096014451635,-1.2603559536803886,-1.2286277458107875,0.0,7.105427357601002e-15,0.0,-0.44095855184409843,-0.4454651972011986,2.260078437898682,-0.4529425467679601,0.0,-0.446963964670851
Jinja,2009,11,669.19,1590.65,train,-1.438065365949975,1.3068353331128166,-0.604955580561335,0.6698927413585453,-0.48992542687559737,-0.3433890915563946,-1.0939080972122082,-0.13007248180394057,-0.19224394663765956,-1.2603559536803886,-1.2286277458107875,0.0,7.105427357601002e-15,0.0,-0.44095855184409843,-0.4454651972011986,2.260078437898682,-0.4529425467679601,0.0,-0.446963964670851
Jinja,2009,12,646.93,1417.84,train,-1.438065365949975,1.5936560728221425,-0.604955580561335,0.6698927413585453,-0.5200849246329967,-0.5690738236983385,-1.1723519104670361,-0.1934729451988455,-0.5866477403304663,-1.2603559536803886,-1.2286277458107875,0.0,7.105427357601002e-15,0.0,-0.44095855184409843,-0.4454651972011986,2.260078437898682,-0.4529425467679601,0.0,-0.446963964670851
Jinja,2010,1,634.67,1431.58,train,-1.2525029762733197,-1.5613720639804418,-0.604955580561335,0.6698927413585453,-0.40847216844695644,-0.20373708867327672,-1.0939080972122082,-0.28625411114260885,-0.6618631782370324,-1.0339005550164375,-1.166529159758477,0.0,7.105427357601002e-15,0.0,-0.44095855184409843,-0.4454651972011986,2.260078437898682,-0.4529425467679601,0.0,-0.446963964670851
Jinja,2010,2,533.06,1436.41,train,-1.2525029762733197,-1.274551324271116,-0.604955580561335,0.6698927413585453,-0.5085378322173596,-0.6995608279318904,-1.2507957237218639,-0.15223687144606182,-0.565648506397161,-0.8640590060184744,-1.166529159758477,0.0,7.105427357601002e-15,0.0,-0.44095855184409843,-0.4454651972011986,2.260078437898682,-0.4529425467679601,0.0,-0.446963964670851
Jinja,2010,3,692.09,1514.32,train,-1.2525029762733197,-0.9877305845617901,-0.604955580561335,0.6698927413585453,-0.5090106805121243,-0.7046943022488028,-1.2115738170944501,-0.0457962560716889,-0.47248826858395204,-0.6942174570205113,-1.104430573706166,0.0,7.105427357601002e-15,0.0,-0.44095855184409843,-0.4454651972011986,2.260078437898682,-0.4529425467679601,0.0,-0.446963964670851
Jinja,2010,4,556.09,1640.3,train,-1.2525029762733197,-0.7009098448524642,-0.604955580561335,0.6698927413585453,-0.6883298302094352,-0.6445170823767278,-1.2507957237218639,-0.04708488337646336,-0.2915130525041937,-0.5243759080225477,-1.0423319876538555,0.0,7.105427357601002e-15,0.0,-0.44095855184409843,-0.4454651972011986,2.260078437898682,-0.4529425467679601,0.0,-0.446963964670851
Jinja,2010,5,482.7,1710.1,train,-1.2525029762733197,-0.4140891051431384,-0.604955580561335,0.6698927413585453,-0.7882652893769317,-1.002167044340863,-1.3292395369766918,-0.6658837151291737,-0.5125777151838985,-0.2979205093585972,-0.9802334016015445,0.0,7.105427357601002e-15,0.0,-0.44095855184409843,-0.4454651972011986,2.260078437898682,-0.4529425467679601,0.0,-0.446963964670851
Jinja,2010,6,504.14,1586.1,train,-1.2525029762733197,-0.12726836543381256,-0.604955580561335,0.6698927413585453,-0.8328774980569295,-1.1229783901760468,-1.4076833502315194,-0.9068570211220035,-0.6912621057436599,-0.12807896036063413,-0.9802334016015445,0.0,7.105427357601002e-15,0.0,-0.44095855184409843,-0.4454651972011986,2.260078437898682,-0.4529425467679601,0.0,-0.446963964670851
Jinja,2010,7,435.81,1426.13,train,-1.2525029762733197,0.15955237427551328,-0.604955580561335,0.6698927413585453,-0.9266864880139934,-1.2359417019769983,-1.525349070113761,-0.9411345074290048,-0.6817169994103393,0.04176258863732944,-0.9181348155492339,0.0,7.105427357601002e-15,0.0,-0.44095855184409843,-0.4454651972011986,2.260078437898682,-0.4529425467679601,0.0,-0.446963964670851
Jinja,2010,8,407.41,1644.24,train,-1.2525029762733197,0.4463731139848391,-0.604955580561335,0.6698927413585453,-1.094300929197412,-1.439909956380382,-1.603792883368589,-1.002215441675316,-0.6958437567836538,0.26821798730128055,-0.8560362294969235,0.0,7.105427357601002e-15,0.0,-0.44095855184409843,-0.4454651972011986,2.260078437898682,-0.4529425467679601,0.0,-0.446963964670851
Jinja,2010,9,444.31,1727.61,train,-1.2525029762733197,0.7331938536941649,-0.604955580561335,0.6698927413585453,-0.9989774541223333,-1.5731921508179072,-1.525349070113761,-1.036750653443272,-0.8336750922368033,0.4380595362992431,-0.8560362294969235,0.0,7.105427357601002e-15,0.0,-0.44095855184409843,-0.4454651972011986,2.260078437898682,-0.4529425467679601,0.0,-0.446963964670851
Jinja,2010,10,445.22,1659.67,test,-1.2525029762733197,1.0200145934034908,-0.604955580561335,0.6698927413585453,-1.0900658531660394,-1.6092071015229454,-1.564570976741175,-1.016905792949745,-0.6641540037570295,0.6079010852972067,-0.7939376434446125,0.0,7.105427357601002e-15,0.0,-0.44095855184409843,-0.4454651972011986,2.260078437898682,-0.4529425467679601,0.0,-0.446963964670851
Jinja,2010,11,564.18,1559.81,test,-1.2525029762733197,1.3068353331128166,-0.604955580561335,0.6698927413585453,-0.9159617404588171,-1.542579442718625,-1.4076833502315194,-0.7297996294459884,-0.45683429419730626,0.7777426342951692,-0.7318390573923019,0.0,7.105427357601002e-15,0.0,-0.44095855184409843,-0.4454651972011986,2.260078437898682,-0.4529425467679601,0.0,-0.446963964670851
Jinja,2010,12,610.1,1565.58,train,-1.2525029762733197,1.5936560728221425,-0.604955580561335,0.6698927413585453,-1.0191797261943196,-1.605847497912401,-1.4076833502315194,-0.47207416849109035,0.015075762922063625,0.9475841832931328,-0.7318390573923019,0.0,7.105427357601002e-15,0.0,-0.44095855184409843,-0.4454651972011986,2.260078437898682,-0.4529425467679601,0.0,-0.446963964670851
Jinja,2011,1,585.69,1698.15,train,-1.0669405865966646,-1.5613720639804418,-0.604955580561335,0.6698927413585453,-0.8792166309438945,-1.5111066760950431,-1.3292395369766918,-0.5243924370649347,0.32815525065497897,0.9475841832931328,-0.7318390573923019,0.0,7.105427357601002e-15,0.0,-0.44095855184409843,-0.4454651972011986,2.260078437898682,-0.4529425467679601,0.0,-0.446963964670851
Jinja,2011,2,638.1,1867.7,train,-1.0669405865966646,-1.274551324271116,-0.604955580561335,0.6698927413585453,-0.8481868182091744,-1.5952042736741954,-1.2115738170944501,0.18254850233435085,0.7637939037077307,0.9475841832931328,-0.7318390573923019,0.0,7.105427357601002e-15,0.0,-0.44095855184409843,-0.4454651972011986,2.260078437898682,-0.4529425467679601,0.0,-0.446963964670851
Jinja,2011,3,692.64,1993.93,train,-1.0669405865966646,-0.9877305845617901,-0.604955580561335,0.6698927413585453,-0.6603289877107458,-1.2023456658715523,-1.0546861905847942,-0.32336657752011416,0.8264098012543137,0.9475841832931328,-0.7318390573923019,0.0,7.105427357601002e-15,0.0,-0.44095855184409843,-0.4454651972011986,2.260078437898682,-0.4529425467679601,0.0,-0.446963964670851
Jinja,2011,4,750.0,1923.75,train,-1.0669405865966646,-0.7009098448524642,-0.604955580561335,0.6698927413585453,-0.5791635499832668,-0.6308636533034747,-0.9370204707025525,0.5732603011419763,0.27699348070838065,0.9475841832931328,-0.6697404713399909,0.0,7.105427357601002e-15,0.0,-0.44095855184409843,-0.4454651972011986,2.260078437898682,-0.4529425467679601,0.0,-0.446963964670851
Jinja,2011,5,760.0,2029.85,train,-1.0669405865966646,-0.4140891051431384,-0.604955580561335,0.6698927413585453,-0.31250452323118316,-0.13208346286758138,-0.8193547508203111,1.1552043919781365,0.3312096846816415,0.9475841832931328,-0.6076418852876805,0.0,7.105427357601002e-15,0.0,-0.44095855184409843,-0.4454651972011986,2.260078437898682,-0.4529425467679601,0.0,-0.446963964670851
Jinja,2011,6,810.12,2000.44,train,-1.0669405865966646,-0.12726836543381256,-0.604955580561335,0.6698927413585453,-0.48865079234188274,-0.428696146435343,-0.9370204707025525,1.2387074413275232,0.6145084406545966,0.9475841832931328,-0.54554329923537,0.0,7.105427357601002e-15,0.0,-0.44095855184409843,-0.4454651972011986,2.260078437898682,-0.4529425467679601,0.0,-0.446963964670851
Jinja,2011,7,867.39,1800.0,test,-1.0669405865966646,0.15955237427551328,-0.604955580561335,0.6698927413585453,-0.3827396271883716,-0.514567614720863,-0.9370204707025525,2.226826858628603,0.6183264831879248,0.9475841832931328,-0.4213461271307485,0.0,7.105427357601002e-15,0.0,-0.44095855184409843,-0.4454651972011986,2.260078437898682,-0.4529425467679601,0.0,-0.446963964670851
Jinja,2011,8,859.98,1759.0,test,-1.0669405865966646,0.4463731139848391,-0.604955580561335,0.6698927413585453,-0.27922011500403315,-0.9119146529471932,-0.858576657447725,2.5373860390792546,-0.11626490022442766,0.9475841832931328,-0.23505036897381654,0.0,7.105427357601002e-15,0.0,-0.44095855184409843,-0.4454651972011986,2.260078437898682,-0.4529425467679601,0.0,-0.446963964670851
Jinja,2011,9,721.07,1778.1,train,-1.0669405865966646,0.7331938536941649,-0.604955580561335,0.6698927413585453,-0.3820543398046543,-0.47495116894532113,-1.0154642839573804,1.279943515080307,-0.27127742707755403,0.9475841832931328,-0.17295178292150606,0.0,7.105427357601002e-15,0.0,-0.44095855184409843,-0.4454651972011986,2.260078437898682,-0.4529425467679601,0.0,-0.446963964670851
Jinja,2011,10,695.34,1890.0,train,-1.0669405865966646,1.0200145934034908,-0.604955580561335,0.6698927413585453,-0.5550894041932773,-0.7094515009613339,-1.0939080972122082,1.1224732584368642,0.1471800345752206,0.9475841832931328,-0.048754610816884,0.0,7.105427357601002e-15,0.0,-0.44095855184409843,-0.4454651972011986,2.260078437898682,-0.4529425467679601,0.0,-0.446963964670851
Jinja,2011,11,677.0,1674.0,train,-1.0669405865966646,1.3068353331128166,-0.604955580561335,0.6698927413585453,-0.4093287776766031,-0.09058563907013498,-1.0154642839573804,0.19002254070204289,-0.10328355561111166,0.9475841832931328,0.07544256128773695,0.0,7.105427357601002e-15,0.0,-0.44095855184409843,-0.4454651972011986,2.260078437898682,-0.4529425467679601,0.0,-0.446963964670851
Jinja,2011,12,637.0,1615.0,train,-1.0669405865966646,1.5936560728221425,-0.604955580561335,0.6698927413585453,-0.3144370336532664,0.12410647005810718,-0.9762423773299664,-0.21177145292664326,-0.26211412499756626,0.9475841832931328,0.13754114734004744,0.0,7.105427357601002e-15,0.0,-0.44095855184409843,-0.4454651972011986,2.260078437898682,-0.4529425467679601,0.0,-0.446963964670851
Jinja,2012,1,586.0,1442.0,test,-0.8813781969200096,-1.5613720639804418,-0.604955580561335,0.6698927413585453,-0.315841872789887,0.08389873404710936,-1.0546861905847942,-0.32413975390297883,-0.9585250830766364,0.9475841832931328,0.26173831944466946,0.0,7.105427357601002e-15,0.0,-0.44095855184409843,-0.4454651972011986,2.260078437898682,-0.4529425467679601,0.0,-0.446963964670851
Jinja,2012,2,584.0,1500.0,train,-0.8813781969200096,-1.274551324271116,-0.604955580561335,0.6698927413585453,-0.46467943965945124,-0.09797676701333309,-1.0939080972122082,-0.543979572097507,-1.134536843863068,0.9475841832931328,0.3859354915492904,0.0,7.105427357601002e-15,0.0,-0.44095855184409843,-0.4454651972011986,2.260078437898682,-0.4529425467679601,0.0,-0.446963964670851
Jinja,2012,3,734.92,1575.0,test,-0.8813781969200096,-0.9877305845617901,-0.604955580561335,0.6698927413585453,-0.508558390838871,-0.031886644786699406,-1.0939080972122082,-0.1682158500252655,-1.1849350053030008,0.9475841832931328,0.5101326636539125,0.0,7.105427357601002e-15,0.0,-0.44095855184409843,-0.4454651972011986,2.260078437898682,-0.4529425467679601,0.0,-0.446963964670851
Jinja,2012,4,813.0,2075.0,test,-0.8813781969200096,-0.7009098448524642,-0.604955580561335,0.6698927413585453,0.07553945779874865,0.01651852403402711,-0.7801328441928972,-0.10893899400563892,-0.08266612593113919,0.9475841832931328,0.572231249706223,0.0,7.105427357601002e-15,0.0,-0.44095855184409843,-0.4454651972011986,2.260078437898682,-0.4529425467679601,0.0,-0.446963964670851
Jinja,2012,5,1121.0,2583.0,train,-0.8813781969200096,-0.4140891051431384,-0.604955580561335,0.6698927413585453,0.3940130636336979,-0.0007901537674987965,-0.4663575911735856,0.8987675583280127,0.6576523212812057,0.9475841832931328,0.6964284218108439,0.0,7.105427357601002e-15,0.0,-0.44095855184409843,-0.4454651972011986,2.260078437898682,-0.4529425467679601,0.0,-0.446963964670851
Jinja,2012,6,1000.0,2400.0,train,-0.8813781969200096,-0.12726836543381256,-0.604955580561335,0.6698927413585453,0.6818954406595065,0.021732628837592468,-0.4663575911735856,0.27868009927052784,0.3796988248549101,0.9475841832931328,0.820625593915466,0.0,7.105427357601002e-15,0.0,-0.44095855184409843,-0.4454651972011986,2.260078437898682,-0.4529425467679601,0.0,-0.446963964670851
Jinja,2012,7,874.27,2167.0,train,-0.8813781969200096,0.15955237427551328,-0.604955580561335,0.6698927413585453,0.9767197788823716,0.00845547536872008,-0.4271356845461717,-0.3050680697923164,0.39573460349488876,0.9475841832931328,0.820625593915466,0.0,7.105427357601002e-15,0.0,-0.44095855184409843,-0.4454651972011986,2.260078437898682,-0.4529425467679601,0.0,-0.446963964670851
Jinja,2012,8,825.0,2000.21,test,-0.8813781969200096,0.4463731139848391,-0.604955580561335,0.6698927413585453,1.3063772748195874,-0.29226936301834805,-0.23102615140910243,-0.43032264381639684,0.1406893622685626,0.9475841832931328,0.820625593915466,0.0,7.105427357601002e-15,0.0,-0.44095855184409843,-0.4454651972011986,2.260078437898682,-0.4529425467679601,0.0,-0.446963964670851
Jinja,2012,9,775.0,1775.0,train,-0.8813781969200096,0.7331938536941649,-0.604955580561335,0.6698927413585453,0.9411876280366284,-0.43563036828750684,-0.5055794978009995,-0.13264973641348954,-0.3892549413573965,0.9475841832931328,0.8827241799677764,0.0,7.105427357601002e-15,0.0,-0.44095855184409843,-0.4454651972011986,2.260078437898682,-0.4529425467679601,0.0,-0.446963964670851
Jinja,2012,10,608.0,1733.0,train,-0.8813781969200096,1.0200145934034908,-0.604955580561335,0.6698927413585453,1.0140816470426395,-0.49207170894465607,-0.6624671243106554,-0.6491315601671054,-0.700043603570315,0.9475841832931328,0.8827241799677764,0.0,7.105427357601002e-15,0.0,-0.44095855184409843,-0.4454651972011986,2.260078437898682,-0.4529425467679601,0.0,-0.446963964670851
Jinja,2012,11,680.0,1744.0,train,-0.8813781969200096,1.3068353331128166,-0.604955580561335,0.6698927413585453,0.46513904118971844,-0.02825827288731149,-0.8193547508203111,-0.31408846092573783,-0.2231700911576183,0.9475841832931328,0.8827241799677764,0.0,7.105427357601002e-15,0.0,-0.44095855184409843,-0.4454651972011986,2.260078437898682,-0.4529425467679601,0.0,-0.446963964670851
Jinja,2012,12,692.0,1784.0,train,-0.8813781969200096,1.5936560728221425,-0.604955580561335,0.6698927413585453,0.3783405411680829,0.18138099241067132,-0.7409109375654832,-0.10301130840367625,0.016602979935394953,0.9475841832931328,0.9448227660200869,0.0,7.105427357601002e-15,0.0,-0.44095855184409843,-0.4454651972011986,2.260078437898682,-0.4529425467679601,0.0,-0.446963964670851
Jinja,2013,1,675.0,2000.0,train,-0.6958158072433546,-1.5613720639804418,-0.604955580561335,0.6698927413585453,0.1469258445605818,0.0944344509697774,-0.8193547508203111,0.06605659398273687,1.0948181913472887,0.9475841832931328,0.9448227660200869,0.0,7.105427357601002e-15,0.0,-0.44095855184409843,-0.4454651972011986,2.260078437898682,-0.4529425467679601,0.0,-0.446963964670851
Jinja,2013,2,715.0,2166.0,train,-0.6958158072433546,-1.274551324271116,-0.604955580561335,0.6698927413585453,0.2063334078550359,0.17479616933400377,-0.6624671243106554,0.2526498277140831,1.312446615746998,0.9475841832931328,0.9448227660200869,0.0,7.105427357601002e-15,0.0,-0.44095855184409843,-0.4454651972011986,2.260078437898682,-0.4529425467679601,0.0,-0.446963964670851
Jinja,2013,3,790.0,2220.0,train,-0.6958158072433546,-0.9877305845617901,-0.604955580561335,0.6698927413585453,0.019284216469393847,0.02595229097243631,-0.5448014044284135,-0.13213428549157977,1.180724148347174,0.9475841832931328,0.9448227660200869,0.0,7.105427357601002e-15,0.0,-0.44095855184409843,-0.4454651972011986,2.260078437898682,-0.4529425467679601,0.0,-0.446963964670851
Jinja,2013,4,711.8,2291.8,train,-0.6958158072433546,-0.7009098448524642,-0.604955580561335,0.6698927413585453,0.10341009569453206,0.04422853461379879,-0.6232452176832414,-0.6462965800966015,0.01622117568206207,0.9475841832931328,0.9448227660200869,0.0,7.105427357601002e-15,0.0,-0.44095855184409843,-0.4454651972011986,2.260078437898682,-0.4529425467679601,0.0,-0.446963964670851
Jinja,2013,5,608.3,2264.5,train,-0.6958158072433546,-0.4140891051431384,-0.604955580561335,0.6698927413585453,0.20375672729225863,0.1687488828350235,-0.5448014044284135,-1.5042646396154573,-0.85352891341011,0.9475841832931328,0.9448227660200869,0.0,7.105427357601002e-15,0.0,-0.44095855184409843,-0.4454651972011986,2.260078437898682,-0.4529425467679601,0.0,-0.446963964670851
Jinja,2013,6,639.95,2220.0,train,-0.6958158072433546,-0.12726836543381256,-0.604955580561335,0.6698927413585453,-0.024354884125725215,0.07347052443997924,-0.5840233110558274,-1.2532400406453865,-0.6691174590503561,0.9475841832931328,0.9448227660200869,0.0,7.105427357601002e-15,0.0,-0.44095855184409843,-0.4454651972011986,2.260078437898682,-0.4529425467679601,0.0,-0.446963964670851
Jinja,2013,7,603.0,1706.6,train,-0.6958158072433546,0.15955237427551328,-0.604955580561335,0.6698927413585453,-0.10025046187241828,0.30651950769623626,-0.7801328441928972,-1.1251504865508022,-1.1940983073829885,0.9475841832931328,0.9448227660200869,0.0,7.105427357601002e-15,0.0,-0.44095855184409843,-0.4454651972011986,2.260078437898682,-0.4529425467679601,0.0,-0.446963964670851
Jinja,2013,8,606.25,1794.47,test,-0.6958158072433546,0.4463731139848391,-0.604955580561335,0.6698927413585453,-0.2688174525192041,0.1912179117823461,-0.7409109375654832,-1.0089163036601432,-0.775640845730214,0.9475841832931328,0.9448227660200869,0.0,7.105427357601002e-15,0.0,-0.44095855184409843,-0.4454651972011986,2.260078437898682,-0.4529425467679601,0.0,-0.446963964670851
Jinja,2013,9,625.0,1870.16,train,-0.6958158072433546,0.7331938536941649,-0.604955580561335,0.6698927413585453,-0.014651214772288082,0.4628888981454241,-0.5840233110558274,-0.8241271481554812,-0.17811718926434508,0.9475841832931328,0.9448227660200869,0.0,7.105427357601002e-15,0.0,-0.44095855184409843,-0.4454651972011986,2.260078437898682,-0.4529425467679601,0.0,-0.446963964670851
Jinja,2013,10,772.0,2053.53,test,-0.6958158072433546,1.0200145934034908,-0.604955580561335,0.6698927413585453,0.16562733726222742,0.4419518484445103,-0.5055794978009995,0.36965718698760686,0.32357359961498505,0.9475841832931328,0.9448227660200869,0.0,7.105427357601002e-15,0.0,-0.44095855184409843,-0.4454651972011986,2.260078437898682,-0.4529425467679601,0.0,-0.446963964670851
Jinja,2013,11,850.0,2150.0,train,-0.6958158072433546,1.3068353331128166,-0.604955580561335,0.6698927413585453,0.21034919192361917,0.2514757621410742,-0.6232452176832414,0.31888527117949195,0.5060760327080748,0.9475841832931328,0.9448227660200869,0.0,7.105427357601002e-15,0.0,-0.44095855184409843,-0.4454651972011986,2.260078437898682,-0.4529425467679601,0.0,-0.446963964670851
Jinja,2013,12,809.73,1867.0,train,-0.6958158072433546,1.5936560728221425,-0.604955580561335,0.6698927413585453,0.38924346344302535,0.09575141558511091,-0.5448014044284135,0.11296262787652839,-0.20522529125097555,0.9475841832931328,0.9448227660200869,0.0,7.105427357601002e-15,0.0,-0.44095855184409843,-0.4454651972011986,2.260078437898682,-0.4529425467679601,0.0,-0.446963964670851
Jinja,2014,1,773.21,2000.0,train,-0.5102534175666995,-1.5613720639804418,-0.604955580561335,0.6698927413585453,0.3781760721959909,-0.005627982966682893,-0.5840233110558274,0.04956216448162343,-0.3827642690507385,0.9475841832931328,0.9448227660200869,0.0,7.105427357601002e-15,0.0,-0.44095855184409843,-0.4454651972011986,2.260078437898682,-0.4529425467679601,0.0,-0.446963964670851
Jinja,2014,2,734.82,2150.0,train,-0.5102534175666995,-1.274551324271116,-0.604955580561335,0.6698927413585453,0.15567011157681432,-0.02462990098792296,-0.7016890309380692,-0.2540384285232466,-0.4110177837973675,0.9475841832931328,0.9448227660200869,0.0,7.105427357601002e-15,0.0,-0.44095855184409843,-0.4454651972011986,2.260078437898682,-0.4529425467679601,0.0,-0.446963964670851
Jinja,2014,3,700.0,2150.0,test,-0.5102534175666995,-0.9877305845617901,-0.604955580561335,0.6698927413585453,0.24662830601761437,-0.03637507521038718,-0.5840233110558274,-0.6189776812353822,-0.503032608850578,0.9475841832931328,0.9448227660200869,0.0,7.105427357601002e-15,0.0,-0.44095855184409843,-0.4454651972011986,2.260078437898682,-0.4529425467679601,0.0,-0.446963964670851
Jinja,2014,4,930.0,2030.0,train,-0.5102534175666995,-0.7009098448524642,-0.604955580561335,0.6698927413585453,0.41691536799753076,0.2479011438994543,-0.3879137779187582,0.4645001566190094,-0.8187847263568231,0.9475841832931328,0.9448227660200869,0.0,7.105427357601002e-15,0.0,-0.44095855184409843,-0.4454651972011986,2.260078437898682,-0.4529425467679601,0.0,-0.446963964670851
Jinja,2014,5,1150.0,2375.0,train,-0.5102534175666995,-0.4140891051431384,-0.604955580561335,0.6698927413585453,0.5311801863585563,0.5690792490675177,-0.07413852489944667,1.9696168485956143,-0.19644379342432064,0.9475841832931328,0.9448227660200869,0.0,7.105427357601002e-15,0.0,-0.44095855184409843,-0.4454651972011986,2.260078437898682,-0.4529425467679601,0.0,-0.446963964670851
Jinja,2014,6,1067.0,2433.0,train,-0.5102534175666995,-0.12726836543381256,-0.604955580561335,0.6698927413585453,0.7103554257052865,0.43007229007762443,-0.15258233815427455,1.394373619744282,-0.016613990104560734,0.9475841832931328,0.9448227660200869,0.0,7.105427357601002e-15,0.0,-0.44095855184409843,-0.4454651972011986,2.260078437898682,-0.4529425467679601,0.0,-0.446963964670851
Jinja,2014,7,856.07,1984.13,train,-0.5102534175666995,0.15955237427551328,-0.604955580561335,0.6698927413585453,0.39235466816510195,0.27155275331768813,-0.5055794978009995,0.756245378419954,0.23804944686843266,0.9475841832931328,0.9448227660200869,0.0,7.105427357601002e-15,0.0,-0.44095855184409843,-0.4454651972011986,2.260078437898682,-0.4529425467679601,0.0,-0.446963964670851
Jinja,2014,8,800.0,1650.0,train,-0.5102534175666995,0.4463731139848391,-0.604955580561335,0.6698927413585453,0.35549305979494744,0.2241689039945675,-0.5448014044284135,0.4982621920041011,-0.6901166929836615,0.9475841832931328,0.9448227660200869,0.0,7.105427357601002e-15,0.0,-0.44095855184409843,-0.4454651972011986,2.260078437898682,-0.4529425467679601,0.0,-0.446963964670851
Jinja,2014,9,600.0,1600.0,train,-0.5102534175666995,0.7331938536941649,-0.604955580561335,0.6698927413585453,0.05558388918489978,0.17479616933400377,-0.7801328441928972,-0.4285185655897125,-0.9344714151166685,0.9475841832931328,0.9448227660200869,0.0,7.105427357601002e-15,0.0,-0.44095855184409843,-0.4454651972011986,2.260078437898682,-0.4529425467679601,0.0,-0.446963964670851
Jinja,2014,10,638.0,1575.0,train,-0.5102534175666995,1.0200145934034908,-0.604955580561335,0.6698927413585453,0.2232394476113422,0.5261300765103155,-0.7409109375654832,-0.7728397814254564,-1.2723681793162176,0.9475841832931328,0.9448227660200869,0.0,7.105427357601002e-15,0.0,-0.44095855184409843,-0.4454651972011986,2.260078437898682,-0.4529425467679601,0.0,-0.446963964670851
Jinja,2014,11,600.0,1600.0,test,-0.5102534175666995,1.3068353331128166,-0.604955580561335,0.6698927413585453,0.05471357420757911,0.3912083955108444,-0.8193547508203111,-1.0833989618761086,-1.3594195490761012,0.9475841832931328,0.9448227660200869,0.0,7.105427357601002e-15,0.0,-0.44095855184409843,-0.4454651972011986,2.260078437898682,-0.4529425467679601,0.0,-0.446963964670851
Jinja,2014,12,630.27,1708.67,train,-0.5102534175666995,1.5936560728221425,-0.604955580561335,0.6698927413585453,0.23617767341592527,0.3175390075388229,-0.6624671243106554,-0.8965480026838076,-0.7065342758769729,0.7777426342951692,0.8827241799677764,0.0,7.105427357601002e-15,0.0,-0.44095855184409843,-0.4454651972011986,2.260078437898682,-0.4529425467679601,0.0,-0.446963964670851
Jinja,2015,1,746.6,1977.2,train,-0.3246910278900444,-1.5613720639804418,-0.604955580561335,0.6698927413585453,0.16527098782269412,0.13671170280487066,-0.5840233110558274,-0.41408593977623825,-0.4262899539306804,0.6645149349631941,0.7585270078631544,0.0,7.105427357601002e-15,0.0,-0.44095855184409843,-0.4454651972011986,2.260078437898682,-0.4529425467679601,0.0,-0.446963964670851
Jinja,2015,2,780.71,2400.68,train,-0.3246910278900444,-1.274551324271116,-0.604955580561335,0.6698927413585453,0.14487683528326656,0.04707747847554046,-0.4663575911735856,-0.16434996811094202,0.062419490335333755,0.49467338596523064,0.6964284218108439,0.0,7.105427357601002e-15,0.0,-0.44095855184409843,-0.4454651972011986,2.260078437898682,-0.4529425467679601,0.0,-0.446963964670851
Jinja,2015,3,754.57,2408.72,train,-0.3246910278900444,-0.9877305845617901,-0.604955580561335,0.6698927413585453,0.30757776592543246,0.01211072409699233,-0.4271356845461717,-0.12440252166293282,0.0765462477086482,0.32483183696726803,0.5101326636539125,0.0,7.105427357601002e-15,0.0,-0.44095855184409843,-0.4454651972011986,2.260078437898682,-0.4529425467679601,0.0,-0.446963964670851
Jinja,2015,4,951.87,2340.36,train,-0.3246910278900444,-0.7009098448524642,-0.604955580561335,0.6698927413585453,0.20678569752828924,0.10994238123605121,-0.27024805803651636,-0.26486289788335227,0.20101443429514868,0.15499028796930447,0.3859354915492904,0.0,7.105427357601002e-15,0.0,-0.44095855184409843,-0.4454651972011986,2.260078437898682,-0.4529425467679601,0.0,-0.446963964670851
Jinja,2015,5,974.6,2340.17,train,-0.3246910278900444,-0.4140891051431384,-0.604955580561335,0.6698927413585453,0.342897477682223,0.203097470149232,-0.23102615140910243,-0.718459709163973,-0.4388894942906636,-0.014851261028658077,0.199639733392359,0.0,7.105427357601002e-15,0.0,-0.44095855184409843,-0.4454651972011986,2.260078437898682,-0.4529425467679601,0.0,-0.446963964670851
Jinja,2015,6,1042.56,2604.92,train,-0.3246910278900444,-0.12726836543381256,-0.604955580561335,0.6698927413585453,0.39371153718486257,0.29934339438411345,-0.07413852489944667,-0.38444751176642505,-0.11282866194443225,-0.18469281002662163,0.013343975235426474,0.0,7.105427357601002e-15,0.0,-0.44095855184409843,-0.4454651972011986,2.260078437898682,-0.4529425467679601,0.0,-0.446963964670851
Jinja,2015,7,821.24,2191.2,test,-0.3246910278900444,0.15955237427551328,-0.604955580561335,0.6698927413585453,0.2715590610372505,0.3382072889508934,-0.3094699646639303,-0.43032264381639684,0.015839371428729255,-0.3545343590245847,-0.17295178292150606,0.0,7.105427357601002e-15,0.0,-0.44095855184409843,-0.4454651972011986,2.260078437898682,-0.4529425467679601,0.0,-0.446963964670851
Jinja,2015,8,760.34,2327.39,train,-0.3246910278900444,0.4463731139848391,-0.604955580561335,0.6698927413585453,0.37688087904076495,0.42630953403381483,-0.27024805803651636,-0.45326020984138277,1.184542190880502,-0.5809897576885358,-0.3592475410784375,0.0,7.105427357601002e-15,0.0,-0.44095855184409843,-0.4454651972011986,2.260078437898682,-0.4529425467679601,0.0,-0.446963964670851
Jinja,2015,9,868.98,2410.31,train,-0.3246910278900444,0.7331938536941649,-0.604955580561335,0.6698927413585453,0.3885307645639594,0.3585530484163513,-0.27024805803651636,0.8299548602530549,1.55069246982668,-0.7508313066864989,-0.6076418852876805,0.0,7.105427357601002e-15,0.0,-0.44095855184409843,-0.4454651972011986,2.260078437898682,-0.4529425467679601,0.0,-0.446963964670851
Jinja,2015,10,969.33,2411.4,train,-0.3246910278900444,1.0200145934034908,-0.604955580561335,0.6698927413585453,0.5237311124975492,0.18887962766940675,-0.23102615140910243,1.0129399375310326,1.6446163161465546,-0.9772867053504499,-0.9181348155492339,0.0,7.105427357601002e-15,0.0,-0.44095855184409843,-0.4454651972011986,2.260078437898682,-0.4529425467679601,0.0,-0.446963964670851
Jinja,2015,11,1069.96,2436.18,train,-0.3246910278900444,1.3068353331128166,-0.604955580561335,0.6698927413585453,0.4891240996198246,0.4981512976417005,-0.15258233815427455,1.6933351544519635,1.6125447588665973,-1.2603559536803886,-1.2286277458107875,0.0,7.105427357601002e-15,0.0,-0.44095855184409843,-0.4454651972011986,2.260078437898682,-0.4529425467679601,0.0,-0.446963964670851
Jinja,2015,12,984.79,2207.48,train,-0.3246910278900444,1.5936560728221425,-0.604955580561335,0.6698927413585453,0.4794821061309221,0.5069131438580008,-0.15258233815427455,1.1242773366635486,0.7317223464277735,-1.2603559536803886,-1.2286277458107875,0.0,7.105427357601002e-15,0.0,-0.44095855184409843,-0.4454651972011986,2.260078437898682,-0.4529425467679601,0.0,-0.446963964670851
Jinja,2016,1,902.79,2465.27,train,-0.13912863821338933,-1.5613720639804418,-0.604955580561335,0.6698927413585453,0.5369708647509676,0.47200014313722133,-0.1133604315268606,0.21373328310989353,0.55952862817467,-1.2603559536803886,-1.2286277458107875,0.0,7.105427357601002e-15,0.0,-0.44095855184409843,-0.4454651972011986,2.260078437898682,-0.4529425467679601,0.0,-0.446963964670851
Jinja,2016,2,876.64,2507.87,train,-0.13912863821338933,-1.274551324271116,-0.604955580561335,0.6698927413585453,0.4719850621530543,0.3200654294539526,-0.1133604315268606,-0.008683789694183585,-0.2124795720642992,-1.2603559536803886,-1.2286277458107875,0.0,7.105427357601002e-15,0.0,-0.44095855184409843,-0.4454651972011986,2.260078437898682,-0.4529425467679601,0.0,-0.446963964670851
Jinja,2016,3,977.72,2649.84,train,-0.13912863821338933,-0.9877305845617901,-0.604955580561335,0.6698927413585453,0.6043962904349148,0.7044309593291381,0.043527194982795156,0.4366658068358804,-0.0005782114645821463,-1.2603559536803886,-1.2286277458107875,0.0,7.105427357601002e-15,0.0,-0.44095855184409843,-0.4454651972011986,2.260078437898682,-0.4529425467679601,0.0,-0.446963964670851
Jinja,2016,4,1086.22,2664.98,test,-0.13912863821338933,-0.7009098448524642,-0.604955580561335,0.6698927413585453,0.7263774447365976,0.7807342765318279,0.08274910161020867,0.038479969660562774,0.1467982303218877,-1.2603559536803886,-1.2286277458107875,0.0,7.105427357601002e-15,0.0,-0.44095855184409843,-0.4454651972011986,2.260078437898682,-0.4529425467679601,0.0,-0.446963964670851
Jinja,2016,5,1057.27,2708.19,test,-0.13912863821338933,-0.4140891051431384,-0.604955580561335,0.6698927413585453,0.5565289666822598,0.8169642418679408,0.004305288355381218,-0.10687719031799973,0.21781382144179295,-1.2603559536803886,-1.2286277458107875,0.0,7.105427357601002e-15,0.0,-0.44095855184409843,-0.4454651972011986,2.260078437898682,-0.4529425467679601,0.0,-0.446963964670851
Jinja,2016,6,1140.35,2534.0,train,-0.13912863821338933,-0.12726836543381256,-0.604955580561335,0.6698927413585453,0.7005352574966175,1.115431426628722,0.08274910161020867,-0.08368189883205888,-0.4866150259572666,-1.2603559536803886,-1.2286277458107875,0.0,7.105427357601002e-15,0.0,-0.44095855184409843,-0.4454651972011986,2.260078437898682,-0.4529425467679601,0.0,-0.446963964670851
Jinja,2016,7,1039.95,2289.23,train,-0.13912863821338933,0.15955237427551328,-0.604955580561335,0.6698927413585453,0.5430493638445407,1.2881150522107143,0.004305288355381218,0.36089452131514027,-0.2120977678109664,-1.2603559536803886,-1.2286277458107875,0.0,7.105427357601002e-15,0.0,-0.44095855184409843,-0.4454651972011986,2.260078437898682,-0.4529425467679601,0.0,-0.446963964670851
Jinja,2016,8,980.67,2381.24,train,-0.13912863821338933,0.4463731139848391,-0.604955580561335,0.6698927413585453,0.37268006737857773,1.0985796549182303,-0.03491661827203272,0.42146000463954136,-0.29456748653085624,-1.2603559536803886,-1.2286277458107875,0.0,7.105427357601002e-15,0.0,-0.44095855184409843,-0.4454651972011986,2.260078437898682,-0.4529425467679601,0.0,-0.446963964670851
Jinja,2016,9,1061.83,2574.96,train,-0.13912863821338933,0.7331938536941649,-0.604955580561335,0.6698927413585453,0.4500216015049147,0.9634967129454539,0.043527194982795156,0.24646441665116559,-0.12199196402442003,-1.2603559536803886,-1.2286277458107875,0.0,7.105427357601002e-15,0.0,-0.44095855184409843,-0.4454651972011986,2.260078437898682,-0.4529425467679601,0.0,-0.446963964670851
Jinja,2016,10,1163.8,2446.51,test,-0.13912863821338933,1.0200145934034908,-0.604955580561335,0.6698927413585453,0.4814214694268421,0.9426940473889611,0.08274910161020867,0.19156889346777223,-0.3270208480641463,-1.2603559536803886,-1.2286277458107875,0.0,7.105427357601002e-15,0.0,-0.44095855184409843,-0.4454651972011986,2.260078437898682,-0.4529425467679601,0.0,-0.446963964670851
Jinja,2016,11,1167.9,2449.43,train,-0.13912863821338933,1.3068353331128166,-0.604955580561335,0.6698927413585453,0.389503872648838,0.8060791261697758,0.08274910161020867,-0.08960958443402156,-0.3621468393707661,-1.2603559536803886,-1.2286277458107875,0.0,7.105427357601002e-15,0.0,-0.44095855184409843,-0.4454651972011986,2.260078437898682,-0.4529425467679601,0.0,-0.446963964670851
Jinja,2016,12,1214.82,2494.09,train,-0.13912863821338933,1.5936560728221425,-0.604955580561335,0.6698927413585453,0.3996050086848312,0.8458299560897394,0.12197100823762261,0.27661829558288864,0.11281765177526648,-1.2603559536803886,-1.2286277458107875,0.0,7.105427357601002e-15,0.0,-0.44095855184409843,-0.4454651972011986,2.260078437898682,-0.4529425467679601,0.0,-0.446963964670851
Jinja,2017,1,1169.77,2781.54,test,0.04643375146326575,-1.5613720639804418,-0.604955580561335,0.6698927413585453,0.4317107226119878,1.1604501150100197,0.23963672811986442,0.4366658068358804,0.10709058797527411,-1.2603559536803886,-1.2286277458107875,0.0,7.105427357601002e-15,0.0,-0.44095855184409843,-0.4454651972011986,2.260078437898682,-0.4529425467679601,0.0,-0.446963964670851
Jinja,2017,2,1176.01,2802.7,test,0.04643375146326575,-1.274551324271116,-0.604955580561335,0.6698927413585453,0.5760596571182034,1.1754742623563754,0.3180805413746923,0.5547040679532237,0.06623753286866198,-1.2603559536803886,-1.2286277458107875,0.0,7.105427357601002e-15,0.0,-0.44095855184409843,-0.4454651972011986,2.260078437898682,-0.4529425467679601,0.0,-0.446963964670851
Jinja,2017,3,1263.57,2978.57,train,0.04643375146326575,-0.9877305845617901,-0.604955580561335,0.6698927413585453,0.5219356595522099,1.2913671485057214,0.47496816788434804,0.42816086662436864,0.09105480933529551,-1.2603559536803886,-1.2286277458107875,0.0,7.105427357601002e-15,0.0,-0.44095855184409843,-0.4454651972011986,2.260078437898682,-0.4529425467679601,0.0,-0.446963964670851
Jinja,2017,4,1747.17,3490.53,train,0.04643375146326575,-0.7009098448524642,-0.604955580561335,0.6698927413585453,0.49444192971747114,1.5989187014294155,0.8671872341584865,1.2428310487028018,0.8000653077743489,-1.2603559536803886,-1.2286277458107875,0.0,7.105427357601002e-15,0.0,-0.44095855184409843,-0.4454651972011986,2.260078437898682,-0.4529425467679601,0.0,-0.446963964670851
Jinja,2017,5,1541.6,3226.26,train,0.04643375146326575,-0.4140891051431384,-0.604955580561335,0.6698927413585453,0.49928005864651503,2.3102408546828026,0.7495215142762456,0.855211955426635,0.3476272675749529,-1.2603559536803886,-1.2286277458107875,0.0,7.105427357601002e-15,0.0,-0.44095855184409843,-0.4454651972011986,2.260078437898682,-0.4529425467679601,0.0,-0.446963964670851
Jinja,2017,6,1306.16,2705.01,test,0.04643375146326575,-0.12726836543381256,-0.604955580561335,0.6698927413585453,0.9345129289192219,1.8494376234605052,0.6318557943940039,0.04930443902066849,-0.1250463980510826,-1.2603559536803886,-1.2286277458107875,0.0,7.105427357601002e-15,0.0,-0.44095855184409843,-0.4454651972011986,2.260078437898682,-0.4529425467679601,0.0,-0.446963964670851
Jinja,2017,7,1159.19,2529.55,train,0.04643375146326575,0.15955237427551328,-0.604955580561335,0.6698927413585453,0.7109721843506326,2.4450819051956207,0.5926338877665899,-0.02981727749248519,0.018130196948726217,-1.2603559536803886,-1.2286277458107875,0.0,7.105427357601002e-15,0.0,-0.44095855184409843,-0.4454651972011986,2.260078437898682,-0.4529425467679601,0.0,-0.446963964670851
Jinja,2017,8,1011.53,2560.89,test,0.04643375146326575,0.4463731139848391,-0.604955580561335,0.6698927413585453,0.7561805930544636,2.047277960878256,0.3965243546295202,-0.2442448610069604,-0.09488386203778955,-1.2603559536803886,-1.2286277458107875,0.0,7.105427357601002e-15,0.0,-0.44095855184409843,-0.4454651972011986,2.260078437898682,-0.4529425467679601,0.0,-0.446963964670851
Jinja,2017,9,1063.41,2632.75,test,0.04643375146326575,0.7331938536941649,-0.604955580561335,0.6698927413585453,0.8217625956762116,2.0370916427310846,0.4357462612569341,-0.32156249929342984,-0.297240116304186,-1.2603559536803886,-1.2286277458107875,0.0,7.105427357601002e-15,0.0,-0.44095855184409843,-0.4454651972011986,2.260078437898682,-0.4529425467679601,0.0,-0.446963964670851
Jinja,2017,10,1173.07,2584.41,train,0.04643375146326575,1.0200145934034908,-0.604955580561335,0.6698927413585453,0.7508764687044918,2.5771277655044647,0.514190074511762,-0.30481034433136145,-0.16742667017102605,-1.2603559536803886,-1.2286277458107875,0.0,7.105427357601002e-15,0.0,-0.44095855184409843,-0.4454651972011986,2.260078437898682,-0.4529425467679601,0.0,-0.446963964670851
Jinja,2017,11,1158.67,2510.25,train,0.04643375146326575,1.3068353331128166,-0.604955580561335,0.6698927413585453,0.8526347923126762,1.7924318693967842,0.3965243546295202,-0.3457886926231903,-0.2880768142241983,-1.2603559536803886,-1.2286277458107875,0.0,7.105427357601002e-15,0.0,-0.44095855184409843,-0.4454651972011986,2.260078437898682,-0.4529425467679601,0.0,-0.446963964670851
Jinja,2017,12,1151.84,2456.57,train,0.04643375146326575,1.5936560728221425,-0.604955580561335,0.6698927413585453,0.6725275621240907,2.1984601233527625,0.3965243546295202,-0.4589301699823905,-0.44003490705066206,-1.2603559536803886,-1.2286277458107875,0.0,7.105427357601002e-15,0.0,-0.44095855184409843,-0.4454651972011986,2.260078437898682,-0.4529425467679601,0.0,-0.446963964670851
Jinja,2018,1,1104.99,2683.95,test,0.23199614113992081,-1.5613720639804418,-0.604955580561335,0.6698927413585453,0.5383962625091002,2.457068970878044,0.3965243546295202,-0.4682082865767669,-0.5167775619705596,-1.2603559536803886,-1.2286277458107875,0.0,7.105427357601002e-15,0.0,-0.44095855184409843,-0.4454651972011986,2.260078437898682,-0.4529425467679601,0.0,-0.446963964670851
Jinja,2018,2,1078.88,2513.36,test,0.23199614113992081,-1.274551324271116,-0.604955580561335,0.6698927413585453,0.6092001549947734,2.061415172871428,0.3180805413746923,-0.5383096119564992,-0.7767862584902124,-1.2603559536803886,-1.2286277458107875,0.0,7.105427357601002e-15,0.0,-0.44095855184409843,-0.4454651972011986,2.260078437898682,-0.4529425467679601,0.0,-0.446963964670851
Jinja,2018,3,1050.34,2614.16,train,0.23199614113992081,-0.9877305845617901,-0.604955580561335,0.6698927413585453,0.5718314339606682,2.1714757871528683,0.3180805413746923,-0.7604689592996213,-0.8497108708767818,-1.2603559536803886,-1.2286277458107875,0.0,7.105427357601002e-15,0.0,-0.44095855184409843,-0.4454651972011986,2.260078437898682,-0.4529425467679601,0.0,-0.446963964670851
Jinja,2018,4,1000.21,2626.66,train,0.23199614113992081,-0.7009098448524642,-0.604955580561335,0.6698927413585453,0.5689258154537062,1.254088986843119,0.23963672811986442,-1.4272047267899426,-1.3277297960494767,-1.2603559536803886,-1.2286277458107875,0.0,7.105427357601002e-15,0.0,-0.44095855184409843,-0.4454651972011986,2.260078437898682,-0.4529425467679601,0.0,-0.446963964670851
Jinja,2018,5,890.23,2589.37,train,0.23199614113992081,-0.4140891051431384,-0.604955580561335,0.6698927413585453,0.60717170433897,1.8398963492065592,0.23963672811986442,-1.4143184537421978,-1.1364458651297322,-1.2603559536803886,-1.2286277458107875,0.0,7.105427357601002e-15,0.0,-0.44095855184409843,-0.4454651972011986,2.260078437898682,-0.4529425467679601,0.0,-0.446963964670851
Jinja,2018,6,898.27,2419.64,train,0.23199614113992081,-0.12726836543381256,-0.604955580561335,0.6698927413585453,0.6472061932957359,1.0896565477286235,0.12197100823762261,-1.1303049957699003,-0.7855677563168674,-1.2603559536803886,-1.2286277458107875,0.0,7.105427357601002e-15,0.0,-0.44095855184409843,-0.4454651972011986,2.260078437898682,-0.4529425467679601,0.0,-0.446963964670851
Jinja,2018,7,730.65,2122.9,test,0.23199614113992081,0.15955237427551328,-0.604955580561335,0.6698927413585453,0.7319488311662194,1.7179830533871165,0.043527194982795156,-1.2782394103580115,-0.9967055084099188,-1.2603559536803886,-1.2286277458107875,0.0,7.105427357601002e-15,0.0,-0.44095855184409843,-0.4454651972011986,2.260078437898682,-0.4529425467679601,0.0,-0.446963964670851
Jinja,2018,8,666.26,2160.74,test,0.23199614113992081,0.4463731139848391,-0.604955580561335,0.6698927413585453,0.5671714797513903,1.178161945244811,-0.1133604315268606,-1.2050453794468206,-0.9795243170099418,-1.2603559536803886,-1.2286277458107875,0.0,7.105427357601002e-15,0.0,-0.44095855184409843,-0.4454651972011986,2.260078437898682,-0.4529425467679601,0.0,-0.446963964670851
Jinja,2018,9,742.44,2234.59,train,0.23199614113992081,0.7331938536941649,-0.604955580561335,0.6698927413585453,0.47861864402743814,1.329478491863739,-0.1133604315268606,-1.1032438223696357,-0.9600523000899677,-1.2603559536803886,-1.2286277458107875,0.0,7.105427357601002e-15,0.0,-0.44095855184409843,-0.4454651972011986,2.260078437898682,-0.4529425467679601,0.0,-0.446963964670851
Jinja,2018,10,785.6,2081.12,train,0.23199614113992081,1.0200145934034908,-0.604955580561335,0.6698927413585453,0.29566061832258866,1.5651614043506636,-0.23102615140910243,-1.1766955787417819,-1.126137150289746,-1.2603559536803886,-1.2286277458107875,0.0,7.105427357601002e-15,0.0,-0.44095855184409843,-0.4454651972011986,2.260078437898682,-0.4529425467679601,0.0,-0.446963964670851
Jinja,2018,11,800.32,2324.34,test,0.23199614113992081,1.3068353331128166,-0.604955580561335,0.6698927413585453,-0.28773823718363967,0.6922020021867565,-0.3486918712913442,-1.1225732319412531,-0.6656812207703607,-1.2603559536803886,-1.2286277458107875,0.0,7.105427357601002e-15,0.0,-0.44095855184409843,-0.4454651972011986,2.260078437898682,-0.4529425467679601,0.0,-0.446963964670851
Jinja,2018,12,827.42,2213.24,train,0.23199614113992081,1.5936560728221425,-0.604955580561335,0.6698927413585453,-0.22500017720431897,0.4767842186786368,-0.3879137779187582,-1.0514410047177014,-0.7611322841035667,-1.2603559536803886,-1.2286277458107875,0.0,7.105427357601002e-15,0.0,-0.44095855184409843,-0.4454651972011986,2.260078437898682,-0.4529425467679601,0.0,-0.446963964670851
Jinja,2019,1,881.49,2555.08,train,0.4175585308165759,-1.5613720639804418,-0.604955580561335,0.6698927413585453,-0.29376191328651485,0.16108898660298207,-0.3486918712913442,-0.8468069887195122,-0.5660303106504938,-1.2603559536803886,-1.2286277458107875,0.0,7.105427357601002e-15,0.0,-0.44095855184409843,-0.4454651972011986,2.260078437898682,-0.4529425467679601,0.0,-0.446963964670851
Jinja,2019,2,1025.45,2743.47,train,0.4175585308165759,-1.274551324271116,-0.604955580561335,0.6698927413585453,-0.3860701238732376,0.21758408091789996,-0.27024805803651636,-0.45300248438042795,-0.033031572997872134,-1.2603559536803886,-1.2286277458107875,0.0,7.105427357601002e-15,0.0,-0.44095855184409843,-0.4454651972011986,2.260078437898682,-0.4529425467679601,0.0,-0.446963964670851
Jinja,2019,3,1011.09,2812.35,train,0.4175585308165759,-0.9877305845617901,-0.604955580561335,0.6698927413585453,-0.43051101070730596,0.5405360567923311,-0.3094699646639303,-0.42181770360488524,-0.09335664502445826,-1.2603559536803886,-1.2286277458107875,0.0,7.105427357601002e-15,0.0,-0.44095855184409843,-0.4454651972011986,2.260078437898682,-0.4529425467679601,0.0,-0.446963964670851
Jinja,2019,4,1062.25,2919.65,train,0.4175585308165759,-0.7009098448524642,-0.604955580561335,0.6698927413585453,-0.22926266473104087,0.29759640050663,-0.07413852489944667,-0.16563859541571652,0.04294747341535976,-1.2603559536803886,-1.2286277458107875,0.0,7.105427357601002e-15,0.0,-0.44095855184409843,-0.4454651972011986,2.260078437898682,-0.4529425467679601,0.0,-0.446963964670851
Jinja,2019,5,1360.43,3527.27,train,0.4175585308165759,-0.4140891051431384,-0.604955580561335,0.6698927413585453,-0.1483439304616999,0.8571451010500537,0.23963672811986442,1.0358775035560186,1.0001307365207484,-1.2603559536803886,-1.2286277458107875,0.0,7.105427357601002e-15,0.0,-0.44095855184409843,-0.4454651972011986,2.260078437898682,-0.4529425467679601,0.0,-0.446963964670851
Jinja,2019,6,1399.36,3092.3,test,0.4175585308165759,-0.12726836543381256,-0.604955580561335,0.6698927413585453,-0.07819106099055743,0.9711297323486103,0.16119291486503654,1.1121642399986684,0.678651555214511,-1.2603559536803886,-1.2286277458107875,0.0,7.105427357601002e-15,0.0,-0.44095855184409843,-0.4454651972011986,2.260078437898682,-0.4529425467679601,0.0,-0.446963964670851
Jinja,2019,7,1271.22,3100.58,train,0.4175585308165759,0.15955237427551328,-0.604955580561335,0.6698927413585453,-0.3919156252563461,0.8932944358995131,0.043527194982795156,1.581224578936583,1.3754443175469138,-1.2603559536803886,-1.2286277458107875,0.0,7.105427357601002e-15,0.0,-0.44095855184409843,-0.4454651972011986,2.260078437898682,-0.4529425467679601,0.0,-0.446963964670851
Jinja,2019,8,1273.91,3212.82,train,0.4175585308165759,0.4463731139848391,-0.604955580561335,0.6698927413585453,-0.3028762354899553,0.8537048669528555,0.08274910161020867,2.0250278227009173,1.4762406404267794,-1.2603559536803886,-1.2286277458107875,0.0,7.105427357601002e-15,0.0,-0.44095855184409843,-0.4454651972011986,2.260078437898682,-0.4529425467679601,0.0,-0.446963964670851
Jinja,2019,9,1259.39,3301.04,train,0.4175585308165759,0.7331938536941649,-0.604955580561335,0.6698927413585453,-0.5271502375591219,0.5592692065247279,0.004305288355381218,1.469114003421202,1.4395874321068283,-1.2603559536803886,-1.2286277458107875,0.0,7.105427357601002e-15,0.0,-0.44095855184409843,-0.4454651972011986,2.260078437898682,-0.4529425467679601,0.0,-0.446963964670851
Jinja,2019,10,1272.56,3320.55,train,0.4175585308165759,1.0200145934034908,-0.604955580561335,0.6698927413585453,-0.570110903644361,0.8245703844422136,0.043527194982795156,1.2722117512516602,1.8912618637995586,-1.2603559536803886,-1.2286277458107875,0.0,7.105427357601002e-15,0.0,-0.44095855184409843,-0.4454651972011986,2.260078437898682,-0.4529425467679601,0.0,-0.446963964670851
Jinja,2019,11,1320.27,3304.42,test,0.4175585308165759,1.3068353331128166,-0.604955580561335,0.6698927413585453,-0.2514454173419704,0.8032033054791492,0.043527194982795156,1.3490139386162197,1.2273042672537784,-1.2603559536803886,-1.2286277458107875,0.0,7.105427357601002e-15,0.0,-0.44095855184409843,-0.4454651972011986,2.260078437898682,-0.4529425467679601,0.0,-0.446963964670851
Jinja,2019,12,1362.18,3321.39,train,0.4175585308165759,1.5936560728221425,-0.604955580561335,0.6698927413585453,-0.49779252604067187,0.6174037874015912,0.004305288355381218,1.340251272943753,1.528929627386709,-1.2603559536803886,-1.2286277458107875,0.0,7.105427357601002e-15,0.0,-0.44095855184409843,-0.4454651972011986,2.260078437898682,-0.4529425467679601,0.0,-0.446963964670851
Jinja,2020,1,1279.74,3308.08,train,0.603120920493231,-1.5613720639804418,-0.604955580561335,0.6698927413585453,-0.5248545248236692,0.7373281978835914,0.043527194982795156,0.8389752513864763,0.7424128655210924,-1.2603559536803886,-1.2286277458107875,0.0,7.105427357601002e-15,0.0,-0.44095855184409843,-0.4454651972011986,2.260078437898682,-0.4529425467679601,0.0,-0.446963964670851
Jinja,2020,2,1050.35,3400.92,train,0.603120920493231,-1.274551324271116,-0.604955580561335,0.6698927413585453,-0.6520438632416032,0.7979892006755839,-0.03491661827203272,-0.2628010941957131,0.5320387219347068,-1.2603559536803886,-1.2286277458107875,0.0,7.105427357601002e-15,0.0,-0.44095855184409843,-0.4454651972011986,2.260078437898682,-0.4529425467679601,0.0,-0.446963964670851
Jinja,2020,3,1160.52,3498.48,train,0.603120920493231,-0.9877305845617901,-0.604955580561335,0.6698927413585453,-0.614174882417384,0.6402222151244101,0.004305288355381218,0.05548985008358605,0.5488381090813509,-1.2603559536803886,-1.2286277458107875,0.0,7.105427357601002e-15,0.0,-0.44095855184409843,-0.4454651972011986,2.260078437898682,-0.4529425467679601,0.0,-0.446963964670851
Jinja,2020,4,1249.4,4133.51,train,0.603120920493231,-0.7009098448524642,-0.604955580561335,0.6698927413585453,-0.0792875208045054,0.6697329732394339,0.27885863474727834,0.12868388099477715,1.2047778163071419,-1.2603559536803886,-1.2286277458107875,0.0,7.105427357601002e-15,0.0,-0.44095855184409843,-0.4454651972011986,2.260078437898682,-0.4529425467679601,0.0,-0.446963964670851
Jinja,2020,5,1217.62,4176.99,train,0.603120920493231,-0.4140891051431384,-0.604955580561335,0.6698927413585453,0.06824114716215883,0.42794902059576034,0.3180805413746923,-0.5960401152103963,0.32051916558832255,-1.2603559536803886,-1.2286277458107875,0.0,7.105427357601002e-15,0.0,-0.44095855184409843,-0.4454651972011986,2.260078437898682,-0.4529425467679601,0.0,-0.446963964670851
Jinja,2020,6,1171.34,3431.15,train,0.603120920493231,-0.12726836543381256,-0.604955580561335,0.6698927413585453,-0.03974643876401622,-0.17823097806202212,0.16119291486503654,-0.7452631571032823,0.035693192602036135,-1.2603559536803886,-1.2286277458107875,0.0,7.105427357601002e-15,0.0,-0.44095855184409843,-0.4454651972011986,2.260078437898682,-0.4529425467679601,0.0,-0.446963964670851
Jinja,2020,7,958.9,3372.13,train,0.603120920493231,0.15955237427551328,-0.604955580561335,0.6698927413585453,0.14093643282689197,-0.22075012135707436,0.16119291486503654,-0.9586598387739379,-0.048303743131185094,-1.2603559536803886,-1.2286277458107875,0.0,7.105427357601002e-15,0.0,-0.44095855184409843,-0.4454651972011986,2.260078437898682,-0.4529425467679601,0.0,-0.446963964670851
Jinja,2020,8,947.67,3453.45,train,0.603120920493231,0.4463731139848391,-0.604955580561335,0.6698927413585453,-0.005708214414776946,-0.12060705693396108,0.16119291486503654,-0.9854632867132473,-0.09679288330445367,-1.2603559536803886,-1.2286277458107875,0.0,7.105427357601002e-15,0.0,-0.44095855184409843,-0.4454651972011986,2.260078437898682,-0.4529425467679601,0.0,-0.446963964670851
Jinja,2020,9,813.0,3624.0,test,0.603120920493231,0.7331938536941649,-0.604955580561335,0.6698927413585453,-0.18679540556207844,-0.22260462255009514,0.16119291486503654,-1.2388074148319121,-0.009359709291237105,-1.0339005550164375,-0.9802334016015445,0.0,7.105427357601002e-15,0.0,-0.44095855184409843,-0.4454651972011986,2.260078437898682,-0.4529425467679601,0.0,-0.446963964670851
Jinja,2020,10,773.0,3459.0,train,0.603120920493231,1.0200145934034908,-0.604955580561335,0.6698927413585453,-0.18547965378534115,0.07588943903957099,0.16119291486503654,-1.3372585409166833,-0.2235518954109511,-0.8074451563524864,-0.7318390573923019,0.0,7.105427357601002e-15,0.0,-0.44095855184409843,-0.4454651972011986,2.260078437898682,-0.4529425467679601,0.0,-0.446963964670851
Jinja,2020,11,791.0,3039.0,train,0.603120920493231,1.3068353331128166,-0.604955580561335,0.6698927413585453,-0.2608475602465722,0.05589307834960941,0.004305288355381218,-1.35864975417594,-0.6893530844769958,-0.6376036073545233,-0.483444713183059,0.0,7.105427357601002e-15,0.0,-0.44095855184409843,-0.4454651972011986,2.260078437898682,-0.4529425467679601,0.0,-0.446963964670851
Jinja,2020,12,828.0,2703.0,train,0.603120920493231,1.5936560728221425,-0.604955580561335,0.6698927413585453,-0.13863340823442546,-0.012051545070044429,-0.1133604315268606,-1.3362276390728636,-1.093683788756456,-0.4111482086905727,-0.23505036897381654,0.0,7.105427357601002e-15,0.0,-0.44095855184409843,-0.4454651972011986,2.260078437898682,-0.4529425467679601,0.0,-0.446963964670851
Jinja,2021,1,815.0,3073.0,test,0.788683310169886,-1.5613720639804418,-0.604955580561335,0.6698927413585453,-0.0782116196120694,0.04022388711002961,0.004305288355381218,-1.2612295299349883,-0.6542270931703761,-0.24130665969260917,-0.048754610816884,0.0,7.105427357601002e-15,0.0,-0.44095855184409843,-0.4454651972011986,2.260078437898682,-0.4529425467679601,0.0,-0.446963964670851
Jinja,2021,2,873.43,2981.77,train,0.788683310169886,-1.274551324271116,-0.604955580561335,0.6698927413585453,0.03191406295130361,0.1626747195071589,-0.07413852489944667,-0.7594380574558018,-0.8531471091567772,-0.24130665969260917,-0.048754610816884,0.0,7.105427357601002e-15,0.0,-0.44095855184409843,-0.4454651972011986,2.260078437898682,-0.4529425467679601,0.0,-0.446963964670851
Jinja,2021,3,905.91,2989.83,train,0.788683310169886,-0.9877305845617901,-0.604955580561335,0.6698927413585453,0.02295735684611845,0.16600744628881917,-0.19180424478168848,-0.8908780425427999,-0.9379076533966639,-0.24130665969260917,-0.048754610816884,0.0,7.105427357601002e-15,0.0,-0.44095855184409843,-0.4454651972011986,2.260078437898682,-0.4529425467679601,0.0,-0.446963964670851
Jinja,2021,4,793.4,3143.89,train,0.788683310169886,-0.7009098448524642,-0.604955580561335,0.6698927413585453,0.44469691853343085,0.09588579972953258,-0.07413852489944667,-1.2661263136931313,-1.2968036515295183,-0.24130665969260917,-0.048754610816884,0.0,7.105427357601002e-15,0.0,-0.44095855184409843,-0.4454651972011986,2.260078437898682,-0.4529425467679601,0.0,-0.446963964670851
Jinja,2021,5,911.43,3086.32,train,0.788683310169886,-0.4140891051431384,-0.604955580561335,0.6698927413585453,0.49970493682442035,0.275127371559308,-0.03491661827203272,-0.973607915509322,-1.3796551745027408,-0.24130665969260917,-0.048754610816884,0.0,7.105427357601002e-15,0.0,-0.44095855184409843,-0.4454651972011986,2.260078437898682,-0.4529425467679601,0.0,-0.446963964670851
Jinja,2021,6,939.47,2610.24,train,0.788683310169886,-0.12726836543381256,-0.604955580561335,0.6698927413585453,0.7391512015690886,0.19726519828132638,-0.07413852489944667,-0.8357247938984517,-1.2964218472761853,-0.24130665969260917,-0.048754610816884,0.0,7.105427357601002e-15,0.0,-0.44095855184409843,-0.4454651972011986,2.260078437898682,-0.4529425467679601,0.0,-0.446963964670851
Jinja,2021,7,949.03,2516.75,train,0.788683310169886,0.15955237427551328,-0.604955580561335,0.6698927413585453,0.5706390339129995,0.10752346663645886,0.004305288355381218,-0.3519741036861078,-1.3514016597561118,-0.24130665969260917,-0.048754610816884,0.0,7.105427357601002e-15,0.0,-0.44095855184409843,-0.4454651972011986,2.260078437898682,-0.4529425467679601,0.0,-0.446963964670851
Jinja,2021,8,818.95,2410.34,train,0.788683310169886,0.4463731139848391,-0.604955580561335,0.6698927413585453,0.8047057926954873,0.013454565541210169,0.004305288355381218,-0.675419557184505,-1.5358131141158655,-0.24130665969260917,-0.048754610816884,0.0,7.105427357601002e-15,0.0,-0.44095855184409843,-0.4454651972011986,2.260078437898682,-0.4529425467679601,0.0,-0.446963964670851
Jinja,2021,9,1106.63,2447.29,train,0.788683310169886,0.7331938536941649,-0.604955580561335,0.6698927413585453,0.8615640869225134,-0.14786016142269912,0.12197100823762261,0.6054759837613386,-1.6224826796224165,-0.4111482086905727,-0.23505036897381654,0.0,7.105427357601002e-15,0.0,-0.44095855184409843,-0.4454651972011986,2.260078437898682,-0.4529425467679601,0.0,-0.446963964670851
Jinja,2021,10,1121.74,2306.92,train,0.788683310169886,1.0200145934034908,-0.604955580561335,0.6698927413585453,0.8941837663874573,0.09975606308888009,0.16119291486503654,0.8374288986207469,-1.6545542369023738,-0.6376036073545233,-0.483444713183059,0.0,7.105427357601002e-15,0.0,-0.44095855184409843,-0.4454651972011986,2.260078437898682,-0.4529425467679601,0.0,-0.446963964670851
Jinja,2021,11,1248.59,2288.61,train,0.788683310169886,1.3068353331128166,-0.604955580561335,0.6698927413585453,1.0140679412949656,-0.02508680707895722,0.2004148214924505,1.1655134104163323,-1.32543897052948,-0.8074451563524864,-0.7318390573923019,0.0,7.105427357601002e-15,0.0,-0.44095855184409843,-0.4454651972011986,2.260078437898682,-0.4529425467679601,0.0,-0.446963964670851
Jinja,2021,12,1209.45,2138.28,test,0.788683310169886,1.5936560728221425,-0.604955580561335,0.6698927413585453,0.9708811303730998,-0.4024912382730952,0.12197100823762261,0.8619128174114623,-1.180353354263007,-1.0339005550164375,-0.9802334016015445,0.0,7.105427357601002e-15,0.0,-0.44095855184409843,-0.4454651972011986,2.260078437898682,-0.4529425467679601,0.0,-0.446963964670851
Jinja,2022,1,1408.0,2167.0,train,0.9742456998465411,-1.5613720639804418,-0.604955580561335,0.6698927413585453,1.0613048006545998,-0.7950004473002413,0.12197100823762261,1.5497820727000855,-1.5083232078759023,-1.0339005550164375,-0.9181348155492339,0.0,7.105427357601002e-15,0.0,-0.44095855184409843,-0.4454651972011986,2.260078437898682,-0.4529425467679601,0.0,-0.446963964670851
Jinja,2022,2,1500.0,2500.0,train,0.9742456998465411,-1.274551324271116,-0.604955580561335,0.6698927413585453,1.5135465037911702,-0.4388824645825141,0.47496816788434804,1.5234940756826856,-0.9997599424365814,-0.8074451563524864,-0.6697404713399909,0.0,7.105427357601002e-15,0.0,-0.44095855184409843,-0.4454651972011986,2.260078437898682,-0.4529425467679601,0.0,-0.446963964670851
Jinja,2022,3,1375.0,2750.0,train,0.9742456998465411,-0.9877305845617901,-0.604955580561335,0.6698927413585453,2.1560034260261567,-0.5764649516415365,0.5534119811391759,1.009074055616709,-0.6889712802236629,-0.5809897576885358,-0.3592475410784375,0.0,7.105427357601002e-15,0.0,-0.44095855184409843,-0.4454651972011986,2.260078437898682,-0.4529425467679601,0.0,-0.446963964670851
Jinja,2022,4,1741.82,3133.0,test,0.9742456998465411,-0.7009098448524642,-0.604955580561335,0.6698927413585453,2.812508739627348,-0.5347789900418992,1.1809624871777982,2.755421779047099,-0.3961274179173873,-0.3545343590245847,-0.11085319686919448,0.0,7.105427357601002e-15,0.0,-0.44095855184409843,-0.4454651972011986,2.260078437898682,-0.4529425467679601,0.0,-0.446963964670851
Jinja,2022,5,2000.0,3683.0,test,0.9742456998465411,-0.4140891051431384,-0.604955580561335,0.6698927413585453,2.5843080408494807,-0.6247626131467258,1.3378501136874539,2.7528445244375495,0.35526335264160935,-0.18469281002662163,0.07544256128773695,0.0,7.105427357601002e-15,0.0,-0.44095855184409843,-0.4454651972011986,2.260078437898682,-0.4529425467679601,0.0,-0.446963964670851
Jinja,2022,6,2120.0,3780.0,train,0.9742456998465411,-0.12726836543381256,-0.604955580561335,0.6698927413585453,2.5843080408494807,-0.9656683107159068,1.5339596468245236,2.9131497611514963,1.328100590133644,0.04176258863732944,0.26173831944466946,0.0,7.105427357601002e-15,0.0,-0.44095855184409843,-0.4454651972011986,2.260078437898682,-0.4529425467679601,0.0,-0.446963964670851
Jinja,2022,7,2450.0,4000.0,train,0.9742456998465411,0.15955237427551328,-0.604955580561335,0.6698927413585453,2.5843080408494807,-0.6808814318572624,1.8085129932164203,3.7507575092549152,1.8675900000929235,0.15499028796930447,0.3859354915492904,0.0,7.105427357601002e-15,0.0,-0.44095855184409843,-0.4454651972011986,2.260078437898682,-0.4529425467679601,0.0,-0.446963964670851
Jinja,2022,8,2450.0,4550.0,test,0.9742456998465411,0.4463731139848391,-0.604955580561335,0.6698927413585453,2.133430059606508,-0.6380397666155976,1.7692910865890072,4.807431899169997,3.0065120877847358,0.32483183696726803,0.572231249706223,0.0,7.105427357601002e-15,0.0,-0.44095855184409843,-0.4454651972011986,2.260078437898682,-0.4529425467679601,0.0,-0.446963964670851
Jinja,2022,9,2560.0,4900.0,train,0.9742456998465411,0.7331938536941649,-0.604955580561335,0.6698927413585453,1.6249057036452346,-0.8162062652899985,1.8085129932164203,3.0592800975129237,3.443677957850819,0.49467338596523064,0.6964284218108439,0.0,7.105427357601002e-15,0.0,-0.44095855184409843,-0.4454651972011986,2.260078437898682,-0.4529425467679601,0.0,-0.446963964670851
Jinja,2022,10,2450.0,4325.0,train,0.9742456998465411,1.0200145934034908,-0.604955580561335,0.6698927413585453,1.984681580096827,-0.651236289597817,1.847734899843834,2.726298801959195,2.9572593391048017,0.6645149349631941,0.820625593915466,0.0,7.105427357601002e-15,0.0,-0.44095855184409843,-0.4454651972011986,2.260078437898682,-0.4529425467679601,0.0,-0.446963964670851
Jinja,2022,11,2500.0,3620.0,train,0.9742456998465411,1.3068353331128166,-0.604955580561335,0.6698927413585453,1.6934344420169665,-0.539912464358811,1.6516253667067653,2.2577539139431906,1.8381910725862962,0.7777426342951692,0.8827241799677764,0.0,7.105427357601002e-15,0.0,-0.44095855184409843,-0.4454651972011986,2.260078437898682,-0.4529425467679601,0.0,-0.446963964670851
Jinja,2022,12,2500.0,3600.0,train,0.9742456998465411,1.5936560728221425,-0.604955580561335,0.6698927413585453,1.2137332734148432,-0.8953316495255449,1.5731815534519376,2.4247600126419644,2.2272496067324434,0.9475841832931328,0.9448227660200869,0.0,7.105427357601002e-15,0.0,-0.44095855184409843,-0.4454651972011986,2.260078437898682,-0.4529425467679601,0.0,-0.446963964670851
Jinja,2023,1,2050.0,4375.0,train,1.1598080895231961,-1.5613720639804418,-0.604955580561335,0.6698927413585453,0.8710895815561839,-0.8978580714406746,1.4555158335696956,0.8497997207465822,3.5074392681574005,0.9475841832931328,0.9448227660200869,0.0,7.105427357601002e-15,0.0,-0.44095855184409843,-0.4454651972011986,2.260078437898682,-0.4529425467679601,0.0,-0.446963964670851
Jinja,2023,2,2000.0,4500.0,train,1.1598080895231961,-1.274551324271116,-0.604955580561335,0.6698927413585453,1.2137332734148432,-0.9822513141375551,1.5731815534519376,0.5335705801549221,2.67166975761185,0.9475841832931328,0.9448227660200869,0.0,7.105427357601002e-15,0.0,-0.44095855184409843,-0.4454651972011986,2.260078437898682,-0.4529425467679601,0.0,-0.446963964670851
Jinja,2023,3,2240.0,4940.0,train,1.1598080895231961,-0.9877305845617901,-0.604955580561335,0.6698927413585453,1.0766757966713796,-1.203958275604614,1.7300691799615933,1.2959224936595106,2.657924804491868,0.9475841832931328,0.9448227660200869,0.0,7.105427357601002e-15,0.0,-0.44095855184409843,-0.4454651972011986,2.260078437898682,-0.4529425467679601,0.0,-0.446963964670851
Jinja,2023,4,2000.0,5125.0,train,1.1598080895231961,-0.7009098448524642,-0.604955580561335,0.6698927413585453,0.785428658591519,-1.0313015268515062,1.6124034600793515,0.05652075192740567,2.0447471736393537,0.9475841832931328,0.9448227660200869,0.0,7.105427357601002e-15,0.0,-0.44095855184409843,-0.4454651972011986,2.260078437898682,-0.4529425467679601,0.0,-0.446963964670851
Jinja,2023,5,2300.0,5375.0,train,1.1598080895231961,-0.4140891051431384,-0.604955580561335,0.6698927413585453,0.5284458896975244,-1.2813635427915615,1.7300691799615933,0.061159810224593825,1.371244470760253,0.9475841832931328,0.9448227660200869,0.0,7.105427357601002e-15,0.0,-0.44095855184409843,-0.4454651972011986,2.260078437898682,-0.4529425467679601,0.0,-0.446963964670851
Jinja,2023,6,2126.06,4860.0,train,1.1598080895231961,-0.12726836543381256,-0.604955580561335,0.6698927413585453,0.5969746280692563,-1.269860260029057,1.6516253667067653,-0.3179543428400613,0.7080504827211384,0.9475841832931328,0.9448227660200869,0.0,7.105427357601002e-15,0.0,-0.44095855184409843,-0.4454651972011986,2.260078437898682,-0.4529425467679601,0.0,-0.446963964670851
Jinja,2023,7,2058.25,5000.0,test,1.1598080895231961,0.15955237427551328,-0.604955580561335,0.6698927413585453,0.6997677356268541,-1.4144038457691275,1.4162939269422818,-0.7375313932746355,0.5717463642813204,0.9475841832931328,0.9448227660200869,0.0,7.105427357601002e-15,0.0,-0.44095855184409843,-0.4454651972011986,2.260078437898682,-0.4529425467679601,0.0,-0.446963964670851
Jinja,2023,8,2000.0,4875.0,train,1.1598080895231961,0.4463731139848391,-0.604955580561335,0.6698927413585453,0.6997677356268541,-1.4668942925802761,1.3378501136874539,-0.7988700529819013,-0.11015603217110251,0.9475841832931328,0.9448227660200869,0.0,7.105427357601002e-15,0.0,-0.44095855184409843,-0.4454651972011986,2.260078437898682,-0.4529425467679601,0.0,-0.446963964670851
Jinja,2023,9,2000.0,5000.0,train,1.1598080895231961,0.7331938536941649,-0.604955580561335,0.6698927413585453,0.8710895815561839,-1.4037068678731535,1.4555158335696956,-0.8893316897770704,-0.30487620137084254,0.9475841832931328,0.9448227660200869,0.0,7.105427357601002e-15,0.0,-0.44095855184409843,-0.4454651972011986,2.260078437898682,-0.4529425467679601,0.0,-0.446963964670851
Jinja,2023,10,2000.0,5167.0,test,1.1598080895231961,1.0200145934034908,-0.604955580561335,0.6698927413585453,0.8710895815561839,-1.5257007941792484,1.4947377401971096,-0.7988700529819013,0.3606086121882689,0.9475841832931328,0.9448227660200869,0.0,7.105427357601002e-15,0.0,-0.44095855184409843,-0.4454651972011986,2.260078437898682,-0.4529425467679601,0.0,-0.446963964670851
Jinja,2023,11,1920.0,4600.0,train,1.1598080895231961,1.3068353331128166,-0.604955580561335,0.6698927413585453,0.5969746280692563,-1.6106315734538164,1.220184393805212,-0.923351450623117,0.6507798447212149,0.9475841832931328,0.9448227660200869,0.0,7.105427357601002e-15,0.0,-0.44095855184409843,-0.4454651972011986,2.260078437898682,-0.4529425467679601,0.0,-0.446963964670851
Jinja,2023,12,1775.0,4125.0,train,1.1598080895231961,1.5936560728221425,-0.604955580561335,0.6698927413585453,0.5284458896975244,-1.6785224432157013,0.7887434209036596,-1.0728322179769578,0.17390633230851824,0.9475841832931328,0.9448227660200869,0.0,7.105427357601002e-15,0.0,-0.44095855184409843,-0.4454651972011986,2.260078437898682,-0.4529425467679601,0.0,-0.446963964670851
Jinja,2024,1,2050.0,3875.0,train,1.3453704791998513,-1.5613720639804418,-0.604955580561335,0.6698927413585453,0.5284458896975244,-1.6389059974401596,0.7495215142762456,-0.32542838120775336,-0.8191665306101559,0.9475841832931328,0.9448227660200869,0.0,7.105427357601002e-15,0.0,-0.44095855184409843,-0.4454651972011986,2.260078437898682,-0.4529425467679601,0.0,-0.446963964670851
Jinja,2024,2,1600.0,4200.0,train,1.3453704791998513,-1.274551324271116,-0.604955580561335,0.6698927413585453,0.6655033664409882,-1.7450425947044845,0.7495215142762456,-0.8408793031175495,-0.6374277060237319,0.9475841832931328,0.9448227660200869,0.0,7.105427357601002e-15,0.0,-0.44095855184409843,-0.4454651972011986,2.260078437898682,-0.4529425467679601,0.0,-0.446963964670851
Jinja,2024,3,1625.0,4500.0,train,1.3453704791998513,-0.9877305845617901,-0.604955580561335,0.6698927413585453,0.6141068126621892,-1.7243474364635296,0.9064091407859005,-1.0331424969899035,-0.7229518587702843,0.9475841832931328,0.9448227660200869,0.0,7.105427357601002e-15,0.0,-0.44095855184409843,-0.4454651972011986,2.260078437898682,-0.4529425467679601,0.0,-0.446963964670851
Jinja,2024,4,1625.0,4750.0,test,1.3453704791998513,-0.7009098448524642,-0.604955580561335,0.6698927413585453,0.785428658591519,-1.4270090785158909,0.9848529540407284,-0.8086636204981873,-0.6622449824903653,0.9475841832931328,0.9448227660200869,0.0,7.105427357601002e-15,0.0,-0.44095855184409843,-0.4454651972011986,2.260078437898682,-0.4529425467679601,0.0,-0.446963964670851
Jinja,2024,5,1800.0,5000.0,test,1.3453704791998513,-0.4140891051431384,-0.604955580561335,0.6698927413585453,0.8710895815561839,-1.5860930286823982,0.9456310474133145,-0.8857235333237018,-0.6492636378770493,0.9475841832931328,0.9448227660200869,0.0,7.105427357601002e-15,0.0,-0.44095855184409843,-0.4454651972011986,2.260078437898682,-0.4529425467679601,0.0,-0.446963964670851
Jinja,2024,6,1706.38,4625.0,test,1.3453704791998513,-0.12726836543381256,-0.604955580561335,0.6698927413585453,0.8710895815561839,-1.5696981630629407,0.8671872341584865,-0.8341784411327222,-0.5675575276638252,0.9475841832931328,0.9448227660200869,0.0,7.105427357601002e-15,0.0,-0.44095855184409843,-0.4454651972011986,2.260078437898682,-0.4529425467679601,0.0,-0.446963964670851
Jinja,2024,7,1775.0,4500.0,train,1.3453704791998513,0.15955237427551328,-0.604955580561335,0.6698927413585453,0.8710895815561839,-1.3739542182981708,0.9456310474133145,-0.6800586154816931,-0.7645685223835621,0.9475841832931328,0.9448227660200869,0.0,7.105427357601002e-15,0.0,-0.44095855184409843,-0.4454651972011986,2.260078437898682,-0.4529425467679601,0.0,-0.446963964670851
Jinja,2024,8,1700.0,4500.0,train,1.3453704791998513,0.4463731139848391,-0.604955580561335,0.6698927413585453,0.8710895815561839,-1.4523808049827234,0.9064091407859005,-0.7120165726401004,-0.6763717398636799,0.9475841832931328,0.9448227660200869,0.0,7.105427357601002e-15,0.0,-0.44095855184409843,-0.4454651972011986,2.260078437898682,-0.4529425467679601,0.0,-0.446963964670851
Jinja,2024,9,1500.0,5000.0,train,1.3453704791998513,0.7331938536941649,-0.604955580561335,0.6698927413585453,0.8710895815561839,-1.0429391937584325,1.0240748606681422,-0.9697420335949986,-0.3827642690507385,0.9475841832931328,0.9448227660200869,0.0,7.105427357601002e-15,0.0,-0.44095855184409843,-0.4454651972011986,2.260078437898682,-0.4529425467679601,0.0,-0.446963964670851
Jinja,2024,10,1525.0,4750.0,test,1.3453704791998513,1.0200145934034908,-0.604955580561335,0.6698927413585453,1.0424114274855136,-1.3520496027574196,0.9456310474133145,-0.9375263509756363,-0.6908803014903271,0.9475841832931328,0.9448227660200869,0.0,7.105427357601002e-15,0.0,-0.44095855184409843,-0.4454651972011986,2.260078437898682,-0.4529425467679601,0.0,-0.446963964670851
Jinja,2024,11,1500.0,4500.0,train,1.3453704791998513,1.3068353331128166,-0.604955580561335,0.6698927413585453,1.2137332734148432,-1.2623347479414364,0.8671872341584865,-0.8893316897770704,-0.46561579202396125,0.9475841832931328,0.9448227660200869,0.0,7.105427357601002e-15,0.0,-0.44095855184409843,-0.4454651972011986,2.260078437898682,-0.4529425467679601,0.0,-0.446963964670851
Jinja,2024,12,1750.0,4375.0,train,1.3453704791998513,1.5936560728221425,-0.604955580561335,0.6698927413585453,1.0424114274855136,-0.8747171217712437,0.9456310474133145,-0.36176767120239395,-0.15139089153104746,0.9475841832931328,0.9448227660200869,0.0,7.105427357601002e-15,0.0,-0.44095855184409843,-0.4454651972011986,2.260078437898682,-0.4529425467679601,0.0,-0.446963964670851
Jinja,2025,1,2000.0,4833.0,train,1.5309328688765063,-1.5613720639804418,-0.604955580561335,0.6698927413585453,0.8710895815561839,-0.4457898096057937,1.0632967672955562,-0.38831339368074846,0.5610558451880012,0.9475841832931328,0.9448227660200869,0.0,7.105427357601002e-15,0.0,-0.44095855184409843,-0.4454651972011986,2.260078437898682,-0.4529425467679601,0.0,-0.446963964670851
Jinja,2025,2,2000.0,5000.0,train,1.5309328688765063,-1.274551324271116,-0.604955580561335,0.6698927413585453,0.8710895815561839,-0.6304336240413247,1.259406300432626,0.31888527117949195,0.3445728335482904,0.9475841832931328,0.9448227660200869,0.0,7.105427357601002e-15,0.0,-0.44095855184409843,-0.4454651972011986,2.260078437898682,-0.4529425467679601,0.0,-0.446963964670851
Jinja,2025,3,2029.0,5072.0,train,1.5309328688765063,-0.9877305845617901,-0.604955580561335,0.6698927413585453,0.9451006189976543,-0.6461028152809045,1.3378501136874539,0.31527711472612335,0.10250893693528025,0.9475841832931328,0.9448227660200869,0.0,7.105427357601002e-15,0.0,-0.44095855184409843,-0.4454651972011986,2.260078437898682,-0.4529425467679601,0.0,-0.446963964670851
Jinja,2025,4,2092.0,5229.0,test,1.5309328688765063,-0.7009098448524642,-0.604955580561335,0.6698927413585453,1.1068284415549414,-0.6719583246676561,1.4555158335696956,0.4152745935766237,0.0020944183087476293,0.9475841832931328,0.9448227660200869,0.0,7.105427357601002e-15,0.0,-0.44095855184409843,-0.4454651972011986,2.260078437898682,-0.4529425467679601,0.0,-0.446963964670851
Jinja,2025,5,2000.0,4100.0,train,1.5309328688765063,-0.4140891051431384,-0.604955580561335,0.6698927413585453,0.9396183199279158,-0.7350113652303571,1.220184393805212,-0.03909539408686155,-1.070011925049821,0.9475841832931328,0.9448227660200869,0.0,7.105427357601002e-15,0.0,-0.44095855184409843,-0.4454651972011986,2.260078437898682,-0.4529425467679601,0.0,-0.446963964670851
Jinja,2025,6,2000.0,4563.0,train,1.5309328688765063,-0.12726836543381256,-0.604955580561335,0.6698927413585453,0.8710895815561839,-0.38273676904309256,1.5731815534519376,0.11811713709562632,-0.4339260389973369,0.9475841832931328,0.9448227660200869,0.0,7.105427357601002e-15,0.0,-0.44095855184409843,-0.4454651972011986,2.260078437898682,-0.4529425467679601,0.0,-0.446963964670851
Jinja,2025,7,2000.0,4200.0,test,1.5309328688765063,0.15955237427551328,-0.604955580561335,0.6698927413585453,0.6655033664409882,-0.5629996603704739,1.259406300432626,0.0013675032830574565,-0.6374277060237319,0.9475841832931328,0.9448227660200869,0.0,7.105427357601002e-15,0.0,-0.44095855184409843,-0.4454651972011986,2.260078437898682,-0.4529425467679601,0.0,-0.446963964670851
Jinja,2025,8,1788.0,4000.0,train,1.5309328688765063,0.4463731139848391,-0.604955580561335,0.6698927413585453,0.8710895815561839,-0.3923586737836927,1.1417405805503842,-0.19192659243311613,-0.8069487945035054,0.9475841832931328,0.9448227660200869,0.0,7.105427357601002e-15,0.0,-0.44095855184409843,-0.4454651972011986,2.260078437898682,-0.4529425467679601,0.0,-0.446963964670851
Jinja,2025,9,1900.0,4000.0,train,1.5309328688765063,0.7331938536941649,-0.604955580561335,0.6698927413585453,0.8710895815561839,-0.3018375141011789,1.1025186739229702,0.36192542315896,-1.1463727757163857,0.9475841832931328,0.9448227660200869,0.0,7.105427357601002e-15,0.0,-0.44095855184409843,-0.4454651972011986,2.260078437898682,-0.4529425467679601,0.0,-0.446963964670851
Jinja,2025,10,1940.0,4000.0,train,1.5309328688765063,1.0200145934034908,-0.604955580561335,0.6698927413585453,0.8710895815561839,-0.0772278551146096,0.9848529540407284,0.37584259805052445,-0.9856331850632669,0.9475841832931328,0.9448227660200869,0.0,7.105427357601002e-15,0.0,-0.44095855184409843,-0.4454651972011986,2.260078437898682,-0.4529425467679601,0.0,-0.446963964670851
Jinja,2025,11,1838.0,3875.0,train,1.5309328688765063,1.3068353331128166,-0.604955580561335,0.6698927413585453,0.8710895815561839,-0.14716136387170586,0.9456310474133145,0.2552270823236321,-0.9130903769300305,0.9475841832931328,0.9448227660200869,0.0,7.105427357601002e-15,0.0,-0.44095855184409843,-0.4454651972011986,2.260078437898682,-0.4529425467679601,0.0,-0.446963964670851
Jinja,2025,12,1863.0,4000.0,train,1.5309328688765063,1.5936560728221425,-0.604955580561335,0.6698927413585453,1.2837902026522645,-0.22994199683552458,0.9848529540407284,-0.15893773343088916,-0.7099705141569683,0.9475841832931328,0.9448227660200869,0.0,7.105427357601002e-15,0.0,-0.44095855184409843,-0.4454651972011986,2.260078437898682,-0.4529425467679601,0.0,-0.446963964670851
Jinja,2026,1,2006.4,4343.0,train,1.7164952585531614,-1.5613720639804418,-0.604955580561335,0.6698927413585453,1.6013866406360564,-0.357069397458532,1.3770720203148679,-0.3171811664571966,-0.7699137819302216,0.9475841832931328,0.9448227660200869,0.0,7.105427357601002e-15,0.0,-0.44095855184409843,-0.4454651972011986,2.260078437898682,-0.4529425467679601,0.0,-0.446963964670851
Jinja,2026,2,1961.08,4258.0,test,1.7164952585531614,-1.274551324271116,-0.604955580561335,0.6698927413585453,2.211614497214817,-0.40270625290416984,1.4555158335696956,-0.37568484609395847,-0.9493617809966487,0.9475841832931328,0.9448227660200869,0.0,7.105427357601002e-15,0.0,-0.44095855184409843,-0.4454651972011986,2.260078437898682,-0.4529425467679601,0.0,-0.446963964670851
Jinja,2026,3,1918.68,4160.0,train,1.7164952585531614,-0.9877305845617901,-0.604955580561335,0.6698927413585453,2.733015403116139,-0.43372211343671746,1.5731815534519376,-0.4656310319672179,-1.0692483165431552,0.9475841832931328,0.9448227660200869,0.0,7.105427357601002e-15,0.0,-0.44095855184409843,-0.4454651972011986,2.260078437898682,-0.4529425467679601,0.0,-0.446963964670851
Jinja,2026,4,2041.02,4211.0,train,1.7164952585531614,-0.7009098448524642,-0.604955580561335,0.6698927413585453,2.140680400126237,-0.17970920365066165,1.5339596468245236,-0.38831339368074846,-1.126137150289746,0.9475841832931328,0.9448227660200869,0.0,7.105427357601002e-15,0.0,-0.44095855184409843,-0.4454651972011986,2.260078437898682,-0.4529425467679601,0.0,-0.446963964670851
Jinja,2026,5,1992.23,4266.66,test,1.7164952585531614,-0.4140891051431384,-0.604955580561335,0.6698927413585453,1.8174577527221265,0.15428914889523987,1.4555158335696956,-0.33547967418499436,-0.22775174219761216,0.7777426342951692,0.8827241799677764,0.0,7.105427357601002e-15,0.0,-0.44095855184409843,-0.4454651972011986,2.260078437898682,-0.4529425467679601,0.0,-0.446963964670851
Jinja,2026,6,2016.24,4307.72,test,1.7164952585531614,-0.12726836543381256,-0.604955580561335,0.6698927413585453,1.4012141958522273,0.0927949644078313,1.4162939269422818,-0.3045526188704066,-0.5961928466637869,0.6645149349631941,0.820625593915466,0.0,7.105427357601002e-15,0.0,-0.44095855184409843,-0.4454651972011986,2.260078437898682,-0.4529425467679601,0.0,-0.446963964670851
Jinja,2026,7,2195.7,4158.91,train,1.7164952585531614,0.15955237427551328,-0.604955580561335,0.6698927413585453,1.1595407471104777,-0.2179011774953327,1.29862820706004,-0.073372880393863,-0.42018108587735525,0.49467338596523064,0.6964284218108439,0.0,7.105427357601002e-15,0.0,-0.44095855184409843,-0.4454651972011986,2.260078437898682,-0.4529425467679601,0.0,-0.446963964670851
Jinja,2026,8,2128.18,4108.33,train,1.7164952585531614,0.4463731139848391,-0.604955580561335,0.6698927413585453,1.085289859084706,-0.14385551391892992,1.29862820706004,0.1650231709894178,-0.27929531639754335,0.32483183696726803,0.5101326636539125,0.0,7.105427357601002e-15,0.0,-0.44095855184409843,-0.4454651972011986,2.260078437898682,-0.4529425467679601,0.0,-0.446963964670851
Lira,2008,1,539.67,956.57,train,-1.6236277556266299,-1.5613720639804418,0.9706140574705185,0.4185247244611441,-1.7216678232429434,-1.3711859049230815,-1.8783462297604863,-0.06409476379948664,-0.2159158103442946,-1.2603559536803886,-1.2286277458107875,0.0,7.105427357601002e-15,0.0,-0.44095855184409843,-0.4454651972011986,-0.4424625195441246,2.207785528508308,0.0,-0.446963964670851
Lira,2008,2,529.46,989.33,train,-1.6236277556266299,-1.274551324271116,0.9706140574705185,0.4185247244611441,-1.7891891891606106,-1.426310280964897,-1.8783462297604863,-0.05327029443938092,-0.18384425306433744,-1.2603559536803886,-1.2286277458107875,0.0,7.105427357601002e-15,0.0,-0.44095855184409843,-0.4454651972011986,-0.4424625195441246,2.207785528508308,0.0,-0.446963964670851
Lira,2008,3,577.01,1020.45,train,-1.6236277556266299,-0.9877305845617901,0.9706140574705185,0.4185247244611441,-1.763552588135746,-1.430879341875238,-1.8783462297604863,0.021470089237539538,-0.22393369966428392,-1.2603559536803886,-1.2286277458107875,0.0,7.105427357601002e-15,0.0,-0.44095855184409843,-0.4454651972011986,-0.4424625195441246,2.207785528508308,0.0,-0.446963964670851
Lira,2008,4,588.01,1101.25,train,-1.6236277556266299,-0.7009098448524642,0.9706140574705185,0.4185247244611441,-1.7075783146337153,-1.3818291291612868,-1.7999024165056585,0.0781696906476171,-0.08992040674446285,-1.2603559536803886,-1.2286277458107875,0.0,7.105427357601002e-15,0.0,-0.44095855184409843,-0.4454651972011986,-0.4424625195441246,2.207785528508308,0.0,-0.446963964670851
Lira,2008,5,610.21,1131.46,test,-1.6236277556266299,-0.4140891051431384,0.9706140574705185,0.4185247244611441,-1.7276640878504699,-1.4098347848587867,-1.7999024165056585,0.1191480389394459,-0.11741031298442614,-1.2603559536803886,-1.2286277458107875,0.0,7.105427357601002e-15,0.0,-0.44095855184409843,-0.4454651972011986,-0.4424625195441246,2.207785528508308,0.0,-0.446963964670851
Lira,2008,6,551.45,961.62,test,-1.6236277556266299,-0.12726836543381256,0.9706140574705185,0.4185247244611441,-1.7634497950281882,-1.225298477738793,-1.8783462297604863,0.05085079178639789,-0.351456320277447,-1.2037421040144005,-0.9802334016015445,0.0,7.105427357601002e-15,0.0,-0.44095855184409843,-0.4454651972011986,-0.4424625195441246,2.207785528508308,0.0,-0.446963964670851
Lira,2008,7,594.72,1112.32,train,-1.6236277556266299,0.15955237427551328,0.9706140574705185,0.4185247244611441,-1.7319334282510288,-1.3082672485048026,-1.7999024165056585,0.16837360198183143,0.3441910292949575,-1.2037421040144005,-0.7939376434446125,0.0,7.105427357601002e-15,0.0,-0.44095855184409843,-0.4454651972011986,-0.4424625195441246,2.207785528508308,0.0,-0.446963964670851
Lira,2008,8,563.53,1057.79,test,-1.6236277556266299,0.4463731139848391,0.9706140574705185,0.4185247244611441,-1.6764594145391116,-1.3280754713925733,-1.8391243231330725,0.1387351739720182,-0.03532239851786909,-1.2037421040144005,-0.54554329923537,0.0,7.105427357601002e-15,0.0,-0.44095855184409843,-0.4454651972011986,-0.4424625195441246,2.207785528508308,0.0,-0.446963964670851
Lira,2008,9,589.8,1316.27,test,-1.6236277556266299,0.7331938536941649,0.9706140574705185,0.4185247244611441,-1.6684004349065962,-1.34995321010444,-1.7214586032508308,0.24723759303403023,0.7706663802677215,-1.2037421040144005,-0.54554329923537,0.0,7.105427357601002e-15,0.0,-0.44095855184409843,-0.4454651972011986,-0.4424625195441246,2.207785528508308,0.0,-0.446963964670851
Lira,2008,10,529.16,1437.21,train,-1.6236277556266299,1.0200145934034908,0.9706140574705185,0.4185247244611441,-1.6812084561082727,-1.506510738355818,-1.7606805098782448,0.050335340864488105,1.3723898835202513,-1.2037421040144005,-0.54554329923537,0.0,7.105427357601002e-15,0.0,-0.44095855184409843,-0.4454651972011986,-0.4424625195441246,2.207785528508308,0.0,-0.446963964670851
Lira,2008,11,634.11,1340.13,test,-1.6236277556266299,1.3068353331128166,0.9706140574705185,0.4185247244611441,-1.4716749856628653,-1.0548187521253185,-1.643014789996003,0.41682094634235317,1.3807895770935734,-1.2037421040144005,-0.54554329923537,0.0,7.105427357601002e-15,0.0,-0.44095855184409843,-0.4454651972011986,-0.4424625195441246,2.207785528508308,0.0,-0.446963964670851
Lira,2008,12,662.19,1332.63,train,-1.6236277556266299,1.5936560728221425,0.9706140574705185,0.4185247244611441,-1.4058051623399568,-1.206457820690859,-1.643014789996003,0.5972287690107818,1.4357693895735002,-1.2037421040144005,-0.54554329923537,0.0,7.105427357601002e-15,0.0,-0.44095855184409843,-0.4454651972011986,-0.4424625195441246,2.207785528508308,0.0,-0.446963964670851
Lira,2009,1,672.59,1430.76,test,-1.438065365949975,-1.5613720639804418,0.9706140574705185,0.4185247244611441,-1.3691217286895687,-1.2672263307983898,-1.564570976741175,0.3093494291241607,1.5098394147200678,-1.147128254348413,-0.3592475410784375,0.0,7.105427357601002e-15,0.0,-0.44095855184409843,-0.4454651972011986,-0.4424625195441246,2.207785528508308,0.0,-0.446963964670851
Lira,2009,2,667.34,1494.69,train,-1.438065365949975,-1.274551324271116,0.9706140574705185,0.4185247244611441,-1.4406931430450052,-1.2615553199037903,-1.564570976741175,0.34568871911880134,1.567491856973324,-1.147128254348413,-0.3592475410784375,0.0,7.105427357601002e-15,0.0,-0.44095855184409843,-0.4454651972011986,-0.4424625195441246,2.207785528508308,0.0,-0.446963964670851
Lira,2009,3,774.88,1421.46,train,-1.438065365949975,-0.9877305845617901,0.9706140574705185,0.4185247244611441,-1.2485042962814834,-0.9463707475769385,-1.486127163486347,0.5583122244065923,1.117726446547258,-1.147128254348413,-0.3592475410784375,0.0,7.105427357601002e-15,0.0,-0.44095855184409843,-0.4454651972011986,-0.4424625195441246,2.207785528508308,0.0,-0.446963964670851
Lira,2009,4,699.93,1440.11,train,-1.438065365949975,-0.7009098448524642,0.9706140574705185,0.4185247244611441,-1.12448783845016,-0.4305775244572481,-1.4076833502315194,0.1650231709894178,0.7920474184543596,-1.147128254348413,-0.3592475410784375,0.0,7.105427357601002e-15,0.0,-0.44095855184409843,-0.4454651972011986,-0.4424625195441246,2.207785528508308,0.0,-0.446963964670851
Lira,2009,5,814.81,1712.45,test,-1.438065365949975,-0.4140891051431384,0.9706140574705185,0.4185247244611441,-0.7693924748293568,-0.1650075782509184,-1.1723519104670361,0.5387250893740201,1.5778005718133106,-1.147128254348413,-0.3592475410784375,0.0,7.105427357601002e-15,0.0,-0.44095855184409843,-0.4454651972011986,-0.4424625195441246,2.207785528508308,0.0,-0.446963964670851
Lira,2009,6,865.3,1711.4,train,-1.438065365949975,-0.12726836543381256,0.9706140574705185,0.4185247244611441,-0.7347306389609349,-0.18645528770063516,-1.1331300038396221,1.1412872170865718,2.594163494185287,-1.2037421040144005,-0.54554329923537,0.0,7.105427357601002e-15,0.0,-0.44095855184409843,-0.4454651972011986,-0.4424625195441246,2.207785528508308,0.0,-0.446963964670851
Lira,2009,7,794.68,1453.37,train,-1.438065365949975,0.15955237427551328,0.9706140574705185,0.4185247244611441,-0.8738165663602019,-0.2585926964262491,-1.2900176303492779,0.5410446185226141,0.7878475716676985,-1.2037421040144005,-0.7939376434446125,0.0,7.105427357601002e-15,0.0,-0.44095855184409843,-0.4454651972011986,-0.4424625195441246,2.207785528508308,0.0,-0.446963964670851
Lira,2009,8,711.33,1672.09,train,-1.438065365949975,0.4463731139848391,0.9706140574705185,0.4185247244611441,-0.9441270519295991,-0.3390619221060128,-1.2900176303492779,0.3505855028769444,1.834373030052968,-1.2037421040144005,-0.9802334016015445,0.0,7.105427357601002e-15,0.0,-0.44095855184409843,-0.4454651972011986,-0.4424625195441246,2.207785528508308,0.0,-0.446963964670851
Lira,2009,9,706.55,1768.46,train,-1.438065365949975,0.7331938536941649,0.9706140574705185,0.4185247244611441,-0.9356157826238299,-0.46919952756406846,-1.2507957237218639,0.18486803148294492,0.9287333411475105,-1.2037421040144005,-0.9802334016015445,0.0,7.105427357601002e-15,0.0,-0.44095855184409843,-0.4454651972011986,-0.4424625195441246,2.207785528508308,0.0,-0.446963964670851
Lira,2009,10,645.96,1587.95,train,-1.438065365949975,1.0200145934034908,0.9706140574705185,0.4185247244611441,-1.1250360683571339,-0.5639672262103105,-1.4076833502315194,0.2433717111197068,0.0177483926953934,-1.2037421040144005,-0.9802334016015445,0.0,7.105427357601002e-15,0.0,-0.44095855184409843,-0.4454651972011986,-0.4424625195441246,2.207785528508308,0.0,-0.446963964670851
Lira,2009,11,688.3,1414.93,train,-1.438065365949975,1.3068353331128166,0.9706140574705185,0.4185247244611441,-1.1099323344200043,-0.523625106054891,-1.4076833502315194,-0.10507311209131544,-0.16971749569102298,-1.2037421040144005,-0.9802334016015445,0.0,7.105427357601002e-15,0.0,-0.44095855184409843,-0.4454651972011986,-0.4424625195441246,2.207785528508308,0.0,-0.446963964670851
Lira,2009,12,659.52,1222.84,train,-1.438065365949975,1.5936560728221425,0.9706140574705185,0.4185247244611441,-1.1491170670209607,-0.49255549186457465,-1.4469052568589333,-0.3357373996459493,-0.6973709737969852,-1.2037421040144005,-0.7939376434446125,0.0,7.105427357601002e-15,0.0,-0.44095855184409843,-0.4454651972011986,-0.4424625195441246,2.207785528508308,0.0,-0.446963964670851
Lira,2010,1,746.95,1323.08,train,-1.2525029762733197,-1.5613720639804418,0.9706140574705185,0.4185247244611441,-0.9491707670737584,-0.2796641302715846,-1.2507957237218639,-0.040384021391636014,-0.6702628718103547,-1.0339005550164375,-0.7318390573923019,0.0,7.105427357601002e-15,0.0,-0.44095855184409843,-0.4454651972011986,-0.4424625195441246,2.207785528508308,0.0,-0.446963964670851
Lira,2010,2,693.12,1400.0,test,-1.2525029762733197,-1.274551324271116,0.9706140574705185,0.4185247244611441,-1.1066155434828124,-0.9464513780635915,-1.3292395369766918,-0.22594635327916268,-0.6248281656637487,-0.8074451563524864,-0.483444713183059,0.0,7.105427357601002e-15,0.0,-0.44095855184409843,-0.4454651972011986,-0.4424625195441246,2.207785528508308,0.0,-0.446963964670851
Lira,2010,3,840.11,1364.41,train,-1.2525029762733197,-0.9877305845617901,0.9706140574705185,0.4185247244611441,-0.9542007764702436,-0.23233403460623261,-1.2115738170944501,-0.10842354308372913,-0.5358677746372008,-0.6376036073545233,-0.23505036897381654,0.0,7.105427357601002e-15,0.0,-0.44095855184409843,-0.4454651972011986,-0.4424625195441246,2.207785528508308,0.0,-0.446963964670851
Lira,2010,4,776.0,1366.67,test,-1.2525029762733197,-0.7009098448524642,0.9706140574705185,0.4185247244611441,-1.1350823814024298,-0.6953411657970466,-1.3292395369766918,-0.04528080514977911,-0.5774844382504786,-0.4111482086905727,-0.048754610816884,0.0,7.105427357601002e-15,0.0,-0.44095855184409843,-0.4454651972011986,-0.4424625195441246,2.207785528508308,0.0,-0.446963964670851
Lira,2010,5,852.71,1543.75,train,-1.2525029762733197,-0.4140891051431384,0.9706140574705185,0.4185247244611441,-1.2468664594343988,-0.9447043841861087,-1.3292395369766918,-0.2055860418637257,-0.7588414585835698,-0.24130665969260917,0.13754114734004744,0.0,7.105427357601002e-15,0.0,-0.44095855184409843,-0.4454651972011986,-0.4424625195441246,2.207785528508308,0.0,-0.446963964670851
Lira,2010,6,825.31,1523.08,train,-1.2525029762733197,-0.12726836543381256,0.9706140574705185,0.4185247244611441,-1.2619016646331571,-1.1388088423889333,-1.3684614436041058,-0.44449754416891624,-0.8027489477168445,-0.0714651106946466,0.32383690549697997,0.0,7.105427357601002e-15,0.0,-0.44095855184409843,-0.4454651972011986,-0.4424625195441246,2.207785528508308,0.0,-0.446963964670851
Lira,2010,7,625.81,1280.85,train,-1.2525029762733197,0.15955237427551328,0.9706140574705185,0.4185247244611441,-1.4045373806800794,-1.3199317922406133,-1.643014789996003,-0.8730949857369118,-0.8359659177568,0.09837643830331697,0.5101326636539125,0.0,7.105427357601002e-15,0.0,-0.44095855184409843,-0.4454651972011986,-0.4424625195441246,2.207785528508308,0.0,-0.446963964670851
Lira,2010,8,470.26,1541.67,train,-1.2525029762733197,0.4463731139848391,0.9706140574705185,0.4185247244611441,-1.452349881442037,-1.5199222759691122,-1.7214586032508308,-1.198859968383903,-0.6805715866503409,0.26821798730128055,0.6343298357585334,0.0,7.105427357601002e-15,0.0,-0.44095855184409843,-0.4454651972011986,-0.4424625195441246,2.207785528508308,0.0,-0.446963964670851
Lira,2010,9,449.76,1550.0,train,-1.2525029762733197,0.7331938536941649,0.9706140574705185,0.4185247244611441,-1.4826875539192028,-1.2441928884444957,-1.7214586032508308,-1.2620027063178532,-0.8542925219167756,0.4380595362992431,0.7585270078631544,0.0,7.105427357601002e-15,0.0,-0.44095855184409843,-0.4454651972011986,-0.4424625195441246,2.207785528508308,0.0,-0.446963964670851
Lira,2010,10,435.67,1418.18,train,-1.2525029762733197,1.0200145934034908,0.9706140574705185,0.4185247244611441,-1.4900886576633499,-1.5707732362183147,-1.7606805098782448,-1.1643247566159465,-0.7909130158635268,0.6079010852972067,0.8827241799677764,0.0,7.105427357601002e-15,0.0,-0.44095855184409843,-0.4454651972011986,-0.4424625195441246,2.207785528508308,0.0,-0.446963964670851
Lira,2010,11,458.97,1300.9,train,-1.2525029762733197,1.3068353331128166,0.9706140574705185,0.4185247244611441,-1.3856371546371558,-2.190149757858317,-1.8391243231330725,-1.1841696171094738,-0.6904984972369944,0.7777426342951692,0.9448227660200869,0.0,7.105427357601002e-15,0.0,-0.44095855184409843,-0.4454651972011986,-0.4424625195441246,2.207785528508308,0.0,-0.446963964670851
Lira,2010,12,461.63,1318.18,train,-1.2525029762733197,1.5936560728221425,0.9706140574705185,0.4185247244611441,-1.3406823022653,-2.0521103647082604,-1.8391243231330725,-1.0988624895334027,-0.08495695145113615,0.9475841832931328,0.9448227660200869,0.0,7.105427357601002e-15,0.0,-0.44095855184409843,-0.4454651972011986,-0.4424625195441246,2.207785528508308,0.0,-0.446963964670851
Lira,2011,1,498.13,1550.0,test,-1.0669405865966646,-1.5613720639804418,0.9706140574705185,0.4185247244611441,-1.410156737226562,-2.1849894067125204,-1.7606805098782448,-1.183911891648519,0.27203002541505383,0.9475841832931328,0.9448227660200869,0.0,7.105427357601002e-15,0.0,-0.44095855184409843,-0.4454651972011986,-0.4424625195441246,2.207785528508308,0.0,-0.446963964670851
Lira,2011,2,614.01,1700.0,train,-1.0669405865966646,-1.274551324271116,0.9706140574705185,0.4185247244611441,-1.2645263153127944,-2.2041257088781823,-1.603792883368589,-0.6194931321572922,0.4354422458415024,0.9475841832931328,0.9448227660200869,0.0,7.105427357601002e-15,0.0,-0.44095855184409843,-0.4454651972011986,-0.4424625195441246,2.207785528508308,0.0,-0.446963964670851
Lira,2011,3,830.11,1700.0,train,-1.0669405865966646,-0.9877305845617901,0.9706140574705185,0.4185247244611441,-1.1195263577920467,-1.9268912189360419,-1.4076833502315194,-0.3560977110613862,0.5564741941480075,0.9475841832931328,0.9448227660200869,0.0,7.105427357601002e-15,0.0,-0.44095855184409843,-0.4454651972011986,-0.4424625195441246,2.207785528508308,0.0,-0.446963964670851
Lira,2011,4,733.33,1733.33,train,-1.0669405865966646,-0.7009098448524642,0.9706140574705185,0.4185247244611441,-1.1584164168180047,-1.473989775405746,-1.3684614436041058,-0.46717738473294723,0.641616542641227,0.9475841832931328,0.9448227660200869,0.0,7.105427357601002e-15,0.0,-0.44095855184409843,-0.4454651972011986,-0.4424625195441246,2.207785528508308,0.0,-0.446963964670851
Lira,2011,5,950.0,1833.33,train,-1.0669405865966646,-0.4140891051431384,0.9706140574705185,0.4185247244611441,-0.9674336758498253,-1.3595751148450395,-1.0939080972122082,-0.03136363025821459,0.3335005102016385,0.9475841832931328,0.9448227660200869,0.0,7.105427357601002e-15,0.0,-0.44095855184409843,-0.4454651972011986,-0.4424625195441246,2.207785528508308,0.0,-0.446963964670851
Lira,2011,6,1000.0,2000.0,test,-1.0669405865966646,-0.12726836543381256,0.9706140574705185,0.4185247244611441,-1.0696100247620772,-0.9497034743585987,-1.0546861905847942,0.220176419633766,0.812664848134332,0.9475841832931328,0.9448227660200869,0.0,7.105427357601002e-15,0.0,-0.44095855184409843,-0.4454651972011986,-0.4424625195441246,2.207785528508308,0.0,-0.446963964670851
Lira,2011,7,904.52,1500.0,test,-1.0669405865966646,0.15955237427551328,0.9706140574705185,0.4185247244611441,-0.9189495934518249,-0.603234273210356,-1.0546861905847942,0.8224808218853629,0.2705028084017226,0.9475841832931328,0.9448227660200869,0.0,7.105427357601002e-15,0.0,-0.44095855184409843,-0.4454651972011986,-0.4424625195441246,2.207785528508308,0.0,-0.446963964670851
Lira,2011,8,1050.0,1850.0,train,-1.0669405865966646,0.4463731139848391,0.9706140574705185,0.4185247244611441,-0.8539226736108884,-1.466786785264739,-0.9762423773299664,2.8518111014442304,0.3808442376149086,0.9475841832931328,0.9448227660200869,0.0,7.105427357601002e-15,0.0,-0.44095855184409843,-0.4454651972011986,-0.4424625195441246,2.207785528508308,0.0,-0.446963964670851
Lira,2011,9,700.0,1600.0,train,-1.0669405865966646,0.7331938536941649,0.9706140574705185,0.4185247244611441,-1.050764621709851,-1.7505792214546618,-1.2115738170944501,1.1085560835452999,-0.2594414952242365,0.9475841832931328,0.9448227660200869,0.0,7.105427357601002e-15,0.0,-0.44095855184409843,-0.4454651972011986,-0.4424625195441246,2.207785528508308,0.0,-0.446963964670851
Lira,2011,10,685.0,1350.0,train,-1.0669405865966646,1.0200145934034908,0.9706140574705185,0.4185247244611441,-1.109445780377565,-0.20220510942686856,-1.1723519104670361,1.1495344318371286,-0.5664121149038266,0.9475841832931328,0.9448227660200869,0.0,7.105427357601002e-15,0.0,-0.44095855184409843,-0.4454651972011986,-0.4424625195441246,2.207785528508308,0.0,-0.446963964670851
Lira,2011,11,747.0,1302.25,train,-1.0669405865966646,1.3068353331128166,0.9706140574705185,0.4185247244611441,-0.9562223742522096,0.6838433084037212,-1.0546861905847942,1.2917988862842322,-0.3789462265174103,0.9475841832931328,0.9448227660200869,0.0,7.105427357601002e-15,0.0,-0.44095855184409843,-0.4454651972011986,-0.4424625195441246,2.207785528508308,0.0,-0.446963964670851
Lira,2011,12,733.0,1367.0,train,-1.0669405865966646,1.5936560728221425,0.9706140574705185,0.4185247244611441,-0.9400427391226438,0.6868803900676538,-1.0154642839573804,1.1897396037460926,-0.2414966953175938,0.9475841832931328,0.9448227660200869,0.0,7.105427357601002e-15,0.0,-0.44095855184409843,-0.4454651972011986,-0.4424625195441246,2.207785528508308,0.0,-0.446963964670851
Lira,2012,1,600.0,1417.0,train,-0.8813781969200096,-1.5613720639804418,0.9706140574705185,0.4185247244611441,-0.9619445239062494,-0.19825421558086806,-1.1723519104670361,0.20162018644501328,-0.7103523184103011,0.9475841832931328,0.9448227660200869,0.0,7.105427357601002e-15,0.0,-0.44095855184409843,-0.4454651972011986,-0.4424625195441246,2.207785528508308,0.0,-0.446963964670851
Lira,2012,2,625.0,1500.0,train,-0.8813781969200096,-1.274551324271116,0.9706140574705185,0.4185247244611441,-0.9734025289620032,-0.3114056651840098,-1.2507957237218639,-0.27929552369682653,-0.831766070970139,0.9475841832931328,0.9448227660200869,0.0,7.105427357601002e-15,0.0,-0.44095855184409843,-0.4454651972011986,-0.4424625195441246,2.207785528508308,0.0,-0.446963964670851
Lira,2012,3,758.36,1500.0,train,-0.8813781969200096,-0.9877305845617901,0.9706140574705185,0.4185247244611441,-0.8262439161825457,-0.5228188011883603,-1.1723519104670361,-0.5481031794727853,-0.831766070970139,0.9475841832931328,0.9448227660200869,0.0,7.105427357601002e-15,0.0,-0.44095855184409843,-0.4454651972011986,-0.4424625195441246,2.207785528508308,0.0,-0.446963964670851
Lira,2012,4,833.0,1613.0,train,-0.8813781969200096,-0.7009098448524642,0.9706140574705185,0.4185247244611441,-0.43917304323749246,-0.21341274707164493,-0.9762423773299664,0.024820520229953187,-0.6477364208637181,0.9475841832931328,0.9448227660200869,0.0,7.105427357601002e-15,0.0,-0.44095855184409843,-0.4454651972011986,-0.4424625195441246,2.207785528508308,0.0,-0.446963964670851
Lira,2012,5,1067.0,2050.0,train,-0.8813781969200096,-0.4140891051431384,0.9706140574705185,0.4185247244611441,-0.17636533158190068,-0.5586993677489764,-0.6232452176832414,-0.00791061331131886,0.06852835838865894,0.9475841832931328,0.9448227660200869,0.0,7.105427357601002e-15,0.0,-0.44095855184409843,-0.4454651972011986,-0.4424625195441246,2.207785528508308,0.0,-0.446963964670851
Lira,2012,6,950.0,2250.0,train,-0.8813781969200096,-0.12726836543381256,0.9706140574705185,0.4185247244611441,0.04185758288904205,-0.6475272872117754,-0.5840233110558274,-0.45429111168520236,0.09449104761529092,0.9475841832931328,0.9448227660200869,0.0,7.105427357601002e-15,0.0,-0.44095855184409843,-0.4454651972011986,-0.4424625195441246,2.207785528508308,0.0,-0.446963964670851
Lira,2012,7,866.14,1475.0,train,-0.8813781969200096,0.15955237427551328,0.9706140574705185,0.4185247244611441,0.2543309362105969,-0.017131265729187516,-0.5840233110558274,-0.43470397665263016,-0.44652557935732007,0.9475841832931328,0.9448227660200869,0.0,7.105427357601002e-15,0.0,-0.44095855184409843,-0.4454651972011986,-0.4424625195441246,2.207785528508308,0.0,-0.446963964670851
Lira,2012,8,825.0,1425.0,train,-0.8813781969200096,0.4463731139848391,0.9706140574705185,0.4185247244611441,0.18090239304528644,-0.33989510380142834,-0.7016890309380692,-0.8777340440340999,-1.2597686389562341,0.9475841832931328,0.9448227660200869,0.0,7.105427357601002e-15,0.0,-0.44095855184409843,-0.4454651972011986,-0.4424625195441246,2.207785528508308,0.0,-0.446963964670851
Lira,2012,9,712.26,1400.0,test,-0.8813781969200096,0.7331938536941649,0.9706140574705185,0.4185247244611441,-0.5329409159515331,-0.04330929706255103,-1.0546861905847942,-0.2803264255406462,-0.860019585716768,0.9475841832931328,0.9448227660200869,0.0,7.105427357601002e-15,0.0,-0.44095855184409843,-0.4454651972011986,-0.4424625195441246,2.207785528508308,0.0,-0.446963964670851
Lira,2012,10,561.0,1400.0,train,-0.8813781969200096,1.0200145934034908,0.9706140574705185,0.4185247244611441,-0.49722373751218657,-0.20881680933242044,-1.0939080972122082,-0.7919114655361189,-0.2414966953175938,0.9475841832931328,0.9448227660200869,0.0,7.105427357601002e-15,0.0,-0.44095855184409843,-0.4454651972011986,-0.4424625195441246,2.207785528508308,0.0,-0.446963964670851
Lira,2012,11,683.0,1400.0,train,-0.8813781969200096,1.3068353331128166,0.9706140574705185,0.4185247244611441,-0.4584022072246007,0.019663113013497047,-0.9762423773299664,-0.5462991012461009,-0.09602927479778804,0.9475841832931328,0.9448227660200869,0.0,7.105427357601002e-15,0.0,-0.44095855184409843,-0.4454651972011986,-0.4424625195441246,2.207785528508308,0.0,-0.446963964670851
Lira,2012,12,717.0,1400.0,train,-0.8813781969200096,1.5936560728221425,0.9706140574705185,0.4185247244611441,-0.5161856394196448,0.42862094131786926,-1.0546861905847942,-0.38161253169592113,-0.29074944399752806,0.9475841832931328,0.9448227660200869,0.0,7.105427357601002e-15,0.0,-0.44095855184409843,-0.4454651972011986,-0.4424625195441246,2.207785528508308,0.0,-0.446963964670851
Lira,2013,1,650.0,1600.0,train,-0.6958158072433546,-1.5613720639804418,0.9706140574705185,0.4185247244611441,-0.5688431219844837,-0.37289984967141837,-1.0546861905847942,-0.11074307223232321,0.1101450220019367,0.9475841832931328,0.9448227660200869,0.0,7.105427357601002e-15,0.0,-0.44095855184409843,-0.4454651972011986,-0.4424625195441246,2.207785528508308,0.0,-0.446963964670851
Lira,2013,2,650.0,1900.0,train,-0.6958158072433546,-1.274551324271116,0.9706140574705185,0.4185247244611441,-0.5516424086531787,-0.22389471033654432,-0.9762423773299664,-0.2223381968257941,0.635507674587902,0.9475841832931328,0.9448227660200869,0.0,7.105427357601002e-15,0.0,-0.44095855184409843,-0.4454651972011986,-0.4424625195441246,2.207785528508308,0.0,-0.446963964670851
Lira,2013,3,900.0,2000.0,test,-0.6958158072433546,-0.9877305845617901,0.9706140574705185,0.4185247244611441,-0.5948840425657418,-0.23813942964525328,-0.9370204707025525,0.1560027798559963,0.8897893073075623,0.9475841832931328,0.9448227660200869,0.0,7.105427357601002e-15,0.0,-0.44095855184409843,-0.4454651972011986,-0.4424625195441246,2.207785528508308,0.0,-0.446963964670851
Lira,2013,4,804.25,2000.0,train,-0.6958158072433546,-0.7009098448524642,0.9706140574705185,0.4185247244611441,-0.34368509919032114,-0.4687157446441499,-0.8977985640751389,-0.41434366523719324,0.5331841346947052,0.9475841832931328,0.9448227660200869,0.0,7.105427357601002e-15,0.0,-0.44095855184409843,-0.4454651972011986,-0.4424625195441246,2.207785528508308,0.0,-0.446963964670851
Lira,2013,5,700.0,2161.8,train,-0.6958158072433546,-0.4140891051431384,0.9706140574705185,0.4185247244611441,-0.48947999007618076,-0.69289537436857,-0.9762423773299664,-1.2120039668926028,-0.1746809509843497,0.9475841832931328,0.9448227660200869,0.0,7.105427357601002e-15,0.0,-0.44095855184409843,-0.4454651972011986,-0.4424625195441246,2.207785528508308,0.0,-0.446963964670851
Lira,2013,6,900.0,2000.0,train,-0.6958158072433546,-0.12726836543381256,0.9706140574705185,0.4185247244611441,-0.5498743672031882,-0.3208125552935347,-0.9370204707025525,-0.46099197367002975,-0.8069487945035054,0.9475841832931328,0.9448227660200869,0.0,7.105427357601002e-15,0.0,-0.44095855184409843,-0.4454651972011986,-0.4424625195441246,2.207785528508308,0.0,-0.446963964670851
Lira,2013,7,753.2,1986.6,train,-0.6958158072433546,0.15955237427551328,0.9706140574705185,0.4185247244611441,-0.6932570464983631,-0.6210536107606842,-1.0154642839573804,-0.6615023822929404,0.9413328815074936,0.9475841832931328,0.9448227660200869,0.0,7.105427357601002e-15,0.0,-0.44095855184409843,-0.4454651972011986,-0.4424625195441246,2.207785528508308,0.0,-0.446963964670851
Lira,2013,8,650.0,2283.25,test,-0.6958158072433546,0.4463731139848391,0.9706140574705185,0.4185247244611441,-0.5453788819660028,-0.6677386625328122,-0.8977985640751389,-0.8720640838930922,1.9168427487728577,0.9475841832931328,0.9448227660200869,0.0,7.105427357601002e-15,0.0,-0.44095855184409843,-0.4454651972011986,-0.4424625195441246,2.207785528508308,0.0,-0.446963964670851
Lira,2013,9,700.0,2483.5,test,-0.6958158072433546,0.7331938536941649,0.9706140574705185,0.4185247244611441,-0.24419507682224123,-0.6539777261440213,-0.6624671243106554,-0.3697571604919958,2.5720188474919827,0.9475841832931328,0.9448227660200869,0.0,7.105427357601002e-15,0.0,-0.44095855184409843,-0.4454651972011986,-0.4424625195441246,2.207785528508308,0.0,-0.446963964670851
Lira,2013,10,787.0,1813.0,train,-0.6958158072433546,1.0200145934034908,0.9706140574705185,0.4185247244611441,-0.11745802807755994,-0.19357764735498995,-0.7409109375654832,0.7129475009795312,0.743558278281091,0.9475841832931328,0.9448227660200869,0.0,7.105427357601002e-15,0.0,-0.44095855184409843,-0.4454651972011986,-0.4424625195441246,2.207785528508308,0.0,-0.446963964670851
Lira,2013,11,834.0,1500.0,train,-0.6958158072433546,1.3068353331128166,0.9706140574705185,0.4185247244611441,-0.2424681526152733,0.12233259935173942,-0.7409109375654832,0.24440261296352636,-0.11015603217110251,0.9475841832931328,0.9448227660200869,0.0,7.105427357601002e-15,0.0,-0.44095855184409843,-0.4454651972011986,-0.4424625195441246,2.207785528508308,0.0,-0.446963964670851
Lira,2013,12,800.0,1500.0,train,-0.6958158072433546,1.5936560728221425,0.9706140574705185,0.4185247244611441,-0.0076475777106969085,0.0392294444413087,-0.7409109375654832,-0.026982297421981327,-0.11015603217110251,0.9475841832931328,0.9448227660200869,0.0,7.105427357601002e-15,0.0,-0.44095855184409843,-0.4454651972011986,-0.4424625195441246,2.207785528508308,0.0,-0.446963964670851
Lira,2014,1,733.0,1844.0,train,-0.5102534175666995,-1.5613720639804418,0.9706140574705185,0.4185247244611441,-0.21426172390146853,-0.52115243779753,-0.7016890309380692,0.003687032431651536,0.1994872172818174,0.9475841832931328,0.9448227660200869,0.0,7.105427357601002e-15,0.0,-0.44095855184409843,-0.4454651972011986,-0.4424625195441246,2.207785528508308,0.0,-0.446963964670851
Lira,2014,2,750.0,2000.0,train,-0.5102534175666995,-1.274551324271116,0.9706140574705185,0.4185247244611441,-0.43314936713461727,-0.8384065259484778,-0.7801328441928972,0.07095337774087997,-0.18193523179767335,0.9475841832931328,0.9448227660200869,0.0,7.105427357601002e-15,0.0,-0.44095855184409843,-0.4454651972011986,-0.4424625195441246,2.207785528508308,0.0,-0.446963964670851
Lira,2014,3,796.0,2000.0,train,-0.5102534175666995,-0.9877305845617901,0.9706140574705185,0.4185247244611441,-0.26812531226165004,-0.5402618631343079,-0.7409109375654832,-0.6233590140716155,-0.3827642690507385,0.9475841832931328,0.9448227660200869,0.0,7.105427357601002e-15,0.0,-0.44095855184409843,-0.4454651972011986,-0.4424625195441246,2.207785528508308,0.0,-0.446963964670851
Lira,2014,4,830.0,2144.38,train,-0.5102534175666995,-0.7009098448524642,0.9706140574705185,0.4185247244611441,-0.14869342702739527,-0.058225937093368915,-0.5840233110558274,-0.24295623370218591,-0.10710159814443992,0.9475841832931328,0.9448227660200869,0.0,7.105427357601002e-15,0.0,-0.44095855184409843,-0.4454651972011986,-0.4424625195441246,2.207785528508308,0.0,-0.446963964670851
Lira,2014,5,888.0,2067.33,train,-0.5102534175666995,-0.4140891051431384,0.9706140574705185,0.4185247244611441,-0.08476981987424395,0.18441807407460392,-0.5448014044284135,0.366822206917103,-0.5496127277571825,0.9475841832931328,0.9448227660200869,0.0,7.105427357601002e-15,0.0,-0.44095855184409843,-0.4454651972011986,-0.4424625195441246,2.207785528508308,0.0,-0.446963964670851
Lira,2014,6,900.0,1750.0,train,-0.5102534175666995,-0.12726836543381256,0.9706140574705185,0.4185247244611441,-0.19989810033875352,0.6069755777944611,-0.5840233110558274,-0.32542838120775336,-0.860019585716768,0.9475841832931328,0.9448227660200869,0.0,7.105427357601002e-15,0.0,-0.44095855184409843,-0.4454651972011986,-0.4424625195441246,2.207785528508308,0.0,-0.446963964670851
Lira,2014,7,800.0,1680.0,train,-0.5102534175666995,0.15955237427551328,0.9706140574705185,0.4185247244611441,-0.1068018092607555,0.29724700173113366,-0.6624671243106554,-0.16538086995476162,-0.9718882319432852,0.9475841832931328,0.9448227660200869,0.0,7.105427357601002e-15,0.0,-0.44095855184409843,-0.4454651972011986,-0.4424625195441246,2.207785528508308,0.0,-0.446963964670851
Lira,2014,8,600.0,1687.5,train,-0.5102534175666995,0.4463731139848391,0.9706140574705185,0.4185247244611441,-0.2754030642767279,-0.06722967476962881,-0.7016890309380692,-0.52361926068207,-1.378891565996075,0.9475841832931328,0.9448227660200869,0.0,7.105427357601002e-15,0.0,-0.44095855184409843,-0.4454651972011986,-0.4424625195441246,2.207785528508308,0.0,-0.446963964670851
Lira,2014,9,600.0,1712.5,train,-0.5102534175666995,0.7331938536941649,0.9706140574705185,0.4185247244611441,-0.524265177673672,-0.10157826208383668,-0.7409109375654832,-0.6937180649123027,-1.5678846713958228,0.9475841832931328,0.9448227660200869,0.0,7.105427357601002e-15,0.0,-0.44095855184409843,-0.4454651972011986,-0.4424625195441246,2.207785528508308,0.0,-0.446963964670851
Lira,2014,10,588.0,1563.0,train,-0.5102534175666995,1.0200145934034908,0.9706140574705185,0.4185247244611441,-0.29062329706908957,0.35946686059841926,-0.7409109375654832,-0.9772160719626906,-0.9092723343967022,0.9475841832931328,0.9448227660200869,0.0,7.105427357601002e-15,0.0,-0.44095855184409843,-0.4454651972011986,-0.4424625195441246,2.207785528508308,0.0,-0.446963964670851
Lira,2014,11,487.5,1550.0,test,-0.5102534175666995,1.3068353331128166,0.9706140574705185,0.4185247244611441,-0.5548221421136273,0.518900209540424,-0.7801328441928972,-1.3962776714753549,-0.25562345269090825,0.9475841832931328,0.9448227660200869,0.0,7.105427357601002e-15,0.0,-0.44095855184409843,-0.4454651972011986,-0.4424625195441246,2.207785528508308,0.0,-0.446963964670851
Lira,2014,12,500.0,1525.0,train,-0.5102534175666995,1.5936560728221425,0.9706140574705185,0.4185247244611441,-0.6177452296865513,0.8069123078651907,-0.7801328441928972,-1.2918988597886212,-0.31900295874415696,0.9475841832931328,0.9448227660200869,0.0,7.105427357601002e-15,0.0,-0.44095855184409843,-0.4454651972011986,-0.4424625195441246,2.207785528508308,0.0,-0.446963964670851
Lira,2015,1,550.0,1900.0,train,-0.3246910278900444,-1.5613720639804418,0.9706140574705185,0.4185247244611441,-0.8421288777371133,1.1138994473823145,-0.7016890309380692,-0.9689688572121339,-0.2666957760375602,0.9475841832931328,0.9448227660200869,0.0,7.105427357601002e-15,0.0,-0.44095855184409843,-0.4454651972011986,-0.4424625195441246,2.207785528508308,0.0,-0.446963964670851
Lira,2015,2,600.0,2100.0,train,-0.3246910278900444,-1.274551324271116,0.9706140574705185,0.4185247244611441,-0.8421288777371133,1.604965987928396,-0.6624671243106554,-0.8408793031175495,-0.19186214238432675,0.9475841832931328,0.9448227660200869,0.0,7.105427357601002e-15,0.0,-0.44095855184409843,-0.4454651972011986,-0.4424625195441246,2.207785528508308,0.0,-0.446963964670851
Lira,2015,3,650.0,2116.64,train,-0.3246910278900444,-0.9877305845617901,0.9706140574705185,0.4185247244611441,-0.8421288777371133,3.595517688761628,-0.6232452176832414,-0.7980968765990365,-0.1601723893577024,0.9475841832931328,0.9448227660200869,0.0,7.105427357601002e-15,0.0,-0.44095855184409843,-0.4454651972011986,-0.4424625195441246,2.207785528508308,0.0,-0.446963964670851
Lira,2015,4,676.44,2270.94,train,-0.3246910278900444,-0.7009098448524642,0.9706140574705185,0.4185247244611441,-0.8421288777371133,0.6272138299443817,-0.7016890309380692,-0.8022204839743148,-0.1574997595843726,0.9475841832931328,0.9448227660200869,0.0,7.105427357601002e-15,0.0,-0.44095855184409843,-0.4454651972011986,-0.4424625195441246,2.207785528508308,0.0,-0.446963964670851
Lira,2015,5,794.79,2376.76,train,-0.3246910278900444,-0.4140891051431384,0.9706140574705185,0.4185247244611441,-0.8421288777371133,2.771527868825018,-0.5055794978009995,-0.5960401152103963,0.18879669818849837,0.9475841832931328,0.9448227660200869,0.0,7.105427357601002e-15,0.0,-0.44095855184409843,-0.4454651972011986,-0.4424625195441246,2.207785528508308,0.0,-0.446963964670851
Lira,2015,6,897.44,2267.0,train,-0.3246910278900444,-0.12726836543381256,0.9706140574705185,0.4185247244611441,-0.9565718708179055,3.206556221147216,-0.5840233110558274,-0.3326446941144905,0.7450854952944223,0.9475841832931328,0.9448227660200869,0.0,7.105427357601002e-15,0.0,-0.44095855184409843,-0.4454651972011986,-0.4424625195441246,2.207785528508308,0.0,-0.446963964670851
Lira,2015,7,988.0,2006.43,train,-0.3246910278900444,0.15955237427551328,0.9706140574705185,0.4185247244611441,-0.8421288777371133,3.377627236996147,-0.5840233110558274,0.28022645203625723,0.35908139517493765,0.9475841832931328,0.9448227660200869,0.0,7.105427357601002e-15,0.0,-0.44095855184409843,-0.4454651972011986,-0.4424625195441246,2.207785528508308,0.0,-0.446963964670851
Lira,2015,8,1000.0,2050.0,train,-0.3246910278900444,0.4463731139848391,0.9706140574705185,0.4185247244611441,-0.49948518587845386,3.3423379606709864,-0.7016890309380692,1.3928272669785524,0.4373512671081665,0.9475841832931328,0.9448227660200869,0.0,7.105427357601002e-15,0.0,-0.44095855184409843,-0.4454651972011986,-0.4424625195441246,2.207785528508308,0.0,-0.446963964670851
Lira,2015,9,825.0,2250.0,test,-0.3246910278900444,0.7331938536941649,0.9706140574705185,0.4185247244611441,-0.8421288777371133,2.906530180311141,-0.7409109375654832,0.6410420973731146,0.8157192821609947,0.9475841832931328,0.9448227660200869,0.0,7.105427357601002e-15,0.0,-0.44095855184409843,-0.4454651972011986,-0.4424625195441246,2.207785528508308,0.0,-0.446963964670851
Lira,2015,10,700.0,2500.0,train,-0.3246910278900444,1.0200145934034908,0.9706140574705185,0.4185247244611441,-0.8421288777371133,2.1223718207811486,-0.6624671243106554,0.16553862191132757,1.9061522296795388,0.9475841832931328,0.9448227660200869,0.0,7.105427357601002e-15,0.0,-0.44095855184409843,-0.4454651972011986,-0.4424625195441246,2.207785528508308,0.0,-0.446963964670851
Lira,2015,11,1000.0,2500.0,train,-0.3246910278900444,1.3068353331128166,0.9706140574705185,0.4185247244611441,-0.8421288777371133,1.4363945171657106,-0.5055794978009995,2.3840393898110905,1.957313999626137,0.9475841832931328,0.9448227660200869,0.0,7.105427357601002e-15,0.0,-0.44095855184409843,-0.4454651972011986,-0.4424625195441246,2.207785528508308,0.0,-0.446963964670851
Lira,2015,12,900.0,2533.0,train,-0.3246910278900444,1.5936560728221425,0.9706140574705185,0.4185247244611441,-0.8421288777371133,0.7472726245708029,-0.3879137779187582,1.7363753064314316,2.140961845479225,0.9475841832931328,0.9448227660200869,0.0,7.105427357601002e-15,0.0,-0.44095855184409843,-0.4454651972011986,-0.4424625195441246,2.207785528508308,0.0,-0.446963964670851
Lira,2016,1,850.0,2600.0,train,-0.13912863821338933,-1.5613720639804418,0.9706140574705185,0.4185247244611441,-0.7218061189040265,1.3893600666180863,-0.4271356845461717,1.0804640083012158,1.0238026002273837,0.9475841832931328,0.9448227660200869,0.0,7.105427357601002e-15,0.0,-0.44095855184409843,-0.4454651972011986,-0.4424625195441246,2.207785528508308,0.0,-0.446963964670851
Lira,2016,2,1000.0,2575.0,train,-0.13912863821338933,-1.274551324271116,0.9706140574705185,0.4185247244611441,-0.6139076203377347,0.6140979374488152,-0.3879137779187582,1.3928272669785524,0.4808769519881084,0.9475841832931328,0.9448227660200869,0.0,7.105427357601002e-15,0.0,-0.44095855184409843,-0.4454651972011986,-0.4424625195441246,2.207785528508308,0.0,-0.446963964670851
Lira,2016,3,1000.0,2100.0,test,-0.13912863821338933,-0.9877305845617901,0.9706140574705185,0.4185247244611441,-0.5242446190521607,3.029196027339346,-0.4663575911735856,1.0624232260343731,-0.41292680506403157,0.9475841832931328,0.9448227660200869,0.0,7.105427357601002e-15,0.0,-0.44095855184409843,-0.4454651972011986,-0.4424625195441246,2.207785528508308,0.0,-0.446963964670851
Lira,2016,4,1000.0,2500.0,train,-0.13912863821338933,-0.7009098448524642,0.9706140574705185,0.4185247244611441,-0.5027677124464598,3.080396386364045,-0.3094699646639303,0.9072724985395243,0.002476222562080445,0.9475841832931328,0.9448227660200869,0.0,7.105427357601002e-15,0.0,-0.44095855184409843,-0.4454651972011986,-0.4424625195441246,2.207785528508308,0.0,-0.446963964670851
Lira,2016,5,835.11,2375.0,train,-0.13912863821338933,-0.4140891051431384,0.9706140574705185,0.4185247244611441,-0.5928830034052872,1.423171117354607,-0.5448014044284135,-0.19476157250362,-0.3854368988240683,0.9475841832931328,0.9448227660200869,0.0,7.105427357601002e-15,0.0,-0.44095855184409843,-0.4454651972011986,-0.4424625195441246,2.207785528508308,0.0,-0.446963964670851
Lira,2016,6,1025.0,2500.0,train,-0.13912863821338933,-0.12726836543381256,0.9706140574705185,0.4185247244611441,-0.6339522763114663,1.3989282177009172,-0.3094699646639303,0.0407994988091569,0.009730503375404074,0.9475841832931328,0.9448227660200869,0.0,7.105427357601002e-15,0.0,-0.44095855184409843,-0.4454651972011986,-0.4424625195441246,2.207785528508308,0.0,-0.446963964670851
Lira,2016,7,1033.0,2275.0,train,-0.13912863821338933,0.15955237427551328,0.9706140574705185,0.4185247244611441,-0.5918893366988972,1.6514360250694498,-0.19180424478168848,-0.20816329647327472,0.12847162616191224,0.9475841832931328,0.9448227660200869,0.0,7.105427357601002e-15,0.0,-0.44095855184409843,-0.4454651972011986,-0.4424625195441246,2.207785528508308,0.0,-0.446963964670851
Lira,2016,8,1000.0,2367.0,train,-0.13912863821338933,0.4463731139848391,0.9706140574705185,0.4185247244611441,-0.8421288777371133,1.279756358427679,-0.27024805803651636,-0.32542838120775336,0.20750510660180674,0.9475841832931328,0.9448227660200869,0.0,7.105427357601002e-15,0.0,-0.44095855184409843,-0.4454651972011986,-0.4424625195441246,2.207785528508308,0.0,-0.446963964670851
Lira,2016,9,1000.0,2500.0,train,-0.13912863821338933,0.7331938536941649,0.9706140574705185,0.4185247244611441,-0.8421288777371133,0.9858851114061229,-0.23102615140910243,0.22120732147758557,0.041420256402028434,0.9475841832931328,0.9448227660200869,0.0,7.105427357601002e-15,0.0,-0.44095855184409843,-0.4454651972011986,-0.4424625195441246,2.207785528508308,0.0,-0.446963964670851
Lira,2016,10,1076.39,2500.0,train,-0.13912863821338933,1.0200145934034908,0.9706140574705185,0.4185247244611441,-0.8300129967929909,1.1523064358580601,0.043527194982795156,1.060361422346734,-0.3827642690507385,0.8343564839611577,0.9448227660200869,0.0,7.105427357601002e-15,0.0,-0.44095855184409843,-0.4454651972011986,-0.4424625195441246,2.207785528508308,0.0,-0.446963964670851
Lira,2016,11,1100.0,2250.0,train,-0.13912863821338933,1.3068353331128166,0.9706140574705185,0.4185247244611441,-0.8421288777371133,1.196465065715058,-0.1133604315268606,-0.06770292025285522,-0.7645685223835621,0.8343564839611577,0.9448227660200869,0.0,7.105427357601002e-15,0.0,-0.44095855184409843,-0.4454651972011986,-0.4424625195441246,2.207785528508308,0.0,-0.446963964670851
Lira,2016,12,1200.0,2375.0,train,-0.13912863821338933,1.5936560728221425,0.9706140574705185,0.4185247244611441,-0.8421288777371133,2.845466025085883,0.16119291486503654,0.5335705801549221,-0.6210101231304205,0.8343564839611577,0.9448227660200869,0.0,7.105427357601002e-15,0.0,-0.44095855184409843,-0.4454651972011986,-0.4424625195441246,2.207785528508308,0.0,-0.446963964670851
Lira,2017,1,1200.0,2533.0,train,0.04643375146326575,-1.5613720639804418,0.9706140574705185,0.4185247244611441,-0.8421288777371133,3.110256543254566,0.2004148214924505,0.7358850670045171,-0.481269766410607,0.8343564839611577,0.9448227660200869,0.0,7.105427357601002e-15,0.0,-0.44095855184409843,-0.4454651972011986,-0.4424625195441246,2.207785528508308,0.0,-0.446963964670851
Lira,2017,2,1300.0,2700.0,test,0.04643375146326575,-1.274551324271116,0.9706140574705185,0.4185247244611441,-0.49948518587845386,2.893548671959997,0.35730244800210625,0.447748001656941,-0.1975892061843191,0.8343564839611577,0.9448227660200869,0.0,7.105427357601002e-15,0.0,-0.44095855184409843,-0.4454651972011986,-0.4424625195441246,2.207785528508308,0.0,-0.446963964670851
Lira,2017,3,1400.0,2700.0,train,0.04643375146326575,-0.9877305845617901,0.9706140574705185,0.4185247244611441,-0.6139281789592461,3.0251913798355763,0.3965243546295202,0.7054734626118392,0.7080504827211384,0.8343564839611577,0.9448227660200869,0.0,7.105427357601002e-15,0.0,-0.44095855184409843,-0.4454651972011986,-0.4424625195441246,2.207785528508308,0.0,-0.446963964670851
Lira,2017,4,1775.0,3000.0,train,0.04643375146326575,-0.7009098448524642,0.9706140574705185,0.4185247244611441,-0.8274637277255629,1.1357234324364118,0.6710777010214177,1.671943941192707,0.3808442376149086,0.8343564839611577,0.9448227660200869,0.0,7.105427357601002e-15,0.0,-0.44095855184409843,-0.4454651972011986,-0.4424625195441246,2.207785528508308,0.0,-0.446963964670851
Lira,2017,5,2000.0,3133.0,train,0.04643375146326575,-0.4140891051431384,0.9706140574705185,0.4185247244611441,-0.15684149401979441,0.31702834779002,1.0632967672955562,3.2695840736521204,0.8359549075876344,0.8343564839611577,0.9448227660200869,0.0,7.105427357601002e-15,0.0,-0.44095855184409843,-0.4454651972011986,-0.4424625195441246,2.207785528508308,0.0,-0.446963964670851
Lira,2017,6,1582.55,2478.24,train,0.04643375146326575,-0.12726836543381256,0.9706140574705185,0.4185247244611441,-0.35456060996991556,1.4192739771663758,0.5534119811391759,1.0765981263868925,-0.4159812390906941,0.6645149349631941,0.9448227660200869,0.0,7.105427357601002e-15,0.0,-0.44095855184409843,-0.4454651972011986,-0.4424625195441246,2.207785528508308,0.0,-0.446963964670851
Lira,2017,7,1329.04,2500.0,train,0.04643375146326575,0.15955237427551328,0.9706140574705185,0.4185247244611441,-0.25313122430591506,1.218047159309197,0.3180805413746923,0.4132127898889846,-0.005159862504575999,0.5512872356312192,0.9448227660200869,0.0,7.105427357601002e-15,0.0,-0.44095855184409843,-0.4454651972011986,-0.4424625195441246,2.207785528508308,0.0,-0.446963964670851
Lira,2017,8,1133.0,2500.0,train,0.04643375146326575,0.4463731139848391,0.9706140574705185,0.4185247244611441,-0.15684149401979441,0.8418521854148546,0.004305288355381218,0.017346481862261166,-0.16819027867769168,0.5512872356312192,0.9448227660200869,0.0,7.105427357601002e-15,0.0,-0.44095855184409843,-0.4454651972011986,-0.4424625195441246,2.207785528508308,0.0,-0.446963964670851
Lira,2017,9,1200.0,2181.25,train,0.04643375146326575,0.7331938536941649,0.9706140574705185,0.4185247244611441,-0.15684149401979441,2.55914716698083,0.004305288355381218,0.19002254070204289,-0.8695646920500886,0.5512872356312192,0.9448227660200869,0.0,7.105427357601002e-15,0.0,-0.44095855184409843,-0.4454651972011986,-0.4424625195441246,2.207785528508308,0.0,-0.446963964670851
Lira,2017,10,969.73,2300.0,train,0.04643375146326575,1.0200145934034908,0.9706140574705185,0.4185247244611441,-0.15684149401979441,1.3774536314223167,0.004305288355381218,-0.5808343130140574,-0.6882076717169974,0.5512872356312192,0.9448227660200869,0.0,7.105427357601002e-15,0.0,-0.44095855184409843,-0.4454651972011986,-0.4424625195441246,2.207785528508308,0.0,-0.446963964670851
Lira,2017,11,743.94,2067.0,train,0.04643375146326575,1.3068353331128166,0.9706140574705185,0.4185247244611441,-0.15684149401979441,2.0148645052437217,-0.23102615140910243,-1.1596856983187585,-0.6931711270103241,0.5512872356312192,0.9448227660200869,0.0,7.105427357601002e-15,0.0,-0.44095855184409843,-0.4454651972011986,-0.4424625195441246,2.207785528508308,0.0,-0.446963964670851
Lira,2017,12,900.0,2000.0,train,0.04643375146326575,1.5936560728221425,0.9706140574705185,0.4185247244611441,-0.15684149401979441,2.3583503783858015,-0.15258233815427455,-0.9697420335949986,-0.9856331850632669,0.5512872356312192,0.9448227660200869,0.0,7.105427357601002e-15,0.0,-0.44095855184409843,-0.4454651972011986,-0.4424625195441246,2.207785528508308,0.0,-0.446963964670851
Lira,2018,1,1000.0,2500.0,train,0.23199614113992081,-1.5613720639804418,0.9706140574705185,0.4185247244611441,-0.15684149401979441,2.2543101737744564,0.12197100823762261,-0.7550567246195685,-0.4323988219840056,0.5512872356312192,0.9448227660200869,0.0,7.105427357601002e-15,0.0,-0.44095855184409843,-0.4454651972011986,-0.4424625195441246,2.207785528508308,0.0,-0.446963964670851
Lira,2018,2,1000.0,2500.0,train,0.23199614113992081,-1.274551324271116,0.9706140574705185,0.4185247244611441,-0.15684149401979441,2.277289862470581,-0.03491661827203272,-0.9202587450916581,-0.6656812207703607,0.5512872356312192,0.9448227660200869,0.0,7.105427357601002e-15,0.0,-0.44095855184409843,-0.4454651972011986,-0.4424625195441246,2.207785528508308,0.0,-0.446963964670851
Lira,2018,3,900.0,2500.0,train,0.23199614113992081,-0.9877305845617901,0.9706140574705185,0.4185247244611441,-0.15684149401979441,2.2185639913582613,-0.03491661827203272,-1.2457660022776944,-0.6656812207703607,0.5512872356312192,0.9448227660200869,0.0,7.105427357601002e-15,0.0,-0.44095855184409843,-0.4454651972011986,-0.4424625195441246,2.207785528508308,0.0,-0.446963964670851
Lira,2018,4,800.0,2400.0,train,0.23199614113992081,-0.7009098448524642,0.9706140574705185,0.4185247244611441,-0.15684149401979441,1.4292184038535873,-0.07413852489944667,-1.7411143382330088,-1.1463727757163857,0.5512872356312192,0.9448227660200869,0.0,7.105427357601002e-15,0.0,-0.44095855184409843,-0.4454651972011986,-0.4424625195441246,2.207785528508308,0.0,-0.446963964670851
Lira,2018,5,800.0,2026.87,train,0.23199614113992081,-0.4140891051431384,0.9706140574705185,0.4185247244611441,-0.15684149401979441,1.5316459987318713,-0.19180424478168848,-1.871781146937142,-1.7309150875689385,0.5512872356312192,0.9448227660200869,0.0,7.105427357601002e-15,0.0,-0.44095855184409843,-0.4454651972011986,-0.4424625195441246,2.207785528508308,0.0,-0.446963964670851
Lira,2018,6,800.0,2300.0,train,0.23199614113992081,-0.12726836543381256,0.9706140574705185,0.4185247244611441,-0.15684149401979441,1.5282595182924417,-0.15258233815427455,-1.5998807856297246,-0.6572815271970387,0.6645149349631941,0.9448227660200869,0.0,7.105427357601002e-15,0.0,-0.44095855184409843,-0.4454651972011986,-0.4424625195441246,2.207785528508308,0.0,-0.446963964670851
Lira,2018,7,727.58,1808.15,train,0.23199614113992081,0.15955237427551328,0.9706140574705185,0.4185247244611441,-0.24600423551525455,1.7801760354255178,-0.3094699646639303,-1.4918938174896221,-1.4392166380226614,0.6645149349631941,0.9448227660200869,0.0,7.105427357601002e-15,0.0,-0.44095855184409843,-0.4454651972011986,-0.4424625195441246,2.207785528508308,0.0,-0.446963964670851
Lira,2018,8,633.78,1920.0,train,0.23199614113992081,0.4463731139848391,0.9706140574705185,0.4185247244611441,-0.11214019797991401,0.7182994030334671,-0.5055794978009995,-1.4609667621750344,-1.268550136782889,0.5512872356312192,0.9448227660200869,0.0,7.105427357601002e-15,0.0,-0.44095855184409843,-0.4454651972011986,-0.4424625195441246,2.207785528508308,0.0,-0.446963964670851
Lira,2018,9,606.27,2000.0,train,0.23199614113992081,0.7331938536941649,0.9706140574705185,0.4185247244611441,-0.366189936871598,0.9711566091774954,-0.5840233110558274,-1.600653962012589,-0.700043603570315,0.4380595362992431,0.9448227660200869,0.0,7.105427357601002e-15,0.0,-0.44095855184409843,-0.4454651972011986,-0.4424625195441246,2.207785528508308,0.0,-0.446963964670851
Lira,2018,10,600.0,2400.0,train,0.23199614113992081,1.0200145934034908,0.9706140574705185,0.4185247244611441,-0.49948518587845386,3.0899376606179922,-0.5055794978009995,-1.30813556382878,-0.2166794188509603,0.5512872356312192,0.9448227660200869,0.0,7.105427357601002e-15,0.0,-0.44095855184409843,-0.4454651972011986,-0.4424625195441246,2.207785528508308,0.0,-0.446963964670851
Lira,2018,11,483.0,2233.0,test,0.23199614113992081,1.3068353331128166,0.9706140574705185,0.4185247244611441,-0.49948518587845386,2.4940783642518034,-0.7016890309380692,-1.2295292982375359,-0.07617545362448122,0.5512872356312192,0.9448227660200869,0.0,7.105427357601002e-15,0.0,-0.44095855184409843,-0.4454651972011986,-0.4424625195441246,2.207785528508308,0.0,-0.446963964670851
Lira,2018,12,613.83,2365.78,train,0.23199614113992081,1.5936560728221425,0.9706140574705185,0.4185247244611441,-0.4720805434035984,0.5321236093515271,-0.7016890309380692,-1.1449953470443295,0.31555571029499574,0.4380595362992431,0.9448227660200869,0.0,7.105427357601002e-15,0.0,-0.44095855184409843,-0.4454651972011986,-0.4424625195441246,2.207785528508308,0.0,-0.446963964670851
Lira,2019,1,586.62,2688.0,train,0.4175585308165759,-1.5613720639804418,0.9706140574705185,0.4185247244611441,-0.4652208166925879,0.7858946276776233,-0.7016890309380692,-1.3908654367953022,-0.09564747054445522,0.4380595362992431,0.9448227660200869,0.0,7.105427357601002e-15,0.0,-0.44095855184409843,-0.4454651972011986,-0.4424625195441246,2.207785528508308,0.0,-0.446963964670851
Lira,2019,2,733.0,3006.44,train,0.4175585308165759,-1.274551324271116,0.9706140574705185,0.4185247244611441,-0.4652208166925879,0.6936533509465117,-0.5448014044284135,-1.0135553619573312,0.39077114820156206,0.4380595362992431,0.9448227660200869,0.0,7.105427357601002e-15,0.0,-0.44095855184409843,-0.4454651972011986,-0.4424625195441246,2.207785528508308,0.0,-0.446963964670851
Lira,2019,3,950.0,3000.0,test,0.4175585308165759,-0.9877305845617901,0.9706140574705185,0.4185247244611441,-0.49948518587845386,0.9988934965861508,-0.3879137779187582,-0.18213302491683,0.3808442376149086,0.4380595362992431,0.9448227660200869,0.0,7.105427357601002e-15,0.0,-0.44095855184409843,-0.4454651972011986,-0.4424625195441246,2.207785528508308,0.0,-0.446963964670851
Lira,2019,4,1350.0,3200.0,train,0.4175585308165759,-0.7009098448524642,0.9706140574705185,0.4185247244611441,-0.15684149401979441,0.6791398633489588,-0.07413852489944667,1.4464341628571713,0.8897893073075623,0.4380595362992431,0.9448227660200869,0.0,7.105427357601002e-15,0.0,-0.44095855184409843,-0.4454651972011986,-0.4424625195441246,2.207785528508308,0.0,-0.446963964670851
Lira,2019,5,1550.0,3500.0,train,0.4175585308165759,-0.4140891051431384,0.9706140574705185,0.4185247244611441,-0.15684149401979441,1.5429342668633006,0.3180805413746923,2.0907478152444163,2.3921890441722233,0.4380595362992431,0.9448227660200869,0.0,7.105427357601002e-15,0.0,-0.44095855184409843,-0.4454651972011986,-0.4424625195441246,2.207785528508308,0.0,-0.446963964670851
Lira,2019,6,1600.0,3450.0,train,0.4175585308165759,-0.12726836543381256,0.9706140574705185,0.4185247244611441,-0.15684149401979441,1.6330522741125495,0.35730244800210625,2.2518262283412276,1.5262569976133793,0.38144568663325557,0.9448227660200869,0.0,7.105427357601002e-15,0.0,-0.44095855184409843,-0.4454651972011986,-0.4424625195441246,2.207785528508308,0.0,-0.446963964670851
Lira,2019,7,1525.0,3275.0,train,0.4175585308165759,0.15955237427551328,0.9706140574705185,0.4185247244611441,-0.15684149401979441,1.937271100254584,0.27885863474727834,2.49924267085793,2.7144318339851266,0.5512872356312192,0.9448227660200869,0.0,7.105427357601002e-15,0.0,-0.44095855184409843,-0.4454651972011986,-0.4424625195441246,2.207785528508308,0.0,-0.446963964670851
Lira,2019,8,1533.33,3233.33,train,0.4175585308165759,0.4463731139848391,0.9706140574705185,0.4185247244611441,-0.15684149401979441,1.7900398316260768,0.23963672811986442,3.3324690861251156,2.228776823745775,0.6645149349631941,0.9448227660200869,0.0,7.105427357601002e-15,0.0,-0.44095855184409843,-0.4454651972011986,-0.4424625195441246,2.207785528508308,0.0,-0.446963964670851
Lira,2019,9,1366.67,3066.67,test,0.4175585308165759,0.7331938536941649,0.9706140574705185,0.4185247244611441,-0.6137020341226195,1.0536415970235864,0.004305288355381218,2.906964350088579,1.6533978139732095,0.7777426342951692,0.9448227660200869,0.0,7.105427357601002e-15,0.0,-0.44095855184409843,-0.4454651972011986,-0.4424625195441246,2.207785528508308,0.0,-0.446963964670851
Lira,2019,10,1200.0,3300.0,train,0.4175585308165759,1.0200145934034908,0.9706140574705185,0.4185247244611441,-0.49948518587845386,1.6730987491502411,0.12197100823762261,2.2518262283412276,1.04900168094735,0.7777426342951692,0.9448227660200869,0.0,7.105427357601002e-15,0.0,-0.44095855184409843,-0.4454651972011986,-0.4424625195441246,2.207785528508308,0.0,-0.446963964670851
Lira,2019,11,1200.0,3350.0,train,0.4175585308165759,1.3068353331128166,0.9706140574705185,0.4185247244611441,-0.49948518587845386,1.4621693960658093,0.043527194982795156,3.5005060866677087,1.527020606120045,0.7777426342951692,0.9448227660200869,0.0,7.105427357601002e-15,0.0,-0.44095855184409843,-0.4454651972011986,-0.4424625195441246,2.207785528508308,0.0,-0.446963964670851
Lira,2019,12,1200.0,3066.67,train,0.4175585308165759,1.5936560728221425,0.9706140574705185,0.4185247244611441,-0.8421288777371133,1.5885173686511698,-0.07413852489944667,2.1355920454505686,0.7485217335744176,0.9475841832931328,0.9448227660200869,0.0,7.105427357601002e-15,0.0,-0.44095855184409843,-0.4454651972011986,-0.4424625195441246,2.207785528508308,0.0,-0.446963964670851
Lira,2020,1,1125.0,3100.0,train,0.603120920493231,-1.5613720639804418,0.9706140574705185,0.4185247244611441,-0.7393357701795155,1.010558040321962,-0.19180424478168848,2.0399758994363015,0.20254165130848,0.9475841832931328,0.9448227660200869,0.0,7.105427357601002e-15,0.0,-0.44095855184409843,-0.4454651972011986,-0.4424625195441246,2.207785528508308,0.0,-0.446963964670851
Lira,2020,2,1125.0,3050.0,train,0.603120920493231,-1.274551324271116,0.9706140574705185,0.4185247244611441,-0.6022782934360517,1.1910896999381866,-0.15258233815427455,1.0528873839790418,-0.3274026523174791,0.9475841832931328,0.9448227660200869,0.0,7.105427357601002e-15,0.0,-0.44095855184409843,-0.4454651972011986,-0.4424625195441246,2.207785528508308,0.0,-0.446963964670851
Lira,2020,3,1108.08,2855.1,test,0.603120920493231,-0.9877305845617901,0.9706140574705185,0.4185247244611441,-0.5879763457378713,0.9197681123506055,-0.27024805803651636,0.10342678582119713,-0.5671757234104923,0.7777426342951692,0.9448227660200869,0.0,7.105427357601002e-15,0.0,-0.44095855184409843,-0.4454651972011986,-0.4424625195441246,2.207785528508308,0.0,-0.446963964670851
Lira,2020,4,1140.0,3687.82,train,0.603120920493231,-0.7009098448524642,0.9706140574705185,0.4185247244611441,-0.29389897076325816,0.9609434142014392,0.004305288355381218,-0.7264491984535748,0.19910541302848458,0.7777426342951692,0.9448227660200869,0.0,7.105427357601002e-15,0.0,-0.44095855184409843,-0.4454651972011986,-0.4424625195441246,2.207785528508308,0.0,-0.446963964670851
Lira,2020,5,1050.0,4929.0,train,0.603120920493231,-0.4140891051431384,0.9706140574705185,0.4185247244611441,-0.807528717733226,0.34438895959429533,0.08274910161020867,-1.1568507182482546,1.17614249730718,0.7777426342951692,0.9448227660200869,0.0,7.105427357601002e-15,0.0,-0.44095855184409843,-0.4454651972011986,-0.4424625195441246,2.207785528508308,0.0,-0.446963964670851
Lira,2020,6,970.0,4100.0,train,0.603120920493231,-0.12726836543381256,0.9706140574705185,0.4185247244611441,-0.6338015130870484,-0.03293484111318959,-0.03491661827203272,-1.3400935209871871,0.33655494422830107,0.7777426342951692,0.9448227660200869,0.0,7.105427357601002e-15,0.0,-0.44095855184409843,-0.4454651972011986,-0.4424625195441246,2.207785528508308,0.0,-0.446963964670851
Lira,2020,7,938.0,3662.0,test,0.603120920493231,0.15955237427551328,0.9706140574705185,0.4185247244611441,-0.6802845563245941,-0.032289797219965,-0.23102615140910243,-1.3174136804231562,0.06852835838865894,0.7777426342951692,0.9448227660200869,0.0,7.105427357601002e-15,0.0,-0.44095855184409843,-0.4454651972011986,-0.4424625195441246,2.207785528508308,0.0,-0.446963964670851
Lira,2020,8,749.0,3171.0,train,0.603120920493231,0.4463731139848391,0.9706140574705185,0.4185247244611441,-0.4467180573322203,-0.12746064829947193,-0.4271356845461717,-1.6436941139920571,-0.45645248994397347,0.7777426342951692,0.9448227660200869,0.0,7.105427357601002e-15,0.0,-0.44095855184409843,-0.4454651972011986,-0.4424625195441246,2.207785528508308,0.0,-0.446963964670851
Lira,2020,9,714.0,3000.0,train,0.603120920493231,0.7331938536941649,0.9706140574705185,0.4185247244611441,-0.4467180573322203,-0.1776128109976819,-0.4271356845461717,-1.5563251827283466,-0.46561579202396125,0.7777426342951692,0.9448227660200869,0.0,7.105427357601002e-15,0.0,-0.44095855184409843,-0.4454651972011986,-0.4424625195441246,2.207785528508308,0.0,-0.446963964670851
Lira,2020,10,742.0,3092.0,test,0.603120920493231,1.0200145934034908,0.9706140574705185,0.4185247244611441,-0.22537023239152632,0.06704696233661771,-0.27024805803651636,-1.3091664656725994,-0.6233009486504174,0.7777426342951692,0.9448227660200869,0.0,7.105427357601002e-15,0.0,-0.44095855184409843,-0.4454651972011986,-0.4424625195441246,2.207785528508308,0.0,-0.446963964670851
Lira,2020,11,806.0,2908.0,test,0.603120920493231,1.3068353331128166,0.9706140574705185,0.4185247244611441,-0.6461366859939601,0.2880551262526835,-0.4271356845461717,-1.1715410695226838,-0.8863640791967327,0.7777426342951692,0.9448227660200869,0.0,7.105427357601002e-15,0.0,-0.44095855184409843,-0.4454651972011986,-0.4424625195441246,2.207785528508308,0.0,-0.446963964670851
Lira,2020,12,750.0,2914.0,train,0.603120920493231,1.5936560728221425,0.9706140574705185,0.4185247244611441,-0.15684149401979441,0.20661833473308258,-0.27024805803651636,-1.2918988597886212,-0.5729027872104847,0.7777426342951692,0.9448227660200869,0.0,7.105427357601002e-15,0.0,-0.44095855184409843,-0.4454651972011986,-0.4424625195441246,2.207785528508308,0.0,-0.446963964670851
Lira,2021,1,688.0,3000.0,test,0.788683310169886,-1.5613720639804418,0.9706140574705185,0.4185247244611441,-0.15684149401979441,0.29007088841901024,-0.4271356845461717,-1.3264340715565777,-0.5060870428772405,0.7777426342951692,0.9448227660200869,0.0,7.105427357601002e-15,0.0,-0.44095855184409843,-0.4454651972011986,-0.4424625195441246,2.207785528508308,0.0,-0.446963964670851
Lira,2021,2,688.17,2200.92,train,0.788683310169886,-1.274551324271116,0.9706140574705185,0.4185247244611441,-0.021147739169927966,0.34898489733352045,-0.5840233110558274,-1.3261763460956226,-1.4457073103293192,0.6645149349631941,0.9448227660200869,0.0,7.105427357601002e-15,0.0,-0.44095855184409843,-0.4454651972011986,-0.4424625195441246,2.207785528508308,0.0,-0.446963964670851
Lira,2021,3,700.0,3200.0,train,0.788683310169886,-0.9877305845617901,0.9706140574705185,0.4185247244611441,-0.15684149401979441,0.21433198462289269,-0.3879137779187582,-1.274631253904643,0.07845526897531234,0.7777426342951692,0.9448227660200869,0.0,7.105427357601002e-15,0.0,-0.44095855184409843,-0.4454651972011986,-0.4424625195441246,2.207785528508308,0.0,-0.446963964670851
Lira,2021,4,500.0,3500.0,train,0.788683310169886,-0.7009098448524642,0.9706140574705185,0.4185247244611441,0.2543309362105969,-0.0483621408928104,-0.4663575911735856,-1.7722991190085513,-0.5771026339971457,0.7777426342951692,0.9448227660200869,0.0,7.105427357601002e-15,0.0,-0.44095855184409843,-0.4454651972011986,-0.4424625195441246,2.207785528508308,0.0,-0.446963964670851
Lira,2021,5,700.0,3800.0,train,0.788683310169886,-0.4140891051431384,0.9706140574705185,0.4185247244611441,1.2137332734148432,0.12889054559952262,-0.19180424478168848,-1.1844273425704286,-1.2574778134362374,0.7777426342951692,0.9448227660200869,0.0,7.105427357601002e-15,0.0,-0.44095855184409843,-0.4454651972011986,-0.4424625195441246,2.207785528508308,0.0,-0.446963964670851
Lira,2021,6,1000.0,2688.4,train,0.788683310169886,-0.12726836543381256,0.9706140574705185,0.4185247244611441,1.2137332734148432,0.25335714016297867,-0.3094699646639303,-0.24579121377268984,-1.69731631327565,0.7777426342951692,0.9448227660200869,0.0,7.105427357601002e-15,0.0,-0.44095855184409843,-0.4454651972011986,-0.4424625195441246,2.207785528508308,0.0,-0.446963964670851
Lira,2021,7,920.0,2100.0,train,0.788683310169886,0.15955237427551328,0.9706140574705185,0.4185247244611441,1.0766757966713796,0.20382314452910957,-0.3094699646639303,-0.3749116697110938,-2.0111594095152308,0.7777426342951692,0.9448227660200869,0.0,7.105427357601002e-15,0.0,-0.44095855184409843,-0.4454651972011986,-0.4424625195441246,2.207785528508308,0.0,-0.446963964670851
Lira,2021,8,850.0,2000.0,train,0.788683310169886,0.4463731139848391,0.9706140574705185,0.4185247244611441,0.8710895815561839,0.3793557139728435,-0.27024805803651636,0.021985540159449323,-1.7927673766088559,0.7777426342951692,0.9448227660200869,0.0,7.105427357601002e-15,0.0,-0.44095855184409843,-0.4454651972011986,-0.4424625195441246,2.207785528508308,0.0,-0.446963964670851
Lira,2021,9,775.0,1950.0,train,0.788683310169886,0.7331938536941649,0.9706140574705185,0.4185247244611441,0.8710895815561839,-0.17694089027557297,-0.27024805803651636,-0.10533083755227038,-1.7190791557156209,0.7777426342951692,0.9448227660200869,0.0,7.105427357601002e-15,0.0,-0.44095855184409843,-0.4454651972011986,-0.4424625195441246,2.207785528508308,0.0,-0.446963964670851
Lira,2021,10,820.0,2267.0,test,0.788683310169886,1.0200145934034908,0.9706140574705185,0.4185247244611441,1.0081470582996477,-0.058870980986593505,-0.03491661827203272,-0.05455892174415543,-1.4014180169427117,0.7777426342951692,0.9448227660200869,0.0,7.105427357601002e-15,0.0,-0.44095855184409843,-0.4454651972011986,-0.4424625195441246,2.207785528508308,0.0,-0.446963964670851
Lira,2021,11,958.0,2060.0,train,0.788683310169886,1.3068353331128166,0.9706140574705185,0.4185247244611441,1.2137332734148432,0.40531873067513174,-0.03491661827203272,0.16064183815318447,-1.4961054717692521,0.7777426342951692,0.9448227660200869,0.0,7.105427357601002e-15,0.0,-0.44095855184409843,-0.4454651972011986,-0.4424625195441246,2.207785528508308,0.0,-0.446963964670851
Lira,2021,12,975.0,1850.0,train,0.788683310169886,1.5936560728221425,0.9706140574705185,0.4185247244611441,1.2137332734148432,-0.012589081647731076,-0.1133604315268606,0.447748001656941,-1.7767315979688771,0.7777426342951692,0.9448227660200869,0.0,7.105427357601002e-15,0.0,-0.44095855184409843,-0.4454651972011986,-0.4424625195441246,2.207785528508308,0.0,-0.446963964670851
Lira,2022,1,1000.0,2264.0,train,0.9742456998465411,-1.5613720639804418,0.9706140574705185,0.4185247244611441,1.2137332734148432,-0.4994897137167385,0.12197100823762261,0.8433565842227096,-1.3193301024761548,0.7777426342951692,0.9448227660200869,0.0,7.105427357601002e-15,0.0,-0.44095855184409843,-0.4454651972011986,-0.4424625195441246,2.207785528508308,0.0,-0.446963964670851
Lira,2022,2,1123.0,2561.71,train,0.9742456998465411,-1.274551324271116,0.9706140574705185,0.4185247244611441,1.206750194974764,-0.34720560125797284,0.23963672811986442,1.3031388065662477,0.2430129021617593,0.7777426342951692,0.9448227660200869,0.0,7.105427357601002e-15,0.0,-0.44095855184409843,-0.4454651972011986,-0.4424625195441246,2.207785528508308,0.0,-0.446963964670851
Lira,2022,3,1090.0,2783.33,test,0.9742456998465411,-0.9877305845617901,0.9706140574705185,0.4185247244611441,1.2137332734148432,-0.34820004392669435,0.35730244800210625,1.110360161771984,-0.8798734068900748,0.7777426342951692,0.9448227660200869,0.0,7.105427357601002e-15,0.0,-0.44095855184409843,-0.4454651972011986,-0.4424625195441246,2.207785528508308,0.0,-0.446963964670851
Lira,2022,4,1486.0,3500.0,train,0.9742456998465411,-0.7009098448524642,0.9706140574705185,0.4185247244611441,1.2137332734148432,0.3852954931562864,0.7495215142762456,4.756917708822837,-0.3827642690507385,0.7777426342951692,0.9448227660200869,0.0,7.105427357601002e-15,0.0,-0.44095855184409843,-0.4454651972011986,-0.4424625195441246,2.207785528508308,0.0,-0.446963964670851
Lira,2022,5,1700.0,3500.0,test,0.9742456998465411,-0.4140891051431384,0.9706140574705185,0.4185247244611441,1.2137332734148432,-0.061693048019451455,0.7887434209036596,3.3564375539939215,-0.6840078249303363,0.7777426342951692,0.9448227660200869,0.0,7.105427357601002e-15,0.0,-0.44095855184409843,-0.4454651972011986,-0.4424625195441246,2.207785528508308,0.0,-0.446963964670851
Lira,2022,6,1700.0,3500.0,train,0.9742456998465411,-0.12726836543381256,0.9706140574705185,0.4185247244611441,1.2137332734148432,-0.42294450505409037,0.9456310474133145,1.4786498454765336,0.7699027717610558,0.7777426342951692,0.9448227660200869,0.0,7.105427357601002e-15,0.0,-0.44095855184409843,-0.4454651972011986,-0.4424625195441246,2.207785528508308,0.0,-0.446963964670851
Lira,2022,7,1400.0,3500.0,train,0.9742456998465411,0.15955237427551328,0.9706140574705185,0.4185247244611441,1.2137332734148432,-0.348092536611157,1.0240748606681422,1.0191253485939502,2.162724687919196,0.7777426342951692,0.9448227660200869,0.0,7.105427357601002e-15,0.0,-0.44095855184409843,-0.4454651972011986,-0.4424625195441246,2.207785528508308,0.0,-0.446963964670851
Lira,2022,8,1533.0,3800.0,train,0.9742456998465411,0.4463731139848391,0.9706140574705185,0.4185247244611441,1.8848420611630505,-0.384403132433923,1.4162939269422818,1.7453956975648528,3.0534740109446736,0.7777426342951692,0.9448227660200869,0.0,7.105427357601002e-15,0.0,-0.44095855184409843,-0.4454651972011986,-0.4424625195441246,2.207785528508308,0.0,-0.446963964670851
Lira,2022,9,1767.0,4050.0,train,0.9742456998465411,0.7331938536941649,0.9706140574705185,0.4185247244611441,2.5843080408494807,-0.3528766121525725,1.4162939269422818,2.9734575190149424,3.7288857350904387,0.7777426342951692,0.9448227660200869,0.0,7.105427357601002e-15,0.0,-0.44095855184409843,-0.4454651972011986,-0.4424625195441246,2.207785528508308,0.0,-0.446963964670851
Lira,2022,10,1950.0,4500.0,train,0.9742456998465411,1.0200145934034908,0.9706140574705185,0.4185247244611441,2.5843080408494807,-0.5692619615005288,1.4947377401971096,3.2260284707507427,3.378007626277574,0.7777426342951692,0.9448227660200869,0.0,7.105427357601002e-15,0.0,-0.44095855184409843,-0.4454651972011986,-0.4424625195441246,2.207785528508308,0.0,-0.446963964670851
Lira,2022,11,1640.0,3700.0,train,0.9742456998465411,1.3068353331128166,0.9706140574705185,0.4185247244611441,2.7213655175929445,-0.43646354998292175,1.1809624871777982,1.5093191753301662,2.6567793917318694,0.7777426342951692,0.9448227660200869,0.0,7.105427357601002e-15,0.0,-0.44095855184409843,-0.4454651972011986,-0.4424625195441246,2.207785528508308,0.0,-0.446963964670851
Lira,2022,12,1500.0,3500.0,train,0.9742456998465411,1.5936560728221425,0.9706140574705185,0.4185247244611441,2.375274830194187,-0.47137655070370127,1.0632967672955562,1.0624232260343731,3.022547866424715,0.7777426342951692,0.9448227660200869,0.0,7.105427357601002e-15,0.0,-0.44095855184409843,-0.4454651972011986,-0.4424625195441246,2.207785528508308,0.0,-0.446963964670851
Lira,2023,1,1180.0,4160.0,train,1.1598080895231961,-1.5613720639804418,0.9706140574705185,0.4185247244611441,1.83679656269063,-0.29995613607927385,1.29862820706004,0.13847744851106325,2.814846352611659,0.7777426342951692,0.9448227660200869,0.0,7.105427357601002e-15,0.0,-0.44095855184409843,-0.4454651972011986,-0.4424625195441246,2.207785528508308,0.0,-0.446963964670851
Lira,2023,2,1420.0,4500.0,test,1.1598080895231961,-1.274551324271116,0.9706140574705185,0.4185247244611441,1.2806515864348391,-0.6017560476217159,1.220184393805212,0.35625546301795213,2.5059667116654047,0.9475841832931328,0.9448227660200869,0.0,7.105427357601002e-15,0.0,-0.44095855184409843,-0.4454651972011986,-0.4424625195441246,2.207785528508308,0.0,-0.446963964670851
Lira,2023,3,1520.0,4072.0,test,1.1598080895231961,-0.9877305845617901,0.9706140574705185,0.4185247244611441,1.0957336388125585,-0.7155256642891985,1.1417405805503842,0.6912985622593198,1.3849894238802345,0.9475841832931328,0.9448227660200869,0.0,7.105427357601002e-15,0.0,-0.44095855184409843,-0.4454651972011986,-0.4424625195441246,2.207785528508308,0.0,-0.446963964670851
Lira,2023,4,1550.0,4750.0,test,1.1598080895231961,-0.7009098448524642,0.9706140574705185,0.4185247244611441,0.9113844797187624,-0.7256851056074853,1.4555158335696956,-0.21434870753619223,0.9806587196007744,0.9475841832931328,0.9448227660200869,0.0,7.105427357601002e-15,0.0,-0.44095855184409843,-0.4454651972011986,-0.4424625195441246,2.207785528508308,0.0,-0.446963964670851
Lira,2023,5,1637.5,4775.0,train,1.1598080895231961,-0.4140891051431384,0.9706140574705185,0.4185247244611441,0.8710895815561839,-0.6449202348099934,1.4162939269422818,-0.4202713508391559,1.0081486258407377,0.9475841832931328,0.9448227660200869,0.0,7.105427357601002e-15,0.0,-0.44095855184409843,-0.4454651972011986,-0.4424625195441246,2.207785528508308,0.0,-0.446963964670851
Lira,2023,6,1625.0,4500.0,train,1.1598080895231961,-0.12726836543381256,0.9706140574705185,0.4185247244611441,0.8710895815561839,-0.8910044800751638,1.3378501136874539,-0.43908530948886343,0.7080504827211384,0.9475841832931328,0.9448227660200869,0.0,7.105427357601002e-15,0.0,-0.44095855184409843,-0.4454651972011986,-0.4424625195441246,2.207785528508308,0.0,-0.446963964670851
Lira,2023,7,1333.0,4167.0,train,1.1598080895231961,0.15955237427551328,0.9706140574705185,0.4185247244611441,0.8710895815561839,-0.9120221602627306,1.0632967672955562,-0.44887887700514956,0.3449546378016231,0.9475841832931328,0.9448227660200869,0.0,7.105427357601002e-15,0.0,-0.44095855184409843,-0.4454651972011986,-0.4424625195441246,2.207785528508308,0.0,-0.446963964670851
Lira,2023,8,1167.0,4000.0,train,1.1598080895231961,0.4463731139848391,0.9706140574705185,0.4185247244611441,0.8710895815561839,-0.9598360388480012,0.9064091407859005,-0.9406190565070952,-0.18193523179767335,0.9475841832931328,0.9448227660200869,0.0,7.105427357601002e-15,0.0,-0.44095855184409843,-0.4454651972011986,-0.4424625195441246,2.207785528508308,0.0,-0.446963964670851
Lira,2023,9,1100.0,4575.0,train,1.1598080895231961,0.7331938536941649,0.9706140574705185,0.4185247244611441,0.8710895815561839,-1.0698966531294423,1.0632967672955562,-1.2983419963124936,0.11205404326860084,0.9475841832931328,0.9448227660200869,0.0,7.105427357601002e-15,0.0,-0.44095855184409843,-0.4454651972011986,-0.4424625195441246,2.207785528508308,0.0,-0.446963964670851
Lira,2023,10,1067.0,4500.0,test,1.1598080895231961,1.0200145934034908,0.9706140574705185,0.4185247244611441,0.8710895815561839,-1.0243673049993418,0.9456310474133145,-1.492409268411532,-0.3827642690507385,0.9475841832931328,0.9448227660200869,0.0,7.105427357601002e-15,0.0,-0.44095855184409843,-0.4454651972011986,-0.4424625195441246,2.207785528508308,0.0,-0.446963964670851
Lira,2023,11,786.88,3300.0,train,1.1598080895231961,1.3068353331128166,0.9706140574705185,0.4185247244611441,0.8710895815561839,-0.9105976883318597,0.27885863474727834,-1.6661162290951335,-0.7954946669035209,0.9475841832931328,0.9448227660200869,0.0,7.105427357601002e-15,0.0,-0.44095855184409843,-0.4454651972011986,-0.4424625195441246,2.207785528508308,0.0,-0.446963964670851
Lira,2023,12,712.94,2933.0,train,1.1598080895231961,1.5936560728221425,0.9706140574705185,0.4185247244611441,0.8710895815561839,-0.9304059112196303,-0.03491661827203272,-1.6777138748381035,-1.0012871594499126,0.9475841832931328,0.9448227660200869,0.0,7.105427357601002e-15,0.0,-0.44095855184409843,-0.4454651972011986,-0.4424625195441246,2.207785528508308,0.0,-0.446963964670851
Lira,2024,1,730.0,3800.0,train,1.3453704791998513,-1.5613720639804418,0.9706140574705185,0.4185247244611441,0.8710895815561839,-0.9160805614242684,0.043527194982795156,-1.3083932892897348,-0.7130249481836308,0.9475841832931328,0.9448227660200869,0.0,7.105427357601002e-15,0.0,-0.44095855184409843,-0.4454651972011986,-0.4424625195441246,2.207785528508308,0.0,-0.446963964670851
Lira,2024,2,740.0,4500.0,train,1.3453704791998513,-1.274551324271116,0.9706140574705185,0.4185247244611441,0.8710895815561839,-1.2952588633247735,0.08274910161020867,-1.5596756137207604,-0.3827642690507385,0.9475841832931328,0.9448227660200869,0.0,7.105427357601002e-15,0.0,-0.44095855184409843,-0.4454651972011986,-0.4424625195441246,2.207785528508308,0.0,-0.446963964670851
Lira,2024,3,722.0,4300.0,test,1.3453704791998513,-0.9877305845617901,0.9706140574705185,0.4185247244611441,0.8710895815561839,-1.054361846034284,0.35730244800210625,-1.6784870512209684,-0.16895388718435733,0.9475841832931328,0.9448227660200869,0.0,7.105427357601002e-15,0.0,-0.44095855184409843,-0.4454651972011986,-0.4424625195441246,2.207785528508308,0.0,-0.446963964670851
Lira,2024,4,788.0,4000.0,train,1.3453704791998513,-0.7009098448524642,0.9706140574705185,0.4185247244611441,0.8710895815561839,-0.9489240463209525,0.16119291486503654,-1.5924067472620322,-0.9856331850632669,0.9475841832931328,0.9448227660200869,0.0,7.105427357601002e-15,0.0,-0.44095855184409843,-0.4454651972011986,-0.4424625195441246,2.207785528508308,0.0,-0.446963964670851
Lira,2024,5,730.0,4250.0,train,1.3453704791998513,-0.4140891051431384,0.9706140574705185,0.4185247244611441,0.9567505045208488,-0.9120221602627306,0.5534119811391759,-1.7537428858197985,-0.8023671434635117,0.9475841832931328,0.9448227660200869,0.0,7.105427357601002e-15,0.0,-0.44095855184409843,-0.4454651972011986,-0.4424625195441246,2.207785528508308,0.0,-0.446963964670851
Lira,2024,6,700.0,4000.0,train,1.3453704791998513,-0.12726836543381256,0.9706140574705185,0.4185247244611441,1.0424114274855136,-0.9551863474510074,0.5534119811391759,-1.7924017049630334,-0.8069487945035054,0.9475841832931328,0.9448227660200869,0.0,7.105427357601002e-15,0.0,-0.44095855184409843,-0.4454651972011986,-0.4424625195441246,2.207785528508308,0.0,-0.446963964670851
Lira,2024,7,765.0,3875.0,train,1.3453704791998513,0.15955237427551328,0.9706140574705185,0.4185247244611441,0.8710895815561839,-0.7388547517608197,0.4357462612569341,-1.423596570336574,-0.6504090506370478,0.9475841832931328,0.9448227660200869,0.0,7.105427357601002e-15,0.0,-0.44095855184409843,-0.4454651972011986,-0.4424625195441246,2.207785528508308,0.0,-0.446963964670851
Lira,2024,8,761.0,3938.0,train,1.3453704791998513,0.4463731139848391,0.9706140574705185,0.4185247244611441,0.8710895815561839,-0.8686160816144942,0.4357462612569341,-1.2220552598698438,-0.4419439283173262,0.9475841832931328,0.9448227660200869,0.0,7.105427357601002e-15,0.0,-0.44095855184409843,-0.4454651972011986,-0.4424625195441246,2.207785528508308,0.0,-0.446963964670851
Lira,2024,9,736.58,4667.0,train,1.3453704791998513,0.7331938536941649,0.9706140574705185,0.4185247244611441,0.8710895815561839,-0.8532425354926426,0.5534119811391759,-1.1769533042027367,-0.306021614130841,0.9475841832931328,0.9448227660200869,0.0,7.105427357601002e-15,0.0,-0.44095855184409843,-0.4454651972011986,-0.4424625195441246,2.207785528508308,0.0,-0.446963964670851
Lira,2024,10,817.0,4267.0,train,1.3453704791998513,1.0200145934034908,0.9706140574705185,0.4185247244611441,0.8710895815561839,-0.8256669090572926,0.5534119811391759,-0.9292791362250795,-0.5805388722771411,0.9475841832931328,0.9448227660200869,0.0,7.105427357601002e-15,0.0,-0.44095855184409843,-0.4454651972011986,-0.4424625195441246,2.207785528508308,0.0,-0.446963964670851
Lira,2024,11,1000.0,4500.0,train,1.3453704791998513,1.3068353331128166,0.9706140574705185,0.4185247244611441,0.8710895815561839,-0.7930921924494518,0.9456310474133145,0.37249216705811067,1.005475996067408,0.9475841832931328,0.9448227660200869,0.0,7.105427357601002e-15,0.0,-0.44095855184409843,-0.4454651972011986,-0.4424625195441246,2.207785528508308,0.0,-0.446963964670851
Lira,2024,12,890.0,3903.64,test,1.3453704791998513,1.5936560728221425,0.9706140574705185,0.4185247244611441,0.8710895815561839,-0.7177564410866,0.5926338877665899,0.3145039383432586,0.8806260052275747,0.9475841832931328,0.9448227660200869,0.0,7.105427357601002e-15,0.0,-0.44095855184409843,-0.4454651972011986,-0.4424625195441246,2.207785528508308,0.0,-0.446963964670851
Lira,2025,1,890.0,4039.62,train,1.5309328688765063,-1.5613720639804418,0.9706140574705185,0.4185247244611441,0.3367298912287672,-0.18277316214347858,0.3965243546295202,0.23950582920538335,-0.14184578519772686,0.9475841832931328,0.9448227660200869,0.0,7.105427357601002e-15,0.0,-0.44095855184409843,-0.4454651972011986,-0.4424625195441246,2.207785528508308,0.0,-0.446963964670851
Lira,2025,2,927.0,3955.52,test,1.5309328688765063,-1.274551324271116,0.9706140574705185,0.4185247244611441,0.6853767005687904,-0.6509137676512043,0.514190074511762,0.32584385862527415,-0.8447474155834551,0.9475841832931328,0.9448227660200869,0.0,7.105427357601002e-15,0.0,-0.44095855184409843,-0.4454651972011986,-0.4424625195441246,2.207785528508308,0.0,-0.446963964670851
Lira,2025,3,940.0,3713.0,train,1.5309328688765063,-0.9877305845617901,0.9706140574705185,0.4185247244611441,0.7566465884753916,-0.568079381029617,0.47496816788434804,0.452644785415084,-0.9039270748500426,0.9475841832931328,0.9448227660200869,0.0,7.105427357601002e-15,0.0,-0.44095855184409843,-0.4454651972011986,-0.4424625195441246,2.207785528508308,0.0,-0.446963964670851
Lira,2025,4,1300.0,4000.0,train,1.5309328688765063,-0.7009098448524642,0.9706140574705185,0.4185247244611441,0.9855325746369761,-0.47401047993436823,0.9456310474133145,1.3490139386162197,-0.3827642690507385,0.9475841832931328,0.9448227660200869,0.0,7.105427357601002e-15,0.0,-0.44095855184409843,-0.4454651972011986,-0.4424625195441246,2.207785528508308,0.0,-0.446963964670851
Lira,2025,5,1475.0,4825.0,train,1.5309328688765063,-0.4140891051431384,0.9706140574705185,0.4185247244611441,1.1280723504501784,-0.4432902645195483,1.5731815534519376,2.304659947836982,0.13381688570857173,0.9475841832931328,0.9448227660200869,0.0,7.105427357601002e-15,0.0,-0.44095855184409843,-0.4454651972011986,-0.4424625195441246,2.207785528508308,0.0,-0.446963964670851
Lira,2025,6,1388.0,4200.0,train,1.5309328688765063,-0.12726836543381256,0.9706140574705185,0.4185247244611441,0.8710895815561839,0.25072321093231165,1.3378501136874539,2.2077551745179402,-0.19186214238432675,0.9475841832931328,0.9448227660200869,0.0,7.105427357601002e-15,0.0,-0.44095855184409843,-0.4454651972011986,-0.4424625195441246,2.207785528508308,0.0,-0.446963964670851
Lira,2025,7,1280.0,3760.0,test,1.5309328688765063,0.15955237427551328,0.9706140574705185,0.4185247244611441,0.8710895815561839,0.5160512656786818,1.0240748606681422,1.4095794219406206,-0.49616013229058714,0.9475841832931328,0.9448227660200869,0.0,7.105427357601002e-15,0.0,-0.44095855184409843,-0.4454651972011986,-0.4424625195441246,2.207785528508308,0.0,-0.446963964670851
Lira,2025,8,933.0,3100.0,train,1.5309328688765063,0.4463731139848391,0.9706140574705185,0.4185247244611441,0.8710895815561839,0.09795531555362799,0.3965243546295202,0.25703116055031644,-1.195243720142987,0.9475841832931328,0.9448227660200869,0.0,7.105427357601002e-15,0.0,-0.44095855184409843,-0.4454651972011986,-0.4424625195441246,2.207785528508308,0.0,-0.446963964670851
Lira,2025,9,930.0,3300.0,train,1.5309328688765063,0.7331938536941649,0.9706140574705185,0.4185247244611441,0.802560843184452,0.016437893547374113,0.6318557943940039,0.3513586792598091,-1.5010689270625788,0.9475841832931328,0.9448227660200869,0.0,7.105427357601002e-15,0.0,-0.44095855184409843,-0.4454651972011986,-0.4424625195441246,2.207785528508308,0.0,-0.446963964670851
Lira,2025,10,950.0,4000.0,train,1.5309328688765063,1.0200145934034908,0.9706140574705185,0.4185247244611441,0.6997677356268541,0.0913167388191918,0.6318557943940039,0.09414866922682082,-0.6217737316370859,0.9475841832931328,0.9448227660200869,0.0,7.105427357601002e-15,0.0,-0.44095855184409843,-0.4454651972011986,-0.4424625195441246,2.207785528508308,0.0,-0.446963964670851
Lira,2025,11,883.0,3833.0,train,1.5309328688765063,1.3068353331128166,0.9706140574705185,0.4185247244611441,0.8710895815561839,0.16014829759202984,0.5926338877665899,-0.6269671705249842,-0.948598172489983,0.9475841832931328,0.9448227660200869,0.0,7.105427357601002e-15,0.0,-0.44095855184409843,-0.4454651972011986,-0.4424625195441246,2.207785528508308,0.0,-0.446963964670851
Lira,2025,12,920.0,3500.0,train,1.5309328688765063,1.5936560728221425,0.9706140574705185,0.4185247244611441,0.8710895815561839,0.06452054042148803,0.35730244800210625,-0.2385749008659527,-0.7775498669968781,0.9475841832931328,0.9448227660200869,0.0,7.105427357601002e-15,0.0,-0.44095855184409843,-0.4454651972011986,-0.4424625195441246,2.207785528508308,0.0,-0.446963964670851
Lira,2026,1,1096.29,3441.13,train,1.7164952585531614,-1.5613720639804418,0.9706140574705185,0.4185247244611441,1.0377788847715843,-0.06459574553896179,0.5926338877665899,0.27197923728570045,-0.948598172489983,0.7777426342951692,0.8827241799677764,0.0,7.105427357601002e-15,0.0,-0.44095855184409843,-0.4454651972011986,-0.4424625195441246,2.207785528508308,0.0,-0.446963964670851
Lira,2026,2,1081.16,3357.38,train,1.7164952585531614,-1.274551324271116,0.9706140574705185,0.4185247244611441,1.0595778764476325,0.18815395328952916,0.5534119811391759,0.10316906036024219,-0.9600523000899677,0.6645149349631941,0.820625593915466,0.0,7.105427357601002e-15,0.0,-0.44095855184409843,-0.4454651972011986,-0.4424625195441246,2.207785528508308,0.0,-0.446963964670851
Lira,2026,3,1145.83,3497.68,train,1.7164952585531614,-0.9877305845617901,0.9706140574705185,0.4185247244611441,1.070165566526065,0.03199957747141658,0.6710777010214177,0.23899037828347347,-0.6042107359837762,0.49467338596523064,0.6964284218108439,0.0,7.105427357601002e-15,0.0,-0.44095855184409843,-0.4454651972011986,-0.4424625195441246,2.207785528508308,0.0,-0.446963964670851
Lira,2026,4,1341.77,3846.91,test,1.7164952585531614,-0.7009098448524642,0.9706140574705185,0.4185247244611441,0.9458133178767203,0.11287195558444588,0.8279653275310727,-0.24269850824123107,-0.5289952980772099,0.32483183696726803,0.572231249706223,0.0,7.105427357601002e-15,0.0,-0.44095855184409843,-0.4454651972011986,-0.4424625195441246,2.207785528508308,0.0,-0.446963964670851
Lira,2026,5,1231.51,3964.28,train,1.7164952585531614,-0.4140891051431384,0.9706140574705185,0.4185247244611441,0.8748449564189544,0.2026136872293134,0.8671872341584865,-0.7509331172442902,-1.0639030569964958,0.211604137635292,0.4480340776016009,0.0,7.105427357601002e-15,0.0,-0.44095855184409843,-0.4454651972011986,-0.4424625195441246,2.207785528508308,0.0,-0.446963964670851
Lira,2026,6,1347.29,3688.35,train,1.7164952585531614,-0.12726836543381256,0.9706140574705185,0.4185247244611441,0.8893867547014361,0.17729571442024913,0.9064091407859005,-0.40094194126753846,-0.8478018496101176,0.04176258863732944,0.26173831944466946,0.0,7.105427357601002e-15,0.0,-0.44095855184409843,-0.4454651972011986,-0.4424625195441246,2.207785528508308,0.0,-0.446963964670851
Lira,2026,7,1166.07,3601.11,train,1.7164952585531614,0.15955237427551328,0.9706140574705185,0.4185247244611441,0.9841757056172161,0.1606320805119478,0.7102996076488317,-0.5548040414576126,-0.5442674682105229,-0.12807896036063413,0.07544256128773695,0.0,7.105427357601002e-15,0.0,-0.44095855184409843,-0.4454651972011986,-0.4424625195441246,2.207785528508308,0.0,-0.446963964670851
Lira,2026,8,1155.05,3706.75,test,1.7164952585531614,0.4463731139848391,0.9706140574705185,0.4185247244611441,1.003363752361301,0.20919851030598094,0.7102996076488317,0.28795821586490417,0.3644266547215972,-0.2979205093585972,-0.11085319686919448,0.0,7.105427357601002e-15,0.0,-0.44095855184409843,-0.4454651972011986,-0.4424625195441246,2.207785528508308,0.0,-0.446963964670851
Mbarara,2008,1,685.89,1083.63,train,-1.6236277556266299,-1.5613720639804418,-1.5015504574523897,-1.5404122348082143,-1.2679321936098695,-1.4435114514508858,-1.4076833502315194,-0.03703359039922237,-0.2220246783976198,-1.2603559536803886,-1.2286277458107875,0.0,7.105427357601002e-15,0.0,-0.44095855184409843,-0.4454651972011986,-0.4424625195441246,-0.4529425467679601,0.0,2.2373168287434777
Mbarara,2008,2,639.52,1107.13,train,-1.6236277556266299,-1.274551324271116,-1.5015504574523897,-1.5404122348082143,-1.3296080581444283,-1.5059194481203622,-1.4469052568589333,-0.009714691538003155,-0.22507911242428238,-1.2603559536803886,-1.2286277458107875,0.0,7.105427357601002e-15,0.0,-0.44095855184409843,-0.4454651972011986,-0.4424625195441246,-0.4529425467679601,0.0,2.2373168287434777
Mbarara,2008,3,688.13,1142.21,train,-1.6236277556266299,-0.9877305845617901,-1.5015504574523897,-1.5404122348082143,-1.372157551799436,-1.524733228339412,-1.4469052568589333,-0.02363186642956763,-0.2575324739575724,-1.2603559536803886,-1.2286277458107875,0.0,7.105427357601002e-15,0.0,-0.44095855184409843,-0.4454651972011986,-0.4424625195441246,-0.4529425467679601,0.0,2.2373168287434777
Mbarara,2008,4,728.23,1255.41,train,-1.6236277556266299,-0.7009098448524642,-1.5015504574523897,-1.5404122348082143,-1.213273671884576,-1.3359235054268057,-1.3292395369766918,0.05703620284931545,-0.06013967498450264,-1.2603559536803886,-1.2286277458107875,0.0,7.105427357601002e-15,0.0,-0.44095855184409843,-0.4454651972011986,-0.4424625195441246,-0.4529425467679601,0.0,2.2373168287434777
Mbarara,2008,5,748.6,1289.04,train,-1.6236277556266299,-0.4140891051431384,-1.5015504574523897,-1.5404122348082143,-1.2577488230878298,-1.339014340748507,-1.3292395369766918,0.09389094376586588,-0.09946551307778344,-1.2603559536803886,-1.2286277458107875,0.0,7.105427357601002e-15,0.0,-0.44095855184409843,-0.4454651972011986,-0.4424625195441246,-0.4529425467679601,0.0,2.2373168287434777
Mbarara,2008,6,710.64,1160.49,test,-1.6236277556266299,-0.12726836543381256,-1.5015504574523897,-1.5404122348082143,-1.2615453151936238,-1.4167421298820662,-1.3684614436041058,0.08383965078862488,-0.19491657641098933,-1.2603559536803886,-1.2286277458107875,0.0,7.105427357601002e-15,0.0,-0.44095855184409843,-0.4454651972011986,-0.4424625195441246,-0.4529425467679601,0.0,2.2373168287434777
Mbarara,2008,7,738.23,1186.64,train,-1.6236277556266299,0.15955237427551328,-1.5015504574523897,-1.5404122348082143,-1.290861909469051,-1.4231388151565434,-1.3684614436041058,0.1748167385057039,0.12427177937525113,-1.2603559536803886,-1.2286277458107875,0.0,7.105427357601002e-15,0.0,-0.44095855184409843,-0.4454651972011986,-0.4424625195441246,-0.4529425467679601,0.0,2.2373168287434777
Mbarara,2008,8,729.09,1257.11,train,-1.6236277556266299,0.4463731139848391,-1.5015504574523897,-1.5404122348082143,-1.15794356852324,-1.4111786263030046,-1.3292395369766918,0.08822098362485814,0.026148086268715544,-1.2603559536803886,-1.2286277458107875,0.0,7.105427357601002e-15,0.0,-0.44095855184409843,-0.4454651972011986,-0.4424625195441246,-0.4529425467679601,0.0,2.2373168287434777
Mbarara,2008,9,749.17,1501.81,train,-1.6236277556266299,0.7331938536941649,-1.5015504574523897,-1.5404122348082143,-1.0378401016529424,-1.3537697198060188,-1.2115738170944501,0.20393971559360735,0.7214136315877873,-1.2603559536803886,-1.2286277458107875,0.0,7.105427357601002e-15,0.0,-0.44095855184409843,-0.4454651972011986,-0.4424625195441246,-0.4529425467679601,0.0,2.2373168287434777
Mbarara,2008,10,701.71,1652.53,train,-1.6236277556266299,1.0200145934034908,-1.5015504574523897,-1.5404122348082143,-1.055047667858084,-1.4831816508841962,-1.2115738170944501,-0.06615656748712583,1.2318859182937723,-1.2603559536803886,-1.2286277458107875,0.0,7.105427357601002e-15,0.0,-0.44095855184409843,-0.4454651972011986,-0.4424625195441246,-0.4529425467679601,0.0,2.2373168287434777
Mbarara,2008,11,834.62,1537.01,train,-1.6236277556266299,1.3068353331128166,-1.5015504574523897,-1.5404122348082143,-0.852970124147521,-1.1700128407236712,-1.0546861905847942,0.30290629260028823,1.3315368284136393,-1.2603559536803886,-1.2286277458107875,0.0,7.105427357601002e-15,0.0,-0.44095855184409843,-0.4454651972011986,-0.4424625195441246,-0.4529425467679601,0.0,2.2373168287434777
Mbarara,2008,12,834.72,1535.5,train,-1.6236277556266299,1.5936560728221425,-1.5015504574523897,-1.5404122348082143,-0.9199706716535636,-1.1946588928106265,-1.0939080972122082,0.35625546301795213,1.3678082324802576,-1.2603559536803886,-1.2286277458107875,0.0,7.105427357601002e-15,0.0,-0.44095855184409843,-0.4454651972011986,-0.4424625195441246,-0.4529425467679601,0.0,2.2373168287434777
Mbarara,2009,1,784.46,1573.43,test,-1.438065365949975,-1.5613720639804418,-1.5015504574523897,-1.5404122348082143,-0.7882378778815831,-1.188987881916027,-1.0546861905847942,0.04492310618443522,1.3429909560136242,-1.2603559536803886,-1.2286277458107875,0.0,7.105427357601002e-15,0.0,-0.44095855184409843,-0.4454651972011986,-0.4424625195441246,-0.4529425467679601,0.0,2.2373168287434777
Mbarara,2009,2,667.5,1577.19,train,-1.438065365949975,-1.274551324271116,-1.5015504574523897,-1.5404122348082143,-0.9498354958359643,-1.1238115718714619,-1.1331300038396221,-0.21254462930950793,1.2383765906004303,-1.2603559536803886,-1.2286277458107875,0.0,7.105427357601002e-15,0.0,-0.44095855184409843,-0.4454651972011986,-0.4424625195441246,-0.4529425467679601,0.0,2.2373168287434777
Mbarara,2009,3,777.33,1607.01,train,-1.438065365949975,-0.9877305845617901,-1.5015504574523897,-1.5404122348082143,-0.7840576248409078,-1.0673702312143125,-1.0546861905847942,0.008583816189794632,1.1707972377605205,-1.2603559536803886,-1.2286277458107875,0.0,7.105427357601002e-15,0.0,-0.44095855184409843,-0.4454651972011986,-0.4424625195441246,-0.4529425467679601,0.0,2.2373168287434777
Mbarara,2009,4,681.72,1680.35,test,-1.438065365949975,-0.7009098448524642,-1.5015504574523897,-1.5404122348082143,-0.6086240546092742,-0.5037362526804667,-0.9370204707025525,-0.4901149507579332,0.9096431284808693,-1.2603559536803886,-1.2286277458107875,0.0,7.105427357601002e-15,0.0,-0.44095855184409843,-0.4454651972011986,-0.4424625195441246,-0.4529425467679601,0.0,2.2373168287434777
Mbarara,2009,5,767.48,1895.88,train,-1.438065365949975,-0.4140891051431384,-1.5015504574523897,-1.5404122348082143,-0.193271371338207,0.06943900010732573,-0.6624671243106554,-0.260481565047119,1.4147701556401948,-1.2603559536803886,-1.2286277458107875,0.0,7.105427357601002e-15,0.0,-0.44095855184409843,-0.4454651972011986,-0.4424625195441246,-0.4529425467679601,0.0,2.2373168287434777
Mbarara,2009,6,864.2,1813.81,train,-1.438065365949975,-0.12726836543381256,-1.5015504574523897,-1.5404122348082143,-0.0992225307968423,-0.12337537030904976,-0.6232452176832414,0.23151633991578147,1.766793677213058,-1.2603559536803886,-1.2286277458107875,0.0,7.105427357601002e-15,0.0,-0.44095855184409843,-0.4454651972011986,-0.4424625195441246,-0.4529425467679601,0.0,2.2373168287434777
Mbarara,2009,7,906.72,1662.4,test,-1.438065365949975,0.15955237427551328,-1.5015504574523897,-1.5404122348082143,-0.2579076773704243,-0.17059795865886504,-0.6624671243106554,0.2627011206913242,1.1478889825605512,-1.2603559536803886,-1.2286277458107875,0.0,7.105427357601002e-15,0.0,-0.44095855184409843,-0.4454651972011986,-0.4424625195441246,-0.4529425467679601,0.0,2.2373168287434777
Mbarara,2009,8,924.03,1880.46,train,-1.438065365949975,0.4463731139848391,-1.5015504574523897,-1.5404122348082143,-0.1508520822861052,-0.2537548672270644,-0.6232452176832414,0.36372950138564414,1.5106030232267336,-1.2603559536803886,-1.2286277458107875,0.0,7.105427357601002e-15,0.0,-0.44095855184409843,-0.4454651972011986,-0.4424625195441246,-0.4529425467679601,0.0,2.2373168287434777
Mbarara,2009,9,859.02,2049.72,train,-1.438065365949975,0.7331938536941649,-1.5015504574523897,-1.5404122348082143,-0.2814884162441378,-0.37502311915328246,-0.6232452176832414,0.052397144552127295,1.0100576471074016,-1.2603559536803886,-1.2286277458107875,0.0,7.105427357601002e-15,0.0,-0.44095855184409843,-0.4454651972011986,-0.4424625195441246,-0.4529425467679601,0.0,2.2373168287434777
Mbarara,2009,10,898.59,1809.59,train,-1.438065365949975,1.0200145934034908,-1.5015504574523897,-1.5404122348082143,-0.43023004287998134,-0.4968557844860715,-0.7409109375654832,0.3977492622316907,-0.02005022838455614,-1.2603559536803886,-1.2286277458107875,0.0,7.105427357601002e-15,0.0,-0.44095855184409843,-0.4454651972011986,-0.4424625195441246,-0.4529425467679601,0.0,2.2373168287434777
Mbarara,2009,11,985.76,1636.57,train,-1.438065365949975,1.3068353331128166,-1.5015504574523897,-1.5404122348082143,-0.3604061113530241,-0.4444997218193445,-0.7016890309380692,0.14131242858156712,-0.13535511289106883,-1.2603559536803886,-1.2286277458107875,0.0,7.105427357601002e-15,0.0,-0.44095855184409843,-0.4454651972011986,-0.4424625195441246,-0.4529425467679601,0.0,2.2373168287434777
Mbarara,2009,12,985.32,1457.99,train,-1.438065365949975,1.5936560728221425,-1.5015504574523897,-1.5404122348082143,-0.42926378766894,-0.44046819748669097,-0.7409109375654832,0.13950835035488282,-0.5755754169838144,-1.2603559536803886,-1.2286277458107875,0.0,7.105427357601002e-15,0.0,-0.44095855184409843,-0.4454651972011986,-0.4424625195441246,-0.4529425467679601,0.0,2.2373168287434777
Mbarara,2010,1,852.22,1442.11,train,-1.2525029762733197,-1.5613720639804418,-1.5015504574523897,-1.5404122348082143,-0.38387035137150494,-0.2811961095179928,-0.7801328441928972,-0.10275358294272136,-0.7015708205836463,-1.0339005550164375,-1.166529159758477,0.0,7.105427357601002e-15,0.0,-0.44095855184409843,-0.4454651972011986,-0.4424625195441246,-0.4529425467679601,0.0,2.2373168287434777
Mbarara,2010,2,690.33,1484.6,train,-1.2525029762733197,-1.274551324271116,-1.5015504574523897,-1.5404122348082143,-0.6528045322375293,-0.5105092135593252,-0.9762423773299664,-0.23728627356117818,-0.606883365757106,-0.8640590060184744,-1.166529159758477,0.0,7.105427357601002e-15,0.0,-0.44095855184409843,-0.4454651972011986,-0.4424625195441246,-0.4529425467679601,0.0,2.2373168287434777
Mbarara,2010,3,804.59,1562.47,train,-1.2525029762733197,-0.9877305845617901,-1.5015504574523897,-1.5404122348082143,-0.4588407911501794,-0.7016572205848702,-0.8977985640751389,-0.2349667444125841,-0.4885240472239306,-0.6942174570205113,-1.104430573706166,0.0,7.105427357601002e-15,0.0,-0.44095855184409843,-0.4454651972011986,-0.4424625195441246,-0.4529425467679601,0.0,2.2373168287434777
Mbarara,2010,4,750.21,1692.16,train,-1.2525029762733197,-0.7009098448524642,-1.5015504574523897,-1.5404122348082143,-0.6942095959617297,-0.7511374625609712,-0.9370204707025525,-0.06641429294808072,-0.3560379713174409,-0.5243759080225477,-1.0423319876538555,0.0,7.105427357601002e-15,0.0,-0.44095855184409843,-0.4454651972011986,-0.4424625195441246,-0.4529425467679601,0.0,2.2373168287434777
Mbarara,2010,5,818.07,1871.43,test,-1.2525029762733197,-0.4140891051431384,-1.5015504574523897,-1.5404122348082143,-0.8322950037807695,-0.9025883933243214,-0.9762423773299664,-0.1555873024384755,-0.43201701773067275,-0.2979205093585972,-0.9802334016015445,0.0,7.105427357601002e-15,0.0,-0.44095855184409843,-0.4454651972011986,-0.4424625195441246,-0.4529425467679601,0.0,2.2373168287434777
Mbarara,2010,6,802.32,1760.34,train,-1.2525029762733197,-0.12726836543381256,-1.5015504574523897,-1.5404122348082143,-0.8357488521947047,-1.1046215160480315,-1.0154642839573804,-0.5099598112514604,-0.49539652378392146,-0.12807896036063413,-0.9802334016015445,0.0,7.105427357601002e-15,0.0,-0.44095855184409843,-0.4454651972011986,-0.4424625195441246,-0.4529425467679601,0.0,2.2373168287434777
Mbarara,2010,7,843.65,1621.48,train,-1.2525029762733197,0.15955237427551328,-1.5015504574523897,-1.5404122348082143,-0.9979426701729199,-1.4190804139950055,-1.0939080972122082,-0.5045475765714076,-0.4766881153706131,0.04176258863732944,-0.9181348155492339,0.0,7.105427357601002e-15,0.0,-0.44095855184409843,-0.4454651972011986,-0.4424625195441246,-0.4529425467679601,0.0,2.2373168287434777
Mbarara,2010,8,823.7,1828.44,train,-1.2525029762733197,0.4463731139848391,-1.5015504574523897,-1.5404122348082143,-1.1833677304591521,-1.5775461970971731,-1.1331300038396221,-0.6053182318047726,-0.4885240472239306,0.26821798730128055,-0.8560362294969235,0.0,7.105427357601002e-15,0.0,-0.44095855184409843,-0.4454651972011986,-0.4424625195441246,-0.4529425467679601,0.0,2.2373168287434777
Mbarara,2010,9,715.18,1925.64,train,-1.2525029762733197,0.7331938536941649,-1.5015504574523897,-1.5404122348082143,-1.0998037868886625,-1.599235798006849,-1.1331300038396221,-0.7568608028462528,-0.6137558423170968,0.4380595362992431,-0.8560362294969235,0.0,7.105427357601002e-15,0.0,-0.44095855184409843,-0.4454651972011986,-0.4424625195441246,-0.4529425467679601,0.0,2.2373168287434777
Mbarara,2010,10,886.99,1801.6,train,-1.2525029762733197,1.0200145934034908,-1.5015504574523897,-1.5404122348082143,-1.0744344479434471,-1.662208208082897,-1.0546861905847942,-0.3586749656709352,-0.3995636561973827,0.6079010852972067,-0.7939376434446125,0.0,7.105427357601002e-15,0.0,-0.44095855184409843,-0.4454651972011986,-0.4424625195441246,-0.4529425467679601,0.0,2.2373168287434777
Mbarara,2010,11,1015.2,1716.74,train,-1.2525029762733197,1.3068353331128166,-1.5015504574523897,-1.5404122348082143,-0.9194909704849616,-1.4897664739608638,-0.8193547508203111,-0.2483684683822388,-0.19568018491765496,0.7777426342951692,-0.7318390573923019,0.0,7.105427357601002e-15,0.0,-0.44095855184409843,-0.4454651972011986,-0.4424625195441246,-0.4529425467679601,0.0,2.2373168287434777
Mbarara,2010,12,1004.48,1639.08,train,-1.2525029762733197,1.5936560728221425,-1.5015504574523897,-1.5404122348082143,-0.9656793401475087,-1.5948817517275828,-0.9370204707025525,-0.2754296417825031,0.09143661358862834,0.7777426342951692,-0.7318390573923019,0.0,7.105427357601002e-15,0.0,-0.44095855184409843,-0.4454651972011986,-0.4424625195441246,-0.4529425467679601,0.0,2.2373168287434777
Mbarara,2011,1,903.68,1756.12,train,-1.0669405865966646,-1.5613720639804418,-1.5015504574523897,-1.5404122348082143,-0.8358996154191227,-1.4092166177944465,-0.8977985640751389,-0.16976220279099488,0.44842359045481833,0.7777426342951692,-0.7318390573923019,0.0,7.105427357601002e-15,0.0,-0.44095855184409843,-0.4454651972011986,-0.4424625195441246,-0.4529425467679601,0.0,2.2373168287434777
Mbarara,2011,2,804.18,1871.01,train,-1.0669405865966646,-1.274551324271116,-1.5015504574523897,-1.5404122348082143,-0.856005947257389,-1.465926726740439,-0.9762423773299664,0.0995609039068736,0.6110722023746012,0.7777426342951692,-0.7318390573923019,0.0,7.105427357601002e-15,0.0,-0.44095855184409843,-0.4454651972011986,-0.4424625195441246,-0.4529425467679601,0.0,2.2373168287434777
Mbarara,2011,3,919.32,1993.93,test,-1.0669405865966646,-0.9877305845617901,-1.5015504574523897,-1.5404122348082143,-0.6454308399887314,-1.3228344897601236,-0.7801328441928972,0.04208812611393136,0.6713972744011873,0.7777426342951692,-0.7318390573923019,0.0,7.105427357601002e-15,0.0,-0.44095855184409843,-0.4454651972011986,-0.4424625195441246,-0.4529425467679601,0.0,2.2373168287434777
Mbarara,2011,4,1200.0,2000.0,train,-1.0669405865966646,-0.7009098448524642,-1.5015504574523897,-1.5404122348082143,-0.653414438009038,-0.8264194602660545,-0.4663575911735856,1.2198934826778158,0.31173766776166756,0.7777426342951692,-0.54554329923537,0.0,7.105427357601002e-15,0.0,-0.44095855184409843,-0.4454651972011986,-0.4424625195441246,-0.4529425467679601,0.0,2.2373168287434777
Mbarara,2011,5,1442.03,2100.0,train,-1.0669405865966646,-0.4140891051431384,-1.5015504574523897,-1.5404122348082143,-0.0555286072110259,-0.7867761376616282,-0.1133604315268606,1.6402437094952544,0.08341872426863908,0.7777426342951692,-0.3592475410784375,0.0,7.105427357601002e-15,0.0,-0.44095855184409843,-0.4454651972011986,-0.4424625195441246,-0.4529425467679601,0.0,2.2373168287434777
Mbarara,2011,6,1263.36,2000.0,train,-1.0669405865966646,-0.12726836543381256,-1.5015504574523897,-1.5404122348082143,-0.4213761298823541,-0.462372813027442,-0.4271356845461717,1.1554621174390913,0.1368713197352343,0.7777426342951692,-0.17295178292150606,0.0,7.105427357601002e-15,0.0,-0.44095855184409843,-0.4454651972011986,-0.4424625195441246,-0.4529425467679601,0.0,2.2373168287434777
Mbarara,2011,7,1194.4,1950.0,train,-1.0669405865966646,0.15955237427551328,-1.5015504574523897,-1.5404122348082143,-0.15923999986280504,-0.4528315387734954,-0.3879137779187582,0.7459363599817581,0.39077114820156206,0.7777426342951692,0.013343975235426474,0.0,7.105427357601002e-15,0.0,-0.44095855184409843,-0.4454651972011986,-0.4424625195441246,-0.4529425467679601,0.0,2.2373168287434777
Mbarara,2011,8,1229.4,2055.0,train,-1.0669405865966646,0.4463731139848391,-1.5015504574523897,-1.5404122348082143,-0.1479396109053066,-0.747804735779311,-0.4271356845461717,0.9438695139951199,0.09029120082862989,0.7777426342951692,0.13754114734004744,0.0,7.105427357601002e-15,0.0,-0.44095855184409843,-0.4454651972011986,-0.4424625195441246,-0.4529425467679601,0.0,2.2373168287434777
Mbarara,2011,9,1052.77,2000.0,train,-1.0669405865966646,0.7331938536941649,-1.5015504574523897,-1.5404122348082143,-0.18289612034872718,-0.3531722572703001,-0.4271356845461717,0.8910357944993659,-0.23538782726426866,0.7777426342951692,0.26173831944466946,0.0,7.105427357601002e-15,0.0,-0.44095855184409843,-0.4454651972011986,-0.4424625195441246,-0.4529425467679601,0.0,2.2373168287434777
Mbarara,2011,10,973.18,1642.0,train,-1.0669405865966646,1.0200145934034908,-1.5015504574523897,-1.5404122348082143,-0.206675592563718,-0.6635458772268521,-0.6232452176832414,-0.07491923315959235,-0.7210428375036202,0.7777426342951692,0.4480340776016009,0.0,7.105427357601002e-15,0.0,-0.44095855184409843,-0.4454651972011986,-0.4424625195441246,-0.4529425467679601,0.0,2.2373168287434777
Mbarara,2011,11,1107.76,1515.0,train,-1.0669405865966646,1.3068353331128166,-1.5015504574523897,-1.5404122348082143,-0.22345828059095502,0.11940302500334475,-0.4271356845461717,-0.09038276081688629,-0.8313842667168062,0.7777426342951692,0.572231249706223,0.0,7.105427357601002e-15,0.0,-0.44095855184409843,-0.4454651972011986,-0.4424625195441246,-0.4529425467679601,0.0,2.2373168287434777
Mbarara,2011,12,1462.95,1600.0,train,-1.0669405865966646,1.5936560728221425,-1.5015504574523897,-1.5404122348082143,-0.06559547887783367,0.15856256468785238,-0.19180424478168848,0.8508306225904017,-0.4736336813439505,0.9475841832931328,0.6964284218108439,0.0,7.105427357601002e-15,0.0,-0.44095855184409843,-0.4454651972011986,-0.4424625195441246,-0.4529425467679601,0.0,2.2373168287434777
Mbarara,2012,1,1315.0,1718.0,test,-0.8813781969200096,-1.5613720639804418,-1.5015504574523897,-1.5404122348082143,-0.21569397453343783,0.12120377253859685,-0.19180424478168848,0.847737917058943,-0.46561579202396125,0.9475841832931328,0.820625593915466,0.0,7.105427357601002e-15,0.0,-0.44095855184409843,-0.4454651972011986,-0.4424625195441246,-0.4529425467679601,0.0,2.2373168287434777
Mbarara,2012,2,1250.0,1825.0,train,-0.8813781969200096,-1.274551324271116,-1.5015504574523897,-1.5404122348082143,-0.4240761621742001,-0.03489684962174768,-0.23102615140910243,1.1034015743262018,-0.4766881153706131,0.9475841832931328,0.8827241799677764,0.0,7.105427357601002e-15,0.0,-0.44095855184409843,-0.4454651972011986,-0.4424625195441246,-0.4529425467679601,0.0,2.2373168287434777
Mbarara,2012,3,1101.71,1934.0,train,-0.8813781969200096,-0.9877305845617901,-1.5015504574523897,-1.5404122348082143,-0.47161454798267044,-0.0029940537360158806,-0.3094699646639303,0.1858989333267645,-0.4976873493039184,0.9475841832931328,0.9448227660200869,0.0,7.105427357601002e-15,0.0,-0.44095855184409843,-0.4454651972011986,-0.4424625195441246,-0.4529425467679601,0.0,2.2373168287434777
Mbarara,2012,4,1428.66,2467.0,train,-0.8813781969200096,-0.7009098448524642,-1.5015504574523897,-1.5404122348082143,0.02373858446355642,-0.24475112955080514,0.16119291486503654,0.1657963473722824,0.5087486624814045,0.9475841832931328,0.9448227660200869,0.0,7.105427357601002e-15,0.0,-0.44095855184409843,-0.4454651972011986,-0.4424625195441246,-0.4529425467679601,0.0,2.2373168287434777
Mbarara,2012,5,1524.08,2842.85,train,-0.8813781969200096,-0.4140891051431384,-1.5015504574523897,-1.5404122348082143,-0.20340677174338612,-0.23590865284785187,0.23963672811986442,-0.1787825939244163,0.9676773749874583,0.9475841832931328,0.9448227660200869,0.0,7.105427357601002e-15,0.0,-0.44095855184409843,-0.4454651972011986,-0.4424625195441246,-0.4529425467679601,0.0,2.2373168287434777
Mbarara,2012,6,1430.93,2303.07,train,-0.8813781969200096,-0.12726836543381256,-1.5015504574523897,-1.5404122348082143,0.18271840461213706,-0.10714176566289836,0.3180805413746923,0.01631558001844155,0.1956691747484892,0.9475841832931328,0.9448227660200869,0.0,7.105427357601002e-15,0.0,-0.44095855184409843,-0.4454651972011986,-0.4424625195441246,-0.4529425467679601,0.0,2.2373168287434777
Mbarara,2012,7,1571.22,2158.0,train,-0.8813781969200096,0.15955237427551328,-1.5015504574523897,-1.5404122348082143,0.33313898533808856,-0.12928827266360837,0.3180805413746923,0.4876954481049502,0.024620869255384214,0.9475841832931328,0.9448227660200869,0.0,7.105427357601002e-15,0.0,-0.44095855184409843,-0.4454651972011986,-0.4424625195441246,-0.4529425467679601,0.0,2.2373168287434777
Mbarara,2012,8,1534.0,2100.0,train,-0.8813781969200096,0.4463731139848391,-1.5015504574523897,-1.5404122348082143,0.4061357974516577,0.15278404647771604,0.3180805413746923,0.3132153110384842,-0.29914913757085015,0.9475841832931328,0.9448227660200869,0.0,7.105427357601002e-15,0.0,-0.44095855184409843,-0.4454651972011986,-0.4424625195441246,-0.4529425467679601,0.0,2.2373168287434777
Mbarara,2012,9,1450.0,2000.0,train,-0.8813781969200096,0.7331938536941649,-1.5015504574523897,-1.5404122348082143,0.5074007141435656,0.0008762096233316408,0.35730244800210625,0.6469697829750772,-0.3827642690507385,0.9475841832931328,0.9448227660200869,0.0,7.105427357601002e-15,0.0,-0.44095855184409843,-0.4454651972011986,-0.4424625195441246,-0.4529425467679601,0.0,2.2373168287434777
Mbarara,2012,10,1387.0,1875.0,train,-0.8813781969200096,1.0200145934034908,-1.5015504574523897,-1.5404122348082143,0.19388173609289217,-0.11386097288398755,0.2004148214924505,0.7704202787724735,0.1590159664285381,0.9475841832931328,0.9448227660200869,0.0,7.105427357601002e-15,0.0,-0.44095855184409843,-0.4454651972011986,-0.4424625195441246,-0.4529425467679601,0.0,2.2373168287434777
Mbarara,2012,11,1225.0,1867.0,train,-0.8813781969200096,1.3068353331128166,-1.5015504574523897,-1.5404122348082143,0.1448562766617552,-0.10778680955612295,0.12197100823762261,-0.05275484351747114,0.5041670114414106,0.9475841832931328,0.9448227660200869,0.0,7.105427357601002e-15,0.0,-0.44095855184409843,-0.4454651972011986,-0.4424625195441246,-0.4529425467679601,0.0,2.2373168287434777
Mbarara,2012,12,1442.82,2000.0,train,-0.8813781969200096,1.5936560728221425,-1.5015504574523897,-1.5404122348082143,0.2982784161283886,0.11047991781373848,0.2004148214924505,-0.3609944948195293,0.5717463642813204,0.9475841832931328,0.9448227660200869,0.0,7.105427357601002e-15,0.0,-0.44095855184409843,-0.4454651972011986,-0.4424625195441246,-0.4529425467679601,0.0,2.2373168287434777
Mbarara,2013,1,1350.0,1900.0,train,-0.6958158072433546,-1.5613720639804418,-1.5015504574523897,-1.5404122348082143,0.039726339125681416,-0.13891017740420789,0.08274910161020867,-0.25687340859375046,0.021566435228721623,0.9475841832931328,0.9448227660200869,0.0,7.105427357601002e-15,0.0,-0.44095855184409843,-0.4454651972011986,-0.4424625195441246,-0.4529425467679601,0.0,2.2373168287434777
Mbarara,2013,2,1275.0,1950.0,train,-0.6958158072433546,-1.274551324271116,-1.5015504574523897,-1.5404122348082143,0.3889282312465154,0.16248658170496857,0.16119291486503654,-0.2738832890167737,-0.12122835551775439,0.9475841832931328,0.9448227660200869,0.0,7.105427357601002e-15,0.0,-0.44095855184409843,-0.4454651972011986,-0.4424625195441246,-0.4529425467679601,0.0,2.2373168287434777
Mbarara,2013,3,1140.0,2000.0,train,-0.6958158072433546,-0.9877305845617901,-1.5015504574523897,-1.5404122348082143,-0.08101444501147334,0.045357361426941974,-0.03491661827203272,-0.23573992079544878,-0.2525690186642457,0.9475841832931328,0.9448227660200869,0.0,7.105427357601002e-15,0.0,-0.44095855184409843,-0.4454651972011986,-0.4424625195441246,-0.4529425467679601,0.0,2.2373168287434777
Mbarara,2013,4,1399.53,2091.75,train,-0.6958158072433546,-0.7009098448524642,-1.5015504574523897,-1.5404122348082143,-0.07644357816207877,0.09800906921139665,0.08274910161020867,-0.3780043752425526,-0.9634885383699632,0.9475841832931328,0.9448227660200869,0.0,7.105427357601002e-15,0.0,-0.44095855184409843,-0.4454651972011986,-0.4424625195441246,-0.4529425467679601,0.0,2.2373168287434777
Mbarara,2013,5,1396.8,2276.8,train,-0.6958158072433546,-0.4140891051431384,-1.5015504574523897,-1.5404122348082143,0.057865896172679024,0.05936018927569194,0.12197100823762261,-0.5406291411050932,-1.1429365374363902,0.9475841832931328,0.9448227660200869,0.0,7.105427357601002e-15,0.0,-0.44095855184409843,-0.4454651972011986,-0.4424625195441246,-0.4529425467679601,0.0,2.2373168287434777
Mbarara,2013,6,1140.0,2000.0,train,-0.6958158072433546,-0.12726836543381256,-1.5015504574523897,-1.5404122348082143,-0.06152487181855244,0.12628349319773993,-0.07413852489944667,-0.8493842433290612,-0.8852186664367343,0.9475841832931328,0.9448227660200869,0.0,7.105427357601002e-15,0.0,-0.44095855184409843,-0.4454651972011986,-0.4424625195441246,-0.4529425467679601,0.0,2.2373168287434777
Mbarara,2013,7,1126.6,2013.4,train,-0.6958158072433546,0.15955237427551328,-1.5015504574523897,-1.5404122348082143,-0.1839103456766285,0.06003210999780086,-0.15258233815427455,-1.0547914357101151,-0.6385731187837302,0.9475841832931328,0.9448227660200869,0.0,7.105427357601002e-15,0.0,-0.44095855184409843,-0.4454651972011986,-0.4424625195441246,-0.4529425467679601,0.0,2.2373168287434777
Mbarara,2013,8,1338.97,2250.25,train,-0.6958158072433546,0.4463731139848391,-1.5015504574523897,-1.5404122348082143,-0.3897843814929855,0.05135089426815358,-0.07413852489944667,-0.6529974420814288,-0.10977422791776967,0.9475841832931328,0.9448227660200869,0.0,7.105427357601002e-15,0.0,-0.44095855184409843,-0.4454651972011986,-0.4424625195441246,-0.4529425467679601,0.0,2.2373168287434777
Mbarara,2013,9,1250.0,2533.5,train,-0.6958158072433546,0.7331938536941649,-1.5015504574523897,-1.5404122348082143,-0.36322264250010206,0.16995834013481967,0.08274910161020867,-0.6808317918645578,0.635507674587902,0.9475841832931328,0.9448227660200869,0.0,7.105427357601002e-15,0.0,-0.44095855184409843,-0.4454651972011986,-0.4424625195441246,-0.4529425467679601,0.0,2.2373168287434777
Mbarara,2013,10,1500.0,2693.0,test,-0.6958158072433546,1.0200145934034908,-1.5015504574523897,-1.5404122348082143,0.011965347211292682,0.12647163099993025,0.27885863474727834,-0.11538213052951136,1.2830476882403707,0.9475841832931328,0.9448227660200869,0.0,7.105427357601002e-15,0.0,-0.44095855184409843,-0.4454651972011986,-0.4424625195441246,-0.4529425467679601,0.0,2.2373168287434777
Mbarara,2013,11,1500.0,2234.0,test,-0.6958158072433546,1.3068353331128166,-1.5015504574523897,-1.5404122348082143,0.35781618402574933,0.08505443768913687,0.23963672811986442,0.2531652786359929,0.3678628930015926,0.9475841832931328,0.9448227660200869,0.0,7.105427357601002e-15,0.0,-0.44095855184409843,-0.4454651972011986,-0.4424625195441246,-0.4529425467679601,0.0,2.2373168287434777
Mbarara,2013,12,1500.0,1933.0,train,-0.6958158072433546,1.5936560728221425,-1.5015504574523897,-1.5404122348082143,0.3842340126680521,0.12082749693421559,0.23963672811986442,-0.2233690986696137,-0.5106686939172344,0.9475841832931328,0.9448227660200869,0.0,7.105427357601002e-15,0.0,-0.44095855184409843,-0.4454651972011986,-0.4424625195441246,-0.4529425467679601,0.0,2.2373168287434777
Mbarara,2014,1,1322.0,1822.0,train,-0.5102534175666995,-1.5613720639804418,-1.5015504574523897,-1.5404122348082143,0.17759245498193182,0.15195086478230052,0.004305288355381218,-0.37877755162541726,-0.539685817170529,0.9475841832931328,0.9448227660200869,0.0,7.105427357601002e-15,0.0,-0.44095855184409843,-0.4454651972011986,-0.4424625195441246,-0.4529425467679601,0.0,2.2373168287434777
Mbarara,2014,2,1167.0,2000.0,train,-0.5102534175666995,-1.274551324271116,-1.5015504574523897,-1.5404122348082143,-0.08884042693352517,-0.07948550874089534,-0.07413852489944667,-0.5437218466365521,-0.2850223801975357,0.9475841832931328,0.9448227660200869,0.0,7.105427357601002e-15,0.0,-0.44095855184409843,-0.4454651972011986,-0.4424625195441246,-0.4529425467679601,0.0,2.2373168287434777
Mbarara,2014,3,1208.0,1959.4,train,-0.5102534175666995,-0.9877305845617901,-1.5015504574523897,-1.5404122348082143,-0.20689488452650737,0.054468606418738574,-0.15258233815427455,-0.17182400647863408,-0.46027053247730165,0.9475841832931328,0.9448227660200869,0.0,7.105427357601002e-15,0.0,-0.44095855184409843,-0.4454651972011986,-0.4424625195441246,-0.4529425467679601,0.0,2.2373168287434777
Mbarara,2014,4,1210.0,2040.0,train,-0.5102534175666995,-0.7009098448524642,-1.5015504574523897,-1.5404122348082143,0.09173965154982566,0.3772324444909794,-0.03491661827203272,-0.6743886553406853,-0.47706991962394596,0.9475841832931328,0.9448227660200869,0.0,7.105427357601002e-15,0.0,-0.44095855184409843,-0.4454651972011986,-0.4424625195441246,-0.4529425467679601,0.0,2.2373168287434777
Mbarara,2014,5,1332.13,1963.0,train,-0.5102534175666995,-0.4140891051431384,-1.5015504574523897,-1.5404122348082143,0.251096379759451,0.6107383338382707,0.043527194982795156,-0.44475526962987116,-0.9088905301433694,0.9475841832931328,0.9448227660200869,0.0,7.105427357601002e-15,0.0,-0.44095855184409843,-0.4454651972011986,-0.4424625195441246,-0.4529425467679601,0.0,2.2373168287434777
Mbarara,2014,6,1267.0,1917.0,train,-0.5102534175666995,-0.12726836543381256,-1.5015504574523897,-1.5404122348082143,0.5124307235400508,1.0071984367114173,0.08274910161020867,-0.03832221770399683,-0.5412130341838604,0.9475841832931328,0.9448227660200869,0.0,7.105427357601002e-15,0.0,-0.44095855184409843,-0.4454651972011986,-0.4424625195441246,-0.4529425467679601,0.0,2.2373168287434777
Mbarara,2014,7,1430.0,1840.0,train,-0.5102534175666995,0.15955237427551328,-1.5015504574523897,-1.5404122348082143,0.6942306135664182,0.3048800211342908,0.16119291486503654,0.36862628514378726,-0.7114977311702996,0.9475841832931328,0.9448227660200869,0.0,7.105427357601002e-15,0.0,-0.44095855184409843,-0.4454651972011986,-0.4424625195441246,-0.4529425467679601,0.0,2.2373168287434777
Mbarara,2014,8,1488.57,1850.0,test,-0.5102534175666995,0.4463731139848391,-1.5015504574523897,-1.5404122348082143,0.6630431847334429,0.19621700195483618,0.2004148214924505,-0.037549041321132154,-1.0619940357298316,0.9475841832931328,0.9448227660200869,0.0,7.105427357601002e-15,0.0,-0.44095855184409843,-0.4454651972011986,-0.4424625195441246,-0.4529425467679601,0.0,2.2373168287434777
Mbarara,2014,9,1361.15,1843.55,train,-0.5102534175666995,0.7331938536941649,-1.5015504574523897,-1.5404122348082143,0.6251742039092237,0.4171982890420176,0.2004148214924505,-0.09631044641884891,-1.422417250876017,0.7777426342951692,0.8827241799677764,0.0,7.105427357601002e-15,0.0,-0.44095855184409843,-0.4454651972011986,-0.4424625195441246,-0.4529425467679601,0.0,2.2373168287434777
Mbarara,2014,10,1253.12,1800.0,train,-0.5102534175666995,1.0200145934034908,-1.5015504574523897,-1.5404122348082143,0.6196850519656485,0.27405229840393347,0.12197100823762261,-0.7496444899395156,-1.6488271731023814,0.7777426342951692,0.8827241799677764,0.0,7.105427357601002e-15,0.0,-0.44095855184409843,-0.4454651972011986,-0.4424625195441246,-0.4529425467679601,0.0,2.2373168287434777
Mbarara,2014,11,1269.59,1835.51,train,-0.5102534175666995,1.3068353331128166,-1.5015504574523897,-1.5404122348082143,0.36949348104429247,0.28190033243816587,0.2004148214924505,-0.7212946892344768,-1.0639030569964958,0.6645149349631941,0.820625593915466,0.0,7.105427357601002e-15,0.0,-0.44095855184409843,-0.4454651972011986,-0.4424625195441246,-0.4529425467679601,0.0,2.2373168287434777
Mbarara,2014,12,1247.0,1864.82,train,-0.5102534175666995,1.5936560728221425,-1.5015504574523897,-1.5404122348082143,0.5355112026236503,0.24171947325605236,0.27885863474727834,-0.7602112338386665,-0.5175411704772253,0.49467338596523064,0.6964284218108439,0.0,7.105427357601002e-15,0.0,-0.44095855184409843,-0.4454651972011986,-0.4424625195441246,-0.4529425467679601,0.0,2.2373168287434777
Mbarara,2015,1,1248.06,1900.0,train,-0.3246910278900444,-1.5613720639804418,-1.5015504574523897,-1.5404122348082143,0.8710895815561839,0.21779909554897461,0.3965243546295202,-0.4694969138815414,-0.21935204862429003,0.49467338596523064,0.6964284218108439,0.0,7.105427357601002e-15,0.0,-0.44095855184409843,-0.4454651972011986,-0.4424625195441246,-0.4529425467679601,0.0,2.2373168287434777
Mbarara,2015,2,1050.0,2138.12,test,-0.3246910278900444,-1.274551324271116,-1.5015504574523897,-1.5404122348082143,0.8710895815561839,0.5070475280024225,0.35730244800210625,-0.5839270185455161,-0.11893752999775743,0.49467338596523064,0.6964284218108439,0.0,7.105427357601002e-15,0.0,-0.44095855184409843,-0.4454651972011986,-0.4424625195441246,-0.4529425467679601,0.0,2.2373168287434777
Mbarara,2015,3,1425.0,2324.94,test,-0.3246910278900444,-0.9877305845617901,-1.5015504574523897,-1.5404122348082143,0.8710895815561839,-0.06357442604135594,0.5534119811391759,0.13744654666724368,0.3296824676683102,0.49467338596523064,0.6964284218108439,0.0,7.105427357601002e-15,0.0,-0.44095855184409843,-0.4454651972011986,-0.4424625195441246,-0.4529425467679601,0.0,2.2373168287434777
Mbarara,2015,4,1550.0,2481.51,train,-0.3246910278900444,-0.7009098448524642,-1.5015504574523897,-1.5404122348082143,0.8710895815561839,0.591010741437153,0.7887434209036596,0.39878016407551037,0.4434601351614917,0.49467338596523064,0.6964284218108439,0.0,7.105427357601002e-15,0.0,-0.44095855184409843,-0.4454651972011986,-0.4424625195441246,-0.4529425467679601,0.0,2.2373168287434777
Mbarara,2015,5,1695.73,2553.53,test,-0.3246910278900444,-0.4140891051431384,-1.5015504574523897,-1.5404122348082143,0.8710895815561839,-0.029252715556032396,0.8279653275310727,0.3779044017381636,0.7657029249743946,0.49467338596523064,0.6964284218108439,0.0,7.105427357601002e-15,0.0,-0.44095855184409843,-0.4454651972011986,-0.4424625195441246,-0.4529425467679601,0.0,2.2373168287434777
Mbarara,2015,6,1350.0,2750.0,train,-0.3246910278900444,-0.12726836543381256,-1.5015504574523897,-1.5404122348082143,0.8710895815561839,0.07970594874114985,0.7495215142762456,-0.1566182042822951,1.27617521168038,0.49467338596523064,0.6964284218108439,0.0,7.105427357601002e-15,0.0,-0.44095855184409843,-0.4454651972011986,-0.4424625195441246,-0.4529425467679601,0.0,2.2373168287434777
Mbarara,2015,7,1450.0,2325.0,train,-0.3246910278900444,0.15955237427551328,-1.5015504574523897,-1.5404122348082143,1.1280723504501784,0.5004895817546393,0.7495215142762456,-0.2893468166740676,0.6236717427345844,0.49467338596523064,0.6964284218108439,0.0,7.105427357601002e-15,0.0,-0.44095855184409843,-0.4454651972011986,-0.4424625195441246,-0.4529425467679601,0.0,2.2373168287434777
Mbarara,2015,8,1253.4,2587.27,train,-0.3246910278900444,0.4463731139848391,-1.5015504574523897,-1.5404122348082143,1.1999384383806135,0.427922143766876,0.7495215142762456,-0.7326346095164924,1.1387256804805634,0.49467338596523064,0.6964284218108439,0.0,7.105427357601002e-15,0.0,-0.44095855184409843,-0.4454651972011986,-0.4424625195441246,-0.4529425467679601,0.0,2.2373168287434777
Mbarara,2015,9,1090.78,2741.8,train,-0.3246910278900444,0.7331938536941649,-1.5015504574523897,-1.5404122348082143,0.6997677356268541,0.39943270514945806,0.4357462612569341,-0.8372711466641809,1.4773860531867777,0.6645149349631941,0.820625593915466,0.0,7.105427357601002e-15,0.0,-0.44095855184409843,-0.4454651972011986,-0.4424625195441246,-0.4529425467679601,0.0,2.2373168287434777
Mbarara,2015,10,972.33,2864.63,train,-0.3246910278900444,1.0200145934034908,-1.5015504574523897,-1.5404122348082143,1.0759288334231276,0.4706563016930035,0.514190074511762,-0.90299113920768,1.8756078894129127,0.6645149349631941,0.820625593915466,0.0,7.105427357601002e-15,0.0,-0.44095855184409843,-0.4454651972011986,-0.4424625195441246,-0.4529425467679601,0.0,2.2373168287434777
Mbarara,2015,11,900.0,3350.0,train,-0.3246910278900444,1.3068353331128166,-1.5015504574523897,-1.5404122348082143,1.0683358492115398,0.24588538173312754,0.6710777010214177,-1.0756671980474617,2.7675026251983885,0.7777426342951692,0.8827241799677764,0.0,7.105427357601002e-15,0.0,-0.44095855184409843,-0.4454651972011986,-0.4424625195441246,-0.4529425467679601,0.0,2.2373168287434777
Mbarara,2015,12,742.52,2682.36,train,-0.3246910278900444,1.5936560728221425,-1.5015504574523897,-1.5404122348082143,1.2137332734148432,0.5796149659901857,0.47496816788434804,-1.368185596231271,1.2910655775603601,0.7777426342951692,0.8827241799677764,0.0,7.105427357601002e-15,0.0,-0.44095855184409843,-0.4454651972011986,-0.4424625195441246,-0.4529425467679601,0.0,2.2373168287434777
Mbarara,2016,1,584.07,2267.0,test,-0.13912863821338933,-1.5613720639804418,-1.5015504574523897,-1.5404122348082143,0.6193287025261152,0.5286564984254453,0.16119291486503654,-1.6965278334878113,0.3548815483882766,0.7777426342951692,0.8827241799677764,0.0,7.105427357601002e-15,0.0,-0.44095855184409843,-0.4454651972011986,-0.4424625195441246,-0.4529425467679601,0.0,2.2373168287434777
Mbarara,2016,2,750.0,2100.0,train,-0.13912863821338933,-1.274551324271116,-1.5015504574523897,-1.5404122348082143,0.7508147928399571,0.5351606910154597,0.3180805413746923,-1.0617500231558972,-0.4507254261439811,0.7777426342951692,0.8827241799677764,0.0,7.105427357601002e-15,0.0,-0.44095855184409843,-0.4454651972011986,-0.4424625195441246,-0.4529425467679601,0.0,2.2373168287434777
Mbarara,2016,3,800.0,2425.0,train,-0.13912863821338933,-0.9877305845617901,-1.5015504574523897,-1.5404122348082143,0.6190682933203026,1.1868162841455734,0.5534119811391759,-1.4558122529559363,-0.2185884401176244,0.7777426342951692,0.8827241799677764,0.0,7.105427357601002e-15,0.0,-0.44095855184409843,-0.4454651972011986,-0.4424625195441246,-0.4529425467679601,0.0,2.2373168287434777
Mbarara,2016,4,900.0,2500.0,train,-0.13912863821338933,-0.7009098448524642,-1.5015504574523897,-1.5404122348082143,0.8307330075290708,0.6997275142743757,0.7102996076488317,-1.4063289644525958,-0.35412895005077677,0.7777426342951692,0.8827241799677764,0.0,7.105427357601002e-15,0.0,-0.44095855184409843,-0.4454651972011986,-0.4424625195441246,-0.4529425467679601,0.0,2.2373168287434777
Mbarara,2016,5,1000.0,2800.0,train,-0.13912863821338933,-0.4140891051431384,-1.5015504574523897,-1.5404122348082143,0.2878346364005368,0.9722585591617535,0.8279653275310727,-1.3828759475057002,-0.014323164584563773,0.7777426342951692,0.8827241799677764,0.0,7.105427357601002e-15,0.0,-0.44095855184409843,-0.4454651972011986,-0.4424625195441246,-0.4529425467679601,0.0,2.2373168287434777
Mbarara,2016,6,1075.0,2725.0,test,-0.13912863821338933,-0.12726836543381256,-1.5015504574523897,-1.5404122348082143,0.5277811609353185,1.241107478491975,0.8279653275310727,-0.8504151451728809,-0.4175084561040255,0.7777426342951692,0.8827241799677764,0.0,7.105427357601002e-15,0.0,-0.44095855184409843,-0.4454651972011986,-0.4424625195441246,-0.4529425467679601,0.0,2.2373168287434777
Mbarara,2016,7,1150.0,2275.0,train,-0.13912863821338933,0.15955237427551328,-1.5015504574523897,-1.5404122348082143,0.8562394039510295,1.3417343258350067,0.9064091407859005,-0.8586623599234376,-0.46485218351729557,0.7777426342951692,0.8827241799677764,0.0,7.105427357601002e-15,0.0,-0.44095855184409843,-0.4454651972011986,-0.4424625195441246,-0.4529425467679601,0.0,2.2373168287434777
Mbarara,2016,8,1200.0,2500.0,train,-0.13912863821338933,0.4463731139848391,-1.5015504574523897,-1.5404122348082143,1.2137332734148432,1.2257339323701222,1.0240748606681422,-0.4352194275745399,-0.5114323024239001,0.7777426342951692,0.8827241799677764,0.0,7.105427357601002e-15,0.0,-0.44095855184409843,-0.4454651972011986,-0.4424625195441246,-0.4529425467679601,0.0,2.2373168287434777
Mbarara,2016,9,1300.0,2600.0,train,-0.13912863821338933,0.7331938536941649,-1.5015504574523897,-1.5404122348082143,1.2137332734148432,0.9966895966176342,1.0632967672955562,0.16888905290374123,-0.5801570680238083,0.7777426342951692,0.8827241799677764,0.0,7.105427357601002e-15,0.0,-0.44095855184409843,-0.4454651972011986,-0.4424625195441246,-0.4529425467679601,0.0,2.2373168287434777
Mbarara,2016,10,1200.0,2500.0,test,-0.13912863821338933,1.0200145934034908,-1.5015504574523897,-1.5404122348082143,1.2137332734148432,1.2877656534352173,1.0240748606681422,0.2781646483486181,-0.8688010835434229,0.7777426342951692,0.8827241799677764,0.0,7.105427357601002e-15,0.0,-0.44095855184409843,-0.4454651972011986,-0.4424625195441246,-0.4529425467679601,0.0,2.2373168287434777
Mbarara,2016,11,1150.0,2600.0,train,-0.13912863821338933,1.3068353331128166,-1.5015504574523897,-1.5404122348082143,1.2137332734148432,1.1922454035802135,0.9848529540407284,0.39053294932495364,-1.2376239922629304,0.7777426342951692,0.8827241799677764,0.0,7.105427357601002e-15,0.0,-0.44095855184409843,-0.4454651972011986,-0.4424625195441246,-0.4529425467679601,0.0,2.2373168287434777
Mbarara,2016,12,1200.0,2700.0,train,-0.13912863821338933,1.5936560728221425,-1.5015504574523897,-1.5404122348082143,1.2137332734148432,1.143275821352916,1.1025186739229702,1.2624181837353738,-0.35756518833077217,0.9475841832931328,0.9448227660200869,0.0,7.105427357601002e-15,0.0,-0.44095855184409843,-0.4454651972011986,-0.4424625195441246,-0.4529425467679601,0.0,2.2373168287434777
Mbarara,2017,1,1250.0,2800.0,train,0.04643375146326575,-1.5613720639804418,-1.5015504574523897,-1.5404122348082143,1.2137332734148432,1.1343258373344254,1.259406300432626,2.6128995991390402,0.5148575305347297,0.9475841832931328,0.9448227660200869,0.0,7.105427357601002e-15,0.0,-0.44095855184409843,-0.4454651972011986,-0.4424625195441246,-0.4529425467679601,0.0,2.2373168287434777
Mbarara,2017,2,1300.0,2800.0,train,0.04643375146326575,-1.274551324271116,-1.5015504574523897,-1.5404122348082143,1.2137332734148432,1.0733691894247035,1.4162939269422818,1.5644724239745145,0.8897893073075623,0.9475841832931328,0.9448227660200869,0.0,7.105427357601002e-15,0.0,-0.44095855184409843,-0.4454651972011986,-0.4424625195441246,-0.4529425467679601,0.0,2.2373168287434777
Mbarara,2017,3,1400.0,2800.0,train,0.04643375146326575,-0.9877305845617901,-1.5015504574523897,-1.5404122348082143,1.2137332734148432,0.9581751008263512,1.5339596468245236,1.6075125759539826,0.20750510660180674,0.9475841832931328,0.9448227660200869,0.0,7.105427357601002e-15,0.0,-0.44095855184409843,-0.4454651972011986,-0.4424625195441246,-0.4529425467679601,0.0,2.2373168287434777
Mbarara,2017,4,1500.0,2800.0,train,0.04643375146326575,-0.7009098448524642,-1.5015504574523897,-1.5404122348082143,1.2137332734148432,1.4015621469315842,1.6908472733341793,1.3928272669785524,0.07540083494864976,0.9475841832931328,0.9448227660200869,0.0,7.105427357601002e-15,0.0,-0.44095855184409843,-0.4454651972011986,-0.4424625195441246,-0.4529425467679601,0.0,2.2373168287434777
Mbarara,2017,5,1575.0,2800.0,train,0.04643375146326575,-0.4140891051431384,-1.5015504574523897,-1.5404122348082143,1.2137332734148432,1.8596239416076763,1.6908472733341793,1.1564930192829108,-0.3827642690507385,0.9475841832931328,0.9448227660200869,0.0,7.105427357601002e-15,0.0,-0.44095855184409843,-0.4454651972011986,-0.4424625195441246,-0.4529425467679601,0.0,2.2373168287434777
Mbarara,2017,6,1425.0,2800.0,test,0.04643375146326575,-0.12726836543381256,-1.5015504574523897,-1.5404122348082143,1.2137332734148432,1.7111832156793738,1.6908472733341793,0.513725719661395,-0.27776809938421204,0.9475841832931328,0.9448227660200869,0.0,7.105427357601002e-15,0.0,-0.44095855184409843,-0.4454651972011986,-0.4424625195441246,-0.4529425467679601,0.0,2.2373168287434777
Mbarara,2017,7,1525.0,2800.0,train,0.04643375146326575,0.15955237427551328,-1.5015504574523897,-1.5404122348082143,1.2137332734148432,2.0028774395612983,1.847734899843834,0.5150143469661694,0.4984399476414182,0.9475841832931328,0.9448227660200869,0.0,7.105427357601002e-15,0.0,-0.44095855184409843,-0.4454651972011986,-0.4424625195441246,-0.4529425467679601,0.0,2.2373168287434777
Mbarara,2017,8,1350.0,2800.0,test,0.04643375146326575,0.4463731139848391,-1.5015504574523897,-1.5404122348082143,1.2137332734148432,1.8015968680463508,1.7300691799615933,-0.003271555014130702,0.07540083494864976,0.9475841832931328,0.9448227660200869,0.0,7.105427357601002e-15,0.0,-0.44095855184409843,-0.4454651972011986,-0.4424625195441246,-0.4529425467679601,0.0,2.2373168287434777
Mbarara,2017,9,1275.0,2944.46,train,0.04643375146326575,0.7331938536941649,-1.5015504574523897,-1.5404122348082143,1.2137332734148432,1.6510059958072993,1.7692910865890072,-0.3749116697110938,0.1231263666152527,0.9475841832931328,0.9448227660200869,0.0,7.105427357601002e-15,0.0,-0.44095855184409843,-0.4454651972011986,-0.4424625195441246,-0.4529425467679601,0.0,2.2373168287434777
Mbarara,2017,10,1249.95,2710.55,train,0.04643375146326575,1.0200145934034908,-1.5015504574523897,-1.5404122348082143,0.8623521674137881,2.0840454627920555,1.3770720203148679,-0.21821458945051572,-0.06128508774450109,0.7777426342951692,0.8827241799677764,0.0,7.105427357601002e-15,0.0,-0.44095855184409843,-0.4454651972011986,-0.4424625195441246,-0.4529425467679601,0.0,2.2373168287434777
Mbarara,2017,11,1200.0,2500.0,train,0.04643375146326575,1.3068353331128166,-1.5015504574523897,-1.5404122348082143,0.4150925035568428,2.0053501078186593,0.9848529540407284,-0.21331780569237266,-0.5297589065838756,0.7777426342951692,0.8827241799677764,0.0,7.105427357601002e-15,0.0,-0.44095855184409843,-0.4454651972011986,-0.4424625195441246,-0.4529425467679601,0.0,2.2373168287434777
Mbarara,2017,12,1105.56,2544.66,train,0.04643375146326575,1.5936560728221425,-1.5015504574523897,-1.5404122348082143,0.07525163709758732,2.649856464465534,0.9848529540407284,-0.5282583189792581,-0.602301714717112,0.6645149349631941,0.820625593915466,0.0,7.105427357601002e-15,0.0,-0.44095855184409843,-0.4454651972011986,-0.4424625195441246,-0.4529425467679601,0.0,2.2373168287434777
Mbarara,2018,1,1000.0,2500.0,test,0.23199614113992081,-1.5613720639804418,-1.5015504574523897,-1.5404122348082143,-0.15684149401979441,2.9977232607157642,0.9456310474133145,-0.8408793031175495,-0.7916766243701926,0.6645149349631941,0.820625593915466,0.0,7.105427357601002e-15,0.0,-0.44095855184409843,-0.4454651972011986,-0.4424625195441246,-0.4529425467679601,0.0,2.2373168287434777
Mbarara,2018,2,1000.0,2500.0,train,0.23199614113992081,-1.274551324271116,-1.5015504574523897,-1.5404122348082143,-0.15684149401979441,2.386571048714376,0.8671872341584865,-0.9202587450916581,-0.7916766243701926,0.6645149349631941,0.820625593915466,0.0,7.105427357601002e-15,0.0,-0.44095855184409843,-0.4454651972011986,-0.4424625195441246,-0.4529425467679601,0.0,2.2373168287434777
Mbarara,2018,3,1200.0,2500.0,train,0.23199614113992081,-0.9877305845617901,-1.5015504574523897,-1.5404122348082143,-0.15684149401979441,2.319352099674599,0.7495215142762456,-0.6937180649123027,-0.7916766243701926,0.6645149349631941,0.820625593915466,0.0,7.105427357601002e-15,0.0,-0.44095855184409843,-0.4454651972011986,-0.4424625195441246,-0.4529425467679601,0.0,2.2373168287434777
Mbarara,2018,4,1000.0,2550.0,train,0.23199614113992081,-0.7009098448524642,-1.5015504574523897,-1.5404122348082143,-0.15684149401979441,2.2338300301645755,0.6318557943940039,-1.1844273425704286,-0.7237154672769499,0.6645149349631941,0.820625593915466,0.0,7.105427357601002e-15,0.0,-0.44095855184409843,-0.4454651972011986,-0.4424625195441246,-0.4529425467679601,0.0,2.2373168287434777
Mbarara,2018,5,1000.0,2200.0,train,0.23199614113992081,-0.4140891051431384,-1.5015504574523897,-1.5404122348082143,-0.15684149401979441,2.199508319679252,0.47496816788434804,-1.2663840391540861,-1.2009707839429793,0.6645149349631941,0.820625593915466,0.0,7.105427357601002e-15,0.0,-0.44095855184409843,-0.4454651972011986,-0.4424625195441246,-0.4529425467679601,0.0,2.2373168287434777
Mbarara,2018,6,925.0,2300.0,test,0.23199614113992081,-0.12726836543381256,-1.5015504574523897,-1.5404122348082143,-0.49948518587845386,1.883194920539257,0.3180805413746923,-1.229787023698491,-1.0646666655031614,0.6645149349631941,0.820625593915466,0.0,7.105427357601002e-15,0.0,-0.44095855184409843,-0.4454651972011986,-0.4424625195441246,-0.4529425467679601,0.0,2.2373168287434777
Mbarara,2018,7,1014.44,2331.34,train,0.23199614113992081,0.15955237427551328,-1.5015504574523897,-1.5404122348082143,-0.2223412621554957,1.5802930590125568,0.47496816788434804,-1.1882932244847522,-1.021904589129885,0.49467338596523064,0.6964284218108439,0.0,7.105427357601002e-15,0.0,-0.44095855184409843,-0.4454651972011986,-0.4424625195441246,-0.4529425467679601,0.0,2.2373168287434777
Mbarara,2018,8,1006.16,2344.07,test,0.23199614113992081,0.4463731139848391,-1.5015504574523897,-1.5404122348082143,-0.22685045314035562,1.7957645961784452,0.47496816788434804,-0.9818551302598787,-1.0043415934765754,0.38144568663325557,0.572231249706223,0.0,7.105427357601002e-15,0.0,-0.44095855184409843,-0.4454651972011986,-0.4424625195441246,-0.4529425467679601,0.0,2.2373168287434777
Mbarara,2018,9,954.9,2424.23,train,0.23199614113992081,0.7331938536941649,-1.5015504574523897,-1.5404122348082143,-0.16495529664300757,1.0808947015123238,0.3965243546295202,-0.9725770136655024,-1.0574123846898378,0.211604137635292,0.4480340776016009,0.0,7.105427357601002e-15,0.0,-0.44095855184409843,-0.4454651972011986,-0.4424625195441246,-0.4529425467679601,0.0,2.2373168287434777
Mbarara,2018,10,936.0,2325.0,test,0.23199614113992081,1.0200145934034908,-1.5015504574523897,-1.5404122348082143,-0.15684149401979441,1.0593394847470698,0.35730244800210625,-0.9728347391264575,-0.9256899172900136,0.32483183696726803,0.572231249706223,0.0,7.105427357601002e-15,0.0,-0.44095855184409843,-0.4454651972011986,-0.4424625195441246,-0.4529425467679601,0.0,2.2373168287434777
Mbarara,2018,11,1000.0,2300.0,train,0.23199614113992081,1.3068353331128166,-1.5015504574523897,-1.5404122348082143,-0.15684149401979441,0.8497002194490869,0.3180805413746923,-0.7550567246195685,-0.6882076717169974,0.32483183696726803,0.572231249706223,0.0,7.105427357601002e-15,0.0,-0.44095855184409843,-0.4454651972011986,-0.4424625195441246,-0.4529425467679601,0.0,2.2373168287434777
Mbarara,2018,12,1025.0,2300.0,test,0.23199614113992081,1.5936560728221425,-1.5015504574523897,-1.5404122348082143,-0.15684149401979441,0.42821778888460427,0.3180805413746923,-0.5133102422438741,-0.7496781565035819,0.49467338596523064,0.6964284218108439,0.0,7.105427357601002e-15,0.0,-0.44095855184409843,-0.4454651972011986,-0.4424625195441246,-0.4529425467679601,0.0,2.2373168287434777
Mbarara,2019,1,1000.0,2300.0,train,0.4175585308165759,-1.5613720639804418,-1.5015504574523897,-1.5404122348082143,-0.15684149401979441,0.7655219913832811,0.23963672811986442,-0.32542838120775336,-0.6882076717169974,0.49467338596523064,0.6964284218108439,0.0,7.105427357601002e-15,0.0,-0.44095855184409843,-0.4454651972011986,-0.4424625195441246,-0.4529425467679601,0.0,2.2373168287434777
Mbarara,2019,2,1000.0,2300.0,train,0.4175585308165759,-1.274551324271116,-1.5015504574523897,-1.5404122348082143,-0.34004622318278255,0.7290501345872098,0.2004148214924505,-0.32542838120775336,-0.6882076717169974,0.49467338596523064,0.6964284218108439,0.0,7.105427357601002e-15,0.0,-0.44095855184409843,-0.4454651972011986,-0.4424625195441246,-0.4529425467679601,0.0,2.2373168287434777
Mbarara,2019,3,1000.0,2500.0,test,0.4175585308165759,-0.9877305845617901,-1.5015504574523897,-1.5404122348082143,-0.5313510492213092,0.8478994719138349,0.2004148214924505,-0.7550567246195685,-0.3827642690507385,0.49467338596523064,0.6964284218108439,0.0,7.105427357601002e-15,0.0,-0.44095855184409843,-0.4454651972011986,-0.4424625195441246,-0.4529425467679601,0.0,2.2373168287434777
Mbarara,2019,4,1075.0,2800.0,train,0.4175585308165759,-0.7009098448524642,-1.5015504574523897,-1.5404122348082143,-0.8421288777371133,0.5421217896965079,0.23963672811986442,-0.13213428549157977,-0.008596100784571405,0.49467338596523064,0.6964284218108439,0.0,7.105427357601002e-15,0.0,-0.44095855184409843,-0.4454651972011986,-0.4424625195441246,-0.4529425467679601,0.0,2.2373168287434777
Mbarara,2019,5,1200.0,2650.0,train,0.4175585308165759,-0.4140891051431384,-1.5015504574523897,-1.5404122348082143,-0.6411340880928236,1.1251070850270901,0.514190074511762,0.19002254070204289,0.39802542901488563,0.49467338596523064,0.6964284218108439,0.0,7.105427357601002e-15,0.0,-0.44095855184409843,-0.4454651972011986,-0.4424625195441246,-0.4529425467679601,0.0,2.2373168287434777
Mbarara,2019,6,1300.0,2545.57,train,0.4175585308165759,-0.12726836543381256,-1.5015504574523897,-1.5404122348082143,-0.6272570185725478,0.7423810417138508,0.47496816788434804,0.7193906375034036,0.02500267350871703,0.49467338596523064,0.6964284218108439,0.0,7.105427357601002e-15,0.0,-0.44095855184409843,-0.4454651972011986,-0.4424625195441246,-0.4529425467679601,0.0,2.2373168287434777
Mbarara,2019,7,1300.0,2800.0,train,0.4175585308165759,0.15955237427551328,-1.5015504574523897,-1.5404122348082143,-0.61547007557261,1.4725976056729388,0.47496816788434804,0.4000687913802848,0.3846622801482369,0.6645149349631941,0.820625593915466,0.0,7.105427357601002e-15,0.0,-0.44095855184409843,-0.4454651972011986,-0.4424625195441246,-0.4529425467679601,0.0,2.2373168287434777
Mbarara,2019,8,1550.0,2950.0,train,0.4175585308165759,0.4463731139848391,-1.5015504574523897,-1.5404122348082143,-0.8421288777371133,1.334934488127264,0.47496816788434804,1.067577735253471,0.6041997258146105,0.7777426342951692,0.8827241799677764,0.0,7.105427357601002e-15,0.0,-0.44095855184409843,-0.4454651972011986,-0.4424625195441246,-0.4529425467679601,0.0,2.2373168287434777
Mbarara,2019,9,1575.0,3000.0,train,0.4175585308165759,0.7331938536941649,-1.5015504574523897,-1.5404122348082143,-0.15684149401979441,1.5474764509447572,0.5926338877665899,1.348240762233355,0.5240208326147174,0.9475841832931328,0.9448227660200869,0.0,7.105427357601002e-15,0.0,-0.44095855184409843,-0.4454651972011986,-0.4424625195441246,-0.4529425467679601,0.0,2.2373168287434777
Mbarara,2019,10,1500.0,3000.0,test,0.4175585308165759,1.0200145934034908,-1.5015504574523897,-1.5404122348082143,-0.3281633399491241,1.378743719208766,0.514190074511762,1.2276252465064625,0.7256134783744483,0.9475841832931328,0.9448227660200869,0.0,7.105427357601002e-15,0.0,-0.44095855184409843,-0.4454651972011986,-0.4424625195441246,-0.4529425467679601,0.0,2.2373168287434777
Mbarara,2019,11,1425.0,3200.0,train,0.4175585308165759,1.3068353331128166,-1.5015504574523897,-1.5404122348082143,-0.8421288777371133,1.0740411101468124,0.3180805413746923,0.7699048278505637,1.1112357742406,0.9475841832931328,0.9448227660200869,0.0,7.105427357601002e-15,0.0,-0.44095855184409843,-0.4454651972011986,-0.4424625195441246,-0.4529425467679601,0.0,2.2373168287434777
Mbarara,2019,12,1200.0,3200.0,train,0.4175585308165759,1.5936560728221425,-1.5015504574523897,-1.5404122348082143,-0.8421288777371133,1.0256896949838552,0.23963672811986442,0.11450898064225774,1.1112357742406,0.9475841832931328,0.9448227660200869,0.0,7.105427357601002e-15,0.0,-0.44095855184409843,-0.4454651972011986,-0.4424625195441246,-0.4529425467679601,0.0,2.2373168287434777
Mbarara,2020,1,1100.0,3200.0,train,0.603120920493231,-1.5613720639804418,-1.5015504574523897,-1.5404122348082143,-0.43537655113169854,1.3401217161019443,0.35730244800210625,-0.06770292025285522,1.1112357742406,0.9475841832931328,0.9448227660200869,0.0,7.105427357601002e-15,0.0,-0.44095855184409843,-0.4454651972011986,-0.4424625195441246,-0.4529425467679601,0.0,2.2373168287434777
Mbarara,2020,2,1150.0,3400.0,train,0.603120920493231,-1.274551324271116,-1.5015504574523897,-1.5404122348082143,-0.15684149401979441,1.4417967597714672,0.514190074511762,0.061159810224593825,1.4434054746401566,0.9475841832931328,0.9448227660200869,0.0,7.105427357601002e-15,0.0,-0.44095855184409843,-0.4454651972011986,-0.4424625195441246,-0.4529425467679601,0.0,2.2373168287434777
Mbarara,2020,3,1248.44,3633.08,train,0.603120920493231,-0.9877305845617901,-1.5015504574523897,-1.5404122348082143,-0.1686010255243835,1.262125158679541,0.6710777010214177,0.31476166380421355,1.3475726070536178,0.7777426342951692,0.8827241799677764,0.0,7.105427357601002e-15,0.0,-0.44095855184409843,-0.4454651972011986,-0.4424625195441246,-0.4529425467679601,0.0,2.2373168287434777
Mbarara,2020,4,1450.0,4083.33,train,0.603120920493231,-0.7009098448524642,-1.5015504574523897,-1.5404122348082143,-0.3281633399491241,1.0675906712145677,0.9064091407859005,0.5735180266029314,1.3670446239735918,0.7777426342951692,0.8827241799677764,0.0,7.105427357601002e-15,0.0,-0.44095855184409843,-0.4454651972011986,-0.4424625195441246,-0.4529425467679601,0.0,2.2373168287434777
Mbarara,2020,5,1258.33,4250.0,train,0.603120920493231,-0.4140891051431384,-1.5015504574523897,-1.5404122348082143,0.44278496673285955,1.1769524879450144,0.9848529540407284,-0.20017380718367284,1.9225698125728503,0.7777426342951692,0.8827241799677764,0.0,7.105427357601002e-15,0.0,-0.44095855184409843,-0.4454651972011986,-0.4424625195441246,-0.4529425467679601,0.0,2.2373168287434777
Mbarara,2020,6,1200.0,3380.0,train,0.603120920493231,-0.12726836543381256,-1.5015504574523897,-1.5404122348082143,0.22349300394331753,0.2727353337886,0.8279653275310727,-0.52361926068207,0.8687900733742572,0.7777426342951692,0.8827241799677764,0.0,7.105427357601002e-15,0.0,-0.44095855184409843,-0.4454651972011986,-0.4424625195441246,-0.4529425467679601,0.0,2.2373168287434777
Mbarara,2020,7,1200.0,3638.0,train,0.603120920493231,0.15955237427551328,-1.5015504574523897,-1.5404122348082143,0.185802197838865,0.4273577303603044,0.8279653275310727,-0.52361926068207,0.7599758611744024,0.7777426342951692,0.8827241799677764,0.0,7.105427357601002e-15,0.0,-0.44095855184409843,-0.4454651972011986,-0.4424625195441246,-0.4529425467679601,0.0,2.2373168287434777
Mbarara,2020,8,1200.0,3466.0,train,0.603120920493231,0.4463731139848391,-1.5015504574523897,-1.5404122348082143,0.185802197838865,0.4266320559804268,0.7102996076488317,-0.9073724720439131,0.28501137002836985,0.7777426342951692,0.8827241799677764,0.0,7.105427357601002e-15,0.0,-0.44095855184409843,-0.4454651972011986,-0.4424625195441246,-0.4529425467679601,0.0,2.2373168287434777
Mbarara,2020,9,1000.0,3800.0,train,0.603120920493231,0.7331938536941649,-1.5015504574523897,-1.5404122348082143,0.185802197838865,0.12743919683976745,0.5534119811391759,-1.2663840391540861,0.635507674587902,0.7777426342951692,0.8827241799677764,0.0,7.105427357601002e-15,0.0,-0.44095855184409843,-0.4454651972011986,-0.4424625195441246,-0.4529425467679601,0.0,2.2373168287434777
Mbarara,2020,10,1000.0,3500.0,train,0.603120920493231,1.0200145934034908,-1.5015504574523897,-1.5404122348082143,0.4125569402370889,0.36250394226235183,0.514190074511762,-1.1844273425704286,0.25370342125507844,0.7777426342951692,0.8827241799677764,0.0,7.105427357601002e-15,0.0,-0.44095855184409843,-0.4454651972011986,-0.4424625195441246,-0.4529425467679601,0.0,2.2373168287434777
Mbarara,2020,11,1100.0,3400.0,test,0.603120920493231,1.3068353331128166,-1.5015504574523897,-1.5404122348082143,0.11508053983923783,0.4740159053035481,0.6710777010214177,-0.9133001576458759,-0.1441366107177238,0.7777426342951692,0.8827241799677764,0.0,7.105427357601002e-15,0.0,-0.44095855184409843,-0.4454651972011986,-0.4424625195441246,-0.4529425467679601,0.0,2.2373168287434777
Mbarara,2020,12,1100.0,3500.0,test,0.603120920493231,1.5936560728221425,-1.5015504574523897,-1.5404122348082143,-0.15684149401979441,0.31864095752308114,0.5926338877665899,-0.5401136901831834,-0.025013683677882877,0.7777426342951692,0.8827241799677764,0.0,7.105427357601002e-15,0.0,-0.44095855184409843,-0.4454651972011986,-0.4424625195441246,-0.4529425467679601,0.0,2.2373168287434777
Mbarara,2021,1,900.2,3208.0,test,0.788683310169886,-1.5613720639804418,-1.5015504574523897,-1.5404122348082143,-0.01978401727633065,0.22242191011708404,0.35730244800210625,-0.7934578183018484,-0.37321916271741795,0.7777426342951692,0.8827241799677764,0.0,7.105427357601002e-15,0.0,-0.44095855184409843,-0.4454651972011986,-0.4424625195441246,-0.4529425467679601,0.0,2.2373168287434777
Mbarara,2021,2,742.41,3140.99,train,0.788683310169886,-1.274551324271116,-1.5015504574523897,-1.5404122348082143,0.12109051019443838,0.2693757301780554,0.3180805413746923,-1.2388074148319121,-0.6736991100903501,0.6079010852972067,0.7585270078631544,0.0,7.105427357601002e-15,0.0,-0.44095855184409843,-0.4454651972011986,-0.4424625195441246,-0.4529425467679601,0.0,2.2373168287434777
Mbarara,2021,3,714.77,2946.98,train,0.788683310169886,-0.9877305845617901,-1.5015504574523897,-1.5404122348082143,0.3084206694074051,0.26171583394601394,0.23963672811986442,-1.4272047267899426,-1.1036106993431094,0.6079010852972067,0.7585270078631544,0.0,7.105427357601002e-15,0.0,-0.44095855184409843,-0.4454651972011986,-0.4424625195441246,-0.4529425467679601,0.0,2.2373168287434777
Mbarara,2021,4,678.87,3000.0,train,0.788683310169886,-0.7009098448524642,-1.5015504574523897,-1.5404122348082143,0.185802197838865,0.23921992816980703,0.043527194982795156,-1.6960123825659017,-1.3956909531427195,0.6079010852972067,0.7585270078631544,0.0,7.105427357601002e-15,0.0,-0.44095855184409843,-0.4454651972011986,-0.4424625195441246,-0.4529425467679601,0.0,2.2373168287434777
Mbarara,2021,5,650.0,2500.0,train,0.788683310169886,-0.4140891051431384,-1.5015504574523897,-1.5404122348082143,0.5284458896975244,0.23405957702401095,-0.03491661827203272,-1.5712732594637309,-1.9550341842753058,0.6079010852972067,0.7585270078631544,0.0,7.105427357601002e-15,0.0,-0.44095855184409843,-0.4454651972011986,-0.4424625195441246,-0.4529425467679601,0.0,2.2373168287434777
Mbarara,2021,6,1000.0,2500.0,train,0.788683310169886,-0.12726836543381256,-1.5015504574523897,-1.5404122348082143,1.2137332734148432,0.3930091430460965,0.3965243546295202,-0.7550567246195685,-1.376982544729411,0.6645149349631941,0.7585270078631544,0.0,7.105427357601002e-15,0.0,-0.44095855184409843,-0.4454651972011986,-0.4424625195441246,-0.4529425467679601,0.0,2.2373168287434777
Mbarara,2021,7,1000.0,3000.0,train,0.788683310169886,0.15955237427551328,-1.5015504574523897,-1.5404122348082143,1.2137332734148432,0.28969461281462894,0.47496816788434804,-0.7550567246195685,-1.052448929396511,0.6645149349631941,0.7585270078631544,0.0,7.105427357601002e-15,0.0,-0.44095855184409843,-0.4454651972011986,-0.4424625195441246,-0.4529425467679601,0.0,2.2373168287434777
Mbarara,2021,8,800.0,2369.0,test,0.788683310169886,0.4463731139848391,-1.5015504574523897,-1.5404122348082143,1.1794689042289774,0.16033643539422016,0.23963672811986442,-1.1844273425704286,-1.591174730849125,0.6645149349631941,0.7585270078631544,0.0,7.105427357601002e-15,0.0,-0.44095855184409843,-0.4454651972011986,-0.4424625195441246,-0.4529425467679601,0.0,2.2373168287434777
Mbarara,2021,9,1125.0,2375.0,train,0.788683310169886,0.7331938536941649,-1.5015504574523897,-1.5404122348082143,1.1157371775432667,0.30794397962710773,0.35730244800210625,-0.003271555014130702,-1.8145302190488268,0.6645149349631941,0.7585270078631544,0.0,7.105427357601002e-15,0.0,-0.44095855184409843,-0.4454651972011986,-0.4424625195441246,-0.4529425467679601,0.0,2.2373168287434777
Mbarara,2021,10,1000.0,2453.0,test,0.788683310169886,1.0200145934034908,-1.5015504574523897,-1.5404122348082143,1.2137332734148432,0.1408507344530615,0.514190074511762,-0.32542838120775336,-1.5247407907692139,0.6645149349631941,0.820625593915466,0.0,7.105427357601002e-15,0.0,-0.44095855184409843,-0.4454651972011986,-0.4424625195441246,-0.4529425467679601,0.0,2.2373168287434777
Mbarara,2021,11,1183.0,2383.0,train,0.788683310169886,1.3068353331128166,-1.5015504574523897,-1.5404122348082143,1.3384281657560466,-0.10117510965057108,0.3965243546295202,-0.13084565818680527,-1.5247407907692139,0.6645149349631941,0.820625593915466,0.0,7.105427357601002e-15,0.0,-0.44095855184409843,-0.4454651972011986,-0.4424625195441246,-0.4529425467679601,0.0,2.2373168287434777
Mbarara,2021,12,1200.0,2450.0,train,0.788683310169886,1.5936560728221425,-1.5015504574523897,-1.5404122348082143,1.2137332734148432,0.052882873514561744,0.35730244800210625,-0.09115593719975096,-1.5281770290492092,0.6645149349631941,0.820625593915466,0.0,7.105427357601002e-15,0.0,-0.44095855184409843,-0.4454651972011986,-0.4424625195441246,-0.4529425467679601,0.0,2.2373168287434777
Mbarara,2022,1,1322.14,2745.85,test,0.9742456998465411,-1.5613720639804418,-1.5015504574523897,-1.5404122348082143,1.9727027566294486,-0.058521582211097184,0.8279653275310727,0.882530854287854,-0.9329441981033373,0.49467338596523064,0.6964284218108439,0.0,7.105427357601002e-15,0.0,-0.44095855184409843,-0.4454651972011986,-0.4424625195441246,-0.4529425467679601,0.0,2.2373168287434777
Mbarara,2022,2,1500.0,3000.0,train,0.9742456998465411,-1.274551324271116,-1.5015504574523897,-1.5404122348082143,2.5843080408494807,0.24865369510821622,1.220184393805212,2.304659947836982,-0.5541943787971763,0.6645149349631941,0.820625593915466,0.0,7.105427357601002e-15,0.0,-0.44095855184409843,-0.4454651972011986,-0.4424625195441246,-0.4529425467679601,0.0,2.2373168287434777
Mbarara,2022,3,1375.0,3000.0,train,0.9742456998465411,-0.9877305845617901,-1.5015504574523897,-1.5404122348082143,2.5843080408494807,-0.12127897765607,1.259406300432626,2.0551817016326406,-0.31403950345083026,0.7777426342951692,0.8827241799677764,0.0,7.105427357601002e-15,0.0,-0.44095855184409843,-0.4454651972011986,-0.4424625195441246,-0.4529425467679601,0.0,2.2373168287434777
Mbarara,2022,4,1600.0,3500.0,train,0.9742456998465411,-0.7009098448524642,-1.5015504574523897,-1.5404122348082143,2.5843080408494807,0.08698956936881062,1.4947377401971096,3.171648398489259,0.25370342125507844,0.7777426342951692,0.8827241799677764,0.0,7.105427357601002e-15,0.0,-0.44095855184409843,-0.4454651972011986,-0.4424625195441246,-0.4529425467679601,0.0,2.2373168287434777
Mbarara,2022,5,1957.0,3714.0,train,0.9742456998465411,-0.4140891051431384,-1.5015504574523897,-1.5404122348082143,2.8782963284642107,-0.3407551623257276,1.6908472733341793,4.856915187673338,1.4712771851334527,0.7777426342951692,0.8827241799677764,0.0,7.105427357601002e-15,0.0,-0.44095855184409843,-0.4454651972011986,-0.4424625195441246,-0.4529425467679601,0.0,2.2373168287434777
Mbarara,2022,6,2071.0,3643.0,train,0.9742456998465411,-0.12726836543381256,-1.5015504574523897,-1.5404122348082143,2.780300232592634,-0.48083719447099477,1.7300691799615933,2.4348113056192053,1.3628447771869308,0.7777426342951692,0.8827241799677764,0.0,7.105427357601002e-15,0.0,-0.44095855184409843,-0.4454651972011986,-0.4424625195441246,-0.4529425467679601,0.0,2.2373168287434777
Mbarara,2022,7,2500.0,4000.0,train,0.9742456998465411,0.15955237427551328,-1.5015504574523897,-1.5404122348082143,2.5843080408494807,-0.47344606652779664,2.122288246235732,3.5404535331157185,0.8897893073075623,0.7777426342951692,0.8827241799677764,0.0,7.105427357601002e-15,0.0,-0.44095855184409843,-0.4454651972011986,-0.4424625195441246,-0.4529425467679601,0.0,2.2373168287434777
Mbarara,2022,8,2500.0,4250.0,train,0.9742456998465411,0.4463731139848391,-1.5015504574523897,-1.5404122348082143,2.5843080408494807,-0.28748528747693264,2.083066339608318,5.1512376640838315,2.648761502411881,0.7777426342951692,0.8827241799677764,0.0,7.105427357601002e-15,0.0,-0.44095855184409843,-0.4454651972011986,-0.4424625195441246,-0.4529425467679601,0.0,2.2373168287434777
Mbarara,2022,9,2500.0,4500.0,train,0.9742456998465411,0.7331938536941649,-1.5015504574523897,-1.5404122348082143,2.5843080408494807,-0.7865073693727843,2.122288246235732,2.8244922025830115,3.0332383855180343,0.7777426342951692,0.8827241799677764,0.0,7.105427357601002e-15,0.0,-0.44095855184409843,-0.4454651972011986,-0.4424625195441246,-0.4529425467679601,0.0,2.2373168287434777
Mbarara,2022,10,2500.0,4300.0,train,0.9742456998465411,1.0200145934034908,-1.5015504574523897,-1.5404122348082143,2.5843080408494807,-1.1775921064690598,2.1615101528631455,3.5404535331157185,2.4922217585454223,0.7777426342951692,0.8827241799677764,0.0,7.105427357601002e-15,0.0,-0.44095855184409843,-0.4454651972011986,-0.4424625195441246,-0.4529425467679601,0.0,2.2373168287434777
Mbarara,2022,11,2500.0,4000.0,test,0.9742456998465411,1.3068353331128166,-1.5015504574523897,-1.5404122348082143,2.5843080408494807,-1.224223404583419,2.2007320594905595,2.5438291756031273,2.208159394065802,0.7777426342951692,0.8827241799677764,0.0,7.105427357601002e-15,0.0,-0.44095855184409843,-0.4454651972011986,-0.4424625195441246,-0.4529425467679601,0.0,2.2373168287434777
Mbarara,2022,12,2500.0,4000.0,train,0.9742456998465411,1.5936560728221425,-1.5015504574523897,-1.5404122348082143,2.5843080408494807,-1.2486275652104148,2.1615101528631455,2.466511537316658,2.0329112417860364,0.7777426342951692,0.8827241799677764,0.0,7.105427357601002e-15,0.0,-0.44095855184409843,-0.4454651972011986,-0.4424625195441246,-0.4529425467679601,0.0,2.2373168287434777
Mbarara,2023,1,2500.0,4500.0,train,1.1598080895231961,-1.5613720639804418,-1.5015504574523897,-1.5404122348082143,2.412986194920151,-1.2655599674075595,2.1615101528631455,1.970647750439434,2.0562013012393385,0.9475841832931328,0.9448227660200869,0.0,7.105427357601002e-15,0.0,-0.44095855184409843,-0.4454651972011986,-0.4424625195441246,-0.4529425467679601,0.0,2.2373168287434777
Mbarara,2023,2,2500.0,4666.67,test,1.1598080895231961,-1.274551324271116,-1.5015504574523897,-1.5404122348082143,1.4421601170293372,-0.8553389281456224,1.847734899843834,1.3928272669785524,1.7385401624664292,0.9475841832931328,0.9448227660200869,0.0,7.105427357601002e-15,0.0,-0.44095855184409843,-0.4454651972011986,-0.4424625195441246,-0.4529425467679601,0.0,2.2373168287434777
Mbarara,2023,3,2500.0,4500.0,test,1.1598080895231961,-0.9877305845617901,-1.5015504574523897,-1.5404122348082143,1.2137332734148432,-1.2996397864329239,1.7692910865890072,1.7832813403252228,1.5262569976133793,0.9475841832931328,0.9448227660200869,0.0,7.105427357601002e-15,0.0,-0.44095855184409843,-0.4454651972011986,-0.4424625195441246,-0.4529425467679601,0.0,2.2373168287434777
Mbarara,2023,4,2500.0,4500.0,test,1.1598080895231961,-0.7009098448524642,-1.5015504574523897,-1.5404122348082143,1.2137332734148432,-1.1074167062520044,1.847734899843834,1.1242773366635486,0.7080504827211384,0.9475841832931328,0.9448227660200869,0.0,7.105427357601002e-15,0.0,-0.44095855184409843,-0.4454651972011986,-0.4424625195441246,-0.4529425467679601,0.0,2.2373168287434777
Mbarara,2023,5,2500.0,5125.0,test,1.1598080895231961,-0.4140891051431384,-1.5015504574523897,-1.5404122348082143,1.2137332734148432,-1.3524527551906853,1.965400619726076,0.3897597729420889,1.0677100893606581,0.9475841832931328,0.9448227660200869,0.0,7.105427357601002e-15,0.0,-0.44095855184409843,-0.4454651972011986,-0.4424625195441246,-0.4529425467679601,0.0,2.2373168287434777
Mbarara,2023,6,2500.0,5500.0,train,1.1598080895231961,-0.12726836543381256,-1.5015504574523897,-1.5404122348082143,1.2137332734148432,-1.1895791721514828,2.043844432980904,0.20832104842984067,1.5632920101866632,0.9475841832931328,0.9448227660200869,0.0,7.105427357601002e-15,0.0,-0.44095855184409843,-0.4454651972011986,-0.4424625195441246,-0.4529425467679601,0.0,2.2373168287434777
Mbarara,2023,7,2500.0,5250.0,train,1.1598080895231961,0.15955237427551328,-1.5015504574523897,-1.5404122348082143,1.2137332734148432,-1.252202183452034,2.00462252635349,-0.32542838120775336,0.8103740226143351,0.9475841832931328,0.9448227660200869,0.0,7.105427357601002e-15,0.0,-0.44095855184409843,-0.4454651972011986,-0.4424625195441246,-0.4529425467679601,0.0,2.2373168287434777
Mbarara,2023,8,2500.0,5000.0,train,1.1598080895231961,0.4463731139848391,-1.5015504574523897,-1.5404122348082143,1.2137332734148432,-1.2858250963863644,1.965400619726076,-0.32542838120775336,0.291120238081695,0.9475841832931328,0.9448227660200869,0.0,7.105427357601002e-15,0.0,-0.44095855184409843,-0.4454651972011986,-0.4424625195441246,-0.4529425467679601,0.0,2.2373168287434777
Mbarara,2023,9,2500.0,5000.0,test,1.1598080895231961,0.7331938536941649,-1.5015504574523897,-1.5404122348082143,1.2137332734148432,-1.342669589476779,1.926178713098662,-0.32542838120775336,0.041420256402028434,0.9475841832931328,0.9448227660200869,0.0,7.105427357601002e-15,0.0,-0.44095855184409843,-0.4454651972011986,-0.4424625195441246,-0.4529425467679601,0.0,2.2373168287434777
Mbarara,2023,10,2500.0,5000.0,train,1.1598080895231961,1.0200145934034908,-1.5015504574523897,-1.5404122348082143,0.9396183199279158,-1.3813453462413687,1.886956806471248,-0.32542838120775336,0.23881305537509828,0.9475841832931328,0.9448227660200869,0.0,7.105427357601002e-15,0.0,-0.44095855184409843,-0.4454651972011986,-0.4424625195441246,-0.4529425467679601,0.0,2.2373168287434777
Mbarara,2023,11,2500.0,4700.0,train,1.1598080895231961,1.3068353331128166,-1.5015504574523897,-1.5404122348082143,0.5284458896975244,-1.4154789189245014,1.7300691799615933,-0.32542838120775336,0.2853931742817027,0.9475841832931328,0.9448227660200869,0.0,7.105427357601002e-15,0.0,-0.44095855184409843,-0.4454651972011986,-0.4424625195441246,-0.4529425467679601,0.0,2.2373168287434777
Mbarara,2023,12,2482.11,4500.0,train,1.1598080895231961,1.5936560728221425,-1.5015504574523897,-1.5404122348082143,0.5284458896975244,-1.4944430421867418,1.6908472733341793,-0.343984614396506,0.09449104761529092,0.9475841832931328,0.9448227660200869,0.0,7.105427357601002e-15,0.0,-0.44095855184409843,-0.4454651972011986,-0.4424625195441246,-0.4529425467679601,0.0,2.2373168287434777
Mbarara,2024,1,2331.78,4125.0,train,1.3453704791998513,-1.5613720639804418,-1.5015504574523897,-1.5404122348082143,0.5284458896975244,-1.4467904245747774,1.4947377401971096,-0.4988776164303998,-0.7008072120769805,0.9475841832931328,0.9448227660200869,0.0,7.105427357601002e-15,0.0,-0.44095855184409843,-0.4454651972011986,-0.4424625195441246,-0.4529425467679601,0.0,2.2373168287434777
Mbarara,2024,2,2000.0,4000.0,train,1.3453704791998513,-1.274551324271116,-1.5015504574523897,-1.5404122348082143,0.5284458896975244,-1.3226732287868175,1.259406300432626,-0.8408793031175495,-0.9283625470633433,0.9475841832931328,0.9448227660200869,0.0,7.105427357601002e-15,0.0,-0.44095855184409843,-0.4454651972011986,-0.4424625195441246,-0.4529425467679601,0.0,2.2373168287434777
Mbarara,2024,3,2000.0,4000.0,train,1.3453704791998513,-0.9877305845617901,-1.5015504574523897,-1.5404122348082143,0.5284458896975244,-1.3906984826931243,1.259406300432626,-0.8408793031175495,-0.8069487945035054,0.9475841832931328,0.9448227660200869,0.0,7.105427357601002e-15,0.0,-0.44095855184409843,-0.4454651972011986,-0.4424625195441246,-0.4529425467679601,0.0,2.2373168287434777
Mbarara,2024,4,2000.0,4000.0,test,1.3453704791998513,-0.7009098448524642,-1.5015504574523897,-1.5404122348082143,0.6997677356268541,-1.184768219781183,1.29862820706004,-0.8408793031175495,-0.8069487945035054,0.9475841832931328,0.9448227660200869,0.0,7.105427357601002e-15,0.0,-0.44095855184409843,-0.4454651972011986,-0.4424625195441246,-0.4529425467679601,0.0,2.2373168287434777
Mbarara,2024,5,2000.0,4000.0,train,1.3453704791998513,-0.4140891051431384,-1.5015504574523897,-1.5404122348082143,1.2137332734148432,-1.337993021250901,1.3770720203148679,-0.8408793031175495,-1.220824605116286,0.9475841832931328,0.9448227660200869,0.0,7.105427357601002e-15,0.0,-0.44095855184409843,-0.4454651972011986,-0.4424625195441246,-0.4529425467679601,0.0,2.2373168287434777
Mbarara,2024,6,2000.0,4000.0,train,1.3453704791998513,-0.12726836543381256,-1.5015504574523897,-1.5404122348082143,1.2137332734148432,-1.3564574026944545,1.3770720203148679,-0.8408793031175495,-1.4239444678893485,0.9475841832931328,0.9448227660200869,0.0,7.105427357601002e-15,0.0,-0.44095855184409843,-0.4454651972011986,-0.4424625195441246,-0.4529425467679601,0.0,2.2373168287434777
Mbarara,2024,7,1500.0,4000.0,test,1.3453704791998513,0.15955237427551328,-1.5015504574523897,-1.5404122348082143,1.2137332734148432,-1.03552118898635,1.220184393805212,-1.3563302250273457,-1.2918401962361912,0.9475841832931328,0.9448227660200869,0.0,7.105427357601002e-15,0.0,-0.44095855184409843,-0.4454651972011986,-0.4424625195441246,-0.4529425467679601,0.0,2.2373168287434777
Mbarara,2024,8,1500.0,4278.0,train,1.3453704791998513,0.4463731139848391,-1.5015504574523897,-1.5404122348082143,1.2137332734148432,-1.0075424101177344,1.3378501136874539,-1.3563302250273457,-0.9340896108633356,0.9475841832931328,0.9448227660200869,0.0,7.105427357601002e-15,0.0,-0.44095855184409843,-0.4454651972011986,-0.4424625195441246,-0.4529425467679601,0.0,2.2373168287434777
Mbarara,2024,9,1500.0,4875.0,test,1.3453704791998513,0.7331938536941649,-1.5015504574523897,-1.5404122348082143,1.2137332734148432,-0.9557238840286947,1.5339596468245236,-1.3563302250273457,-0.4782153323839444,0.9475841832931328,0.9448227660200869,0.0,7.105427357601002e-15,0.0,-0.44095855184409843,-0.4454651972011986,-0.4424625195441246,-0.4529425467679601,0.0,2.2373168287434777
Mbarara,2024,10,1500.0,5000.0,train,1.3453704791998513,1.0200145934034908,-1.5015504574523897,-1.5404122348082143,1.2137332734148432,-1.1135983768954063,1.5339596468245236,-1.3563302250273457,-0.3827642690507385,0.9475841832931328,0.9448227660200869,0.0,7.105427357601002e-15,0.0,-0.44095855184409843,-0.4454651972011986,-0.4424625195441246,-0.4529425467679601,0.0,2.2373168287434777
Mbarara,2024,11,1500.0,5000.0,train,1.3453704791998513,1.3068353331128166,-1.5015504574523897,-1.5404122348082143,1.2163442183468065,-0.9231222905919703,1.4947377401971096,-1.3563302250273457,-0.1391731554243971,0.9475841832931328,0.9448227660200869,0.0,7.105427357601002e-15,0.0,-0.44095855184409843,-0.4454651972011986,-0.4424625195441246,-0.4529425467679601,0.0,2.2373168287434777
Mbarara,2024,12,1500.0,5000.0,train,1.3453704791998513,1.5936560728221425,-1.5015504574523897,-1.5404122348082143,1.2137332734148432,-0.7223255019969407,1.4947377401971096,-1.345248030206285,0.041420256402028434,0.9475841832931328,0.9448227660200869,0.0,7.105427357601002e-15,0.0,-0.44095855184409843,-0.4454651972011986,-0.4424625195441246,-0.4529425467679601,0.0,2.2373168287434777
Mbarara,2025,1,1500.0,5000.0,train,1.5309328688765063,-1.5613720639804418,-1.5015504574523897,-1.5404122348082143,1.2137332734148432,-0.6688674893459549,1.5731815534519376,-1.244735100433875,0.4270425522681803,0.9475841832931328,0.9448227660200869,0.0,7.105427357601002e-15,0.0,-0.44095855184409843,-0.4454651972011986,-0.4424625195441246,-0.4529425467679601,0.0,2.2373168287434777
Mbarara,2025,2,1500.0,5000.0,train,1.5309328688765063,-1.274551324271116,-1.5015504574523897,-1.5404122348082143,1.2137332734148432,-0.5146751220364003,1.5339596468245236,-0.9697420335949986,0.5717463642813204,0.9475841832931328,0.9448227660200869,0.0,7.105427357601002e-15,0.0,-0.44095855184409843,-0.4454651972011986,-0.4424625195441246,-0.4529425467679601,0.0,2.2373168287434777
Mbarara,2025,3,1522.0,5072.0,train,1.5309328688765063,-0.9877305845617901,-1.5015504574523897,-1.5404122348082143,1.292541322542335,-0.8099170873310592,1.6124034600793515,-0.9413922328899598,0.6404711298812287,0.9475841832931328,0.9448227660200869,0.0,7.105427357601002e-15,0.0,-0.44095855184409843,-0.4454651972011986,-0.4424625195441246,-0.4529425467679601,0.0,2.2373168287434777
Mbarara,2025,4,1676.44,5229.0,test,1.5309328688765063,-0.7009098448524642,-1.5015504574523897,-1.5404122348082143,1.4652337432390994,-0.6611269626272605,1.7692910865890072,-0.7424281770327784,0.7901383971876954,0.9475841832931328,0.9448227660200869,0.0,7.105427357601002e-15,0.0,-0.44095855184409843,-0.4454651972011986,-0.4424625195441246,-0.4529425467679601,0.0,2.2373168287434777
Mbarara,2025,5,2006.29,5125.0,test,1.5309328688765063,-0.4140891051431384,-1.5015504574523897,-1.5404122348082143,1.5563769652735027,-0.5846623844512653,2.122288246235732,-0.3174388919181515,0.6912510955744942,0.9475841832931328,0.9448227660200869,0.0,7.105427357601002e-15,0.0,-0.44095855184409843,-0.4454651972011986,-0.4424625195441246,-0.4529425467679601,0.0,2.2373168287434777
Mbarara,2025,6,2335.78,4413.07,train,1.5309328688765063,-0.12726836543381256,-1.5015504574523897,-1.5404122348082143,1.2137332734148432,-0.28616832286159916,2.2007320594905595,0.10729266773552057,0.011639524642068218,0.9475841832931328,0.9448227660200869,0.0,7.105427357601002e-15,0.0,-0.44095855184409843,-0.4454651972011986,-0.4424625195441246,-0.4529425467679601,0.0,2.2373168287434777
Mbarara,2025,7,2500.0,3500.0,test,1.5309328688765063,0.15955237427551328,-1.5015504574523897,-1.5404122348082143,1.2137332734148432,-0.47900957010685896,1.886956806471248,1.3928272669785524,-0.860019585716768,0.9475841832931328,0.9448227660200869,0.0,7.105427357601002e-15,0.0,-0.44095855184409843,-0.4454651972011986,-0.4424625195441246,-0.4529425467679601,0.0,2.2373168287434777
Mbarara,2025,8,2500.0,3833.0,train,1.5309328688765063,0.4463731139848391,-1.5015504574523897,-1.5404122348082143,1.4419339721927105,-0.40184619437987057,2.083066339608318,1.3928272669785524,-0.7798406925168749,0.9475841832931328,0.9448227660200869,0.0,7.105427357601002e-15,0.0,-0.44095855184409843,-0.4454651972011986,-0.4424625195441246,-0.4529425467679601,0.0,2.2373168287434777
Mbarara,2025,9,2500.0,4000.0,test,1.5309328688765063,0.7331938536941649,-1.5015504574523897,-1.5404122348082143,1.5563769652735027,-0.04395434095577562,2.122288246235732,1.3928272669785524,-1.0681029037831569,0.9475841832931328,0.9448227660200869,0.0,7.105427357601002e-15,0.0,-0.44095855184409843,-0.4454651972011986,-0.4424625195441246,-0.4529425467679601,0.0,2.2373168287434777
Mbarara,2025,10,2500.0,4000.0,test,1.5309328688765063,1.0200145934034908,-1.5015504574523897,-1.5404122348082143,1.3848084158860343,-0.42939494398633626,2.043844432980904,1.3928272669785524,-1.1463727757163857,0.9475841832931328,0.9448227660200869,0.0,7.105427357601002e-15,0.0,-0.44095855184409843,-0.4454651972011986,-0.4424625195441246,-0.4529425467679601,0.0,2.2373168287434777
Mbarara,2025,11,2500.0,3500.0,train,1.5309328688765063,1.3068353331128166,-1.5015504574523897,-1.5404122348082143,1.3092143645881773,-0.48451932002815196,1.886956806471248,1.3928272669785524,-1.5281770290492092,0.9475841832931328,0.9448227660200869,0.0,7.105427357601002e-15,0.0,-0.44095855184409843,-0.4454651972011986,-0.4424625195441246,-0.4529425467679601,0.0,2.2373168287434777
Mbarara,2025,12,2467.0,3416.66,train,1.5309328688765063,1.5936560728221425,-1.5015504574523897,-1.5404122348082143,1.2521093669030132,-0.03798768494344835,1.847734899843834,1.3361276655684748,-1.5919383393557909,0.9475841832931328,0.8827241799677764,0.0,7.105427357601002e-15,0.0,-0.44095855184409843,-0.4454651972011986,-0.4424625195441246,-0.4529425467679601,0.0,2.2373168287434777
Mbarara,2026,1,1631.82,3078.0,train,1.7164952585531614,-1.5613720639804418,-1.5015504574523897,-1.5404122348082143,1.2137332734148432,0.4505255568586203,1.5731815534519376,-0.09888770102839792,-1.8504198188621122,0.9475841832931328,0.8827241799677764,0.0,7.105427357601002e-15,0.0,-0.44095855184409843,-0.4454651972011986,-0.4424625195441246,-0.4529425467679601,0.0,2.2373168287434777
Mbarara,2026,2,1571.55,3078.0,train,1.7164952585531614,-1.274551324271116,-1.5015504574523897,-1.5404122348082143,1.2137332734148432,-0.3269942259369366,1.5731815534519376,-0.20249333633226696,-1.8504198188621122,0.9475841832931328,0.8827241799677764,0.0,7.105427357601002e-15,0.0,-0.44095855184409843,-0.4454651972011986,-0.4424625195441246,-0.4529425467679601,0.0,2.2373168287434777
Mbarara,2026,3,1904.67,3325.0,train,1.7164952585531614,-0.9877305845617901,-1.5015504574523897,-1.5404122348082143,1.2137332734148432,-0.07349197589968373,1.7300691799615933,0.32249342763286054,-1.6976981175289827,0.9475841832931328,0.8827241799677764,0.0,7.105427357601002e-15,0.0,-0.44095855184409843,-0.4454651972011986,-0.4424625195441246,-0.4529425467679601,0.0,2.2373168287434777
Mbarara,2026,4,2168.92,3604.0,train,1.7164952585531614,-0.7009098448524642,-1.5015504574523897,-1.5404122348082143,1.2137332734148432,0.2903934103656222,1.847734899843834,0.43176902307773724,-1.5694118884091541,0.9475841832931328,0.8827241799677764,0.0,7.105427357601002e-15,0.0,-0.44095855184409843,-0.4454651972011986,-0.4424625195441246,-0.4529425467679601,0.0,2.2373168287434777
Mbarara,2026,5,2272.79,4097.88,train,1.7164952585531614,-0.4140891051431384,-1.5015504574523897,-1.5404122348082143,1.8628032189027015,0.36384778370656967,2.122288246235732,0.016831030940351335,-1.1478999927297169,0.7777426342951692,0.820625593915466,0.0,7.105427357601002e-15,0.0,-0.44095855184409843,-0.4454651972011986,-0.4424625195441246,-0.4529425467679601,0.0,2.2373168287434777
Mbarara,2026,6,2106.18,3909.64,train,1.7164952585531614,-0.12726836543381256,-1.5015504574523897,-1.5404122348082143,1.6765763723775202,0.6579877990169704,1.965400619726076,-0.5787725093264182,-0.8184029221034902,0.6079010852972067,0.6964284218108439,0.0,7.105427357601002e-15,0.0,-0.44095855184409843,-0.4454651972011986,-0.4424625195441246,-0.4529425467679601,0.0,2.2373168287434777
Mbarara,2026,7,2128.96,3809.38,train,1.7164952585531614,0.15955237427551328,-1.5015504574523897,-1.5404122348082143,1.5258474123288965,0.24859994145044756,1.926178713098662,-0.7078929652648221,-0.0452493091045225,0.49467338596523064,0.5101326636539125,0.0,7.105427357601002e-15,0.0,-0.44095855184409843,-0.4454651972011986,-0.4424625195441246,-0.4529425467679601,0.0,2.2373168287434777
Mbarara,2026,8,2140.0,3879.7,train,1.7164952585531614,0.4463731139848391,-1.5015504574523897,-1.5404122348082143,1.576366798256537,0.3544946472548135,1.926178713098662,-0.6965530449828066,-0.336184150144134,0.32483183696726803,0.3859354915492904,0.0,7.105427357601002e-15,0.0,-0.44095855184409843,-0.4454651972011986,-0.4424625195441246,-0.4529425467679601,0.0,2.2373168287434777
