year,month,lat,lon,c_maize,c_beans,c_oil,c_salt,c_food_price_index,inflation_maize,inflation_beans,trust_maize,trust_beans,data_coverage,data_coverage_recent,index_confidence_score,mkt_name_Gulu,mkt_name_Hoima,mkt_name_Jinja,mkt_name_Lira,mkt_name_Market Average,mkt_name_Mbarara
2007,1,0.47,34.09,488.84,1028.23,3772.4,1184.29,0.45,,,6.1,6.5,18.25,28.08,0.97,0,0,0,0,0,0
2007,2,0.47,34.09,438.31,1036.79,3692.89,1125.64,0.43,,,6.1,6.5,18.25,28.08,0.97,0,0,0,0,0,0
2007,3,0.47,34.09,472.15,1084.99,3643.29,1138.36,0.44,,,6.1,6.5,18.25,28.08,0.97,0,0,0,0,0,0
2007,4,0.47,34.09,480.59,1143.03,3703.45,1186.97,0.45,,,6.1,6.5,18.25,28.08,0.97,0,0,0,0,0,0
2007,5,0.47,34.09,484.22,1175.52,3705.68,1152.19,0.45,,,6.1,6.5,18.25,28.08,0.97,0,0,0,0,0,0
2007,6,0.47,34.09,471.86,1071.41,3757.52,1223.5,0.45,,,6.1,6.5,18.25,28.08,0.97,0,0,0,0,0,0
2007,7,0.47,34.09,472.33,1033.48,3705.5,1179.17,0.44,,,6.1,6.5,18.25,28.08,0.97,0,0,0,0,0,0
2007,8,0.47,34.09,475.26,1100.83,3757.25,1200.53,0.45,,,6.1,6.5,18.25,28.08,0.97,0,0,0,0,0,0
2007,9,0.47,34.09,483.45,1142.36,3813.73,1191.94,0.45,,,6.1,6.5,18.25,28.08,0.97,0,0,0,0,0,0
2007,10,0.47,34.09,474.97,1134.4,3698.86,1158.82,0.45,,,6.1,6.5,18.25,28.08,0.97,0,0,0,0,0,0
2007,11,0.47,34.09,492.87,1034.26,3793.47,1202.6,0.45,,,6.1,6.5,18.25,28.08,0.97,0,0,0,0,0,0
2007,12,0.47,34.09,492.34,1023.22,3687.63,1202.14,0.45,,,6.1,6.5,18.25,28.08,0.97,0,0,0,0,0,0
2008,1,0.47,34.09,546.38,1082.88,3733.77,1181.88,0.46,11.77,5.32,6.1,6.5,18.25,28.08,0.97,0,0,0,0,0,0
2008,2,0.47,34.09,482.2,1082.98,3787.05,1202.5,0.46,10.01,4.45,6.1,6.5,18.25,28.08,0.97,0,0,0,0,0,0
2008,3,0.47,34.09,528.58,1134.03,3761.68,1180.45,0.46,11.95,4.52,6.1,6.5,18.25,28.08,0.97,0,0,0,0,0,0
2008,4,0.47,34.09,539.85,1251.24,3876.0,1217.83,0.48,12.33,9.47,6.1,6.5,18.25,28.08,0.97,0,0,0,0,0,0
2008,5,0.47,34.09,541.74,1269.09,3862.67,1228.66,0.48,11.88,7.96,6.1,6.5,18.25,28.08,0.97,0,0,0,0,0,0
2008,6,0.47,34.09,526.59,1141.77,3857.95,1242.57,0.47,11.6,6.57,6.1,6.5,18.25,28.08,0.97,0,0,0,0,0,0
2008,7,0.47,34.09,542.6,1180.91,3819.32,1254.76,0.47,14.88,14.27,6.1,6.5,18.25,28.08,0.97,0,0,0,0,0,0
2008,8,0.47,34.09,544.7,1244.96,3945.78,1216.76,0.48,14.61,13.09,6.1,6.5,18.25,28.08,0.97,0,0,0,0,0,0
2008,9,0.47,34.09,570.93,1478.46,4048.94,1316.95,0.52,18.1,29.42,6.1,6.5,18.25,28.08,0.97,0,0,0,0,0,0
2008,10,0.47,34.09,553.41,1651.17,4079.64,1203.77,0.52,16.51,45.55,6.1,6.5,18.25,28.08,0.97,0,0,0,0,0,0
2008,11,0.47,34.09,624.35,1516.1,4393.24,1301.06,0.54,26.68,46.59,6.1,6.5,18.25,28.08,0.97,0,0,0,0,0,0
2008,12,0.47,34.09,624.02,1501.74,4332.69,1312.16,0.54,26.75,46.77,6.1,6.5,18.25,28.08,0.97,0,0,0,0,0,0
2009,1,0.47,34.09,638.9,1571.26,4490.92,1359.65,0.55,16.93,45.1,6.1,6.5,18.25,28.08,0.97,0,0,0,0,0,0
2009,2,0.47,34.09,513.16,1554.05,4341.38,1322.8,0.53,6.42,43.5,6.1,6.5,18.25,28.08,0.97,0,0,0,0,0,0
2009,3,0.47,34.09,630.7,1571.86,4408.83,1360.83,0.54,19.32,38.61,6.1,6.5,18.25,28.08,0.97,0,0,0,0,0,0
2009,4,0.47,34.09,500.26,1613.17,4857.39,1593.18,0.57,-7.33,28.93,6.1,6.5,18.25,28.08,0.97,0,0,0,0,0,0
2009,5,0.47,34.09,594.09,1799.33,5301.63,1736.56,0.63,9.66,41.78,6.1,6.5,18.25,28.08,0.97,0,0,0,0,0,0
2009,6,0.47,34.09,701.26,1782.86,5323.52,1757.32,0.65,33.17,56.15,6.1,6.5,18.25,28.08,0.97,0,0,0,0,0,0
2009,7,0.47,34.09,598.39,1565.05,5166.16,1689.56,0.6,10.28,32.53,6.1,6.5,18.25,28.08,0.97,0,0,0,0,0,0
2009,8,0.47,34.09,566.46,1802.26,5085.65,1653.01,0.61,4.0,44.76,6.1,6.5,18.25,28.08,0.97,0,0,0,0,0,0
2009,9,0.47,34.09,610.68,1971.61,5081.85,1704.33,0.63,6.96,33.36,6.1,6.5,18.25,28.08,0.97,0,0,0,0,0,0
2009,10,0.47,34.09,599.1,1786.35,4876.5,1608.3,0.61,8.25,8.19,6.1,6.5,18.25,28.08,0.97,0,0,0,0,0,0
2009,11,0.47,34.09,667.49,1595.28,4937.51,1619.69,0.6,6.91,5.22,6.1,6.5,18.25,28.08,0.97,0,0,0,0,0,0
2009,12,0.47,34.09,636.04,1425.18,4833.44,1593.59,0.59,1.93,-5.1,6.1,6.5,18.25,28.08,0.97,0,0,0,0,0,0
2010,1,0.47,34.09,627.18,1442.63,5100.19,1660.28,0.61,-1.83,-8.19,6.1,6.5,18.25,28.08,0.97,0,0,0,0,0,0
2010,2,0.47,34.09,547.22,1466.68,4713.88,1497.32,0.57,6.64,-5.62,6.1,6.5,18.25,28.08,0.97,0,0,0,0,0,0
2010,3,0.47,34.09,650.25,1508.42,4789.88,1448.35,0.58,3.1,-4.04,6.1,6.5,18.25,28.08,0.97,0,0,0,0,0,0
2010,4,0.47,34.09,538.98,1637.57,4501.76,1492.09,0.56,7.74,1.51,6.1,6.5,18.25,28.08,0.97,0,0,0,0,0,0
2010,5,0.47,34.09,525.87,1746.18,4329.05,1415.48,0.54,-11.48,-2.95,6.1,6.5,18.25,28.08,0.97,0,0,0,0,0,0
2010,6,0.47,34.09,525.57,1615.07,4391.94,1361.28,0.53,-25.05,-9.41,6.1,6.5,18.25,28.08,0.97,0,0,0,0,0,0
2010,7,0.47,34.09,451.99,1444.57,4165.21,1274.15,0.49,-24.47,-7.7,6.1,6.5,18.25,28.08,0.97,0,0,0,0,0,0
2010,8,0.47,34.09,429.22,1659.83,4052.31,1172.09,0.49,-24.23,-7.9,6.1,6.5,18.25,28.08,0.97,0,0,0,0,0,0
2010,9,0.47,34.09,425.57,1722.88,4182.63,1154.75,0.5,-30.31,-12.62,6.1,6.5,18.25,28.08,0.97,0,0,0,0,0,0
2010,10,0.47,34.09,411.62,1649.15,4050.71,1216.62,0.49,-31.29,-7.68,6.1,6.5,18.25,28.08,0.97,0,0,0,0,0,0
2010,11,0.47,34.09,544.72,1552.23,4325.48,1212.14,0.51,-18.39,-2.7,6.1,6.5,18.25,28.08,0.97,0,0,0,0,0,0
2010,12,0.47,34.09,551.43,1538.61,4229.8,1176.1,0.51,-13.3,7.96,6.1,6.5,18.25,28.08,0.97,0,0,0,0,0,0
2011,1,0.47,34.09,612.9,1734.3,4446.99,1209.47,0.55,-2.28,20.22,6.1,6.5,18.25,28.08,0.97,0,0,0,0,0,0
2011,2,0.47,34.09,649.34,1869.89,4397.67,1188.98,0.56,18.66,27.49,6.1,6.5,18.25,28.08,0.97,0,0,0,0,0,0
2011,3,0.47,34.09,715.7,2011.04,4783.5,1305.89,0.62,10.07,33.32,6.1,6.5,18.25,28.08,0.97,0,0,0,0,0,0
2011,4,0.47,34.09,724.72,1936.36,4877.67,1472.09,0.64,34.46,18.25,6.1,6.5,18.25,28.08,0.97,0,0,0,0,0,0
2011,5,0.47,34.09,836.43,2028.88,5011.51,1709.74,0.69,59.05,16.19,6.1,6.5,18.25,28.08,0.97,0,0,0,0,0,0
2011,6,0.47,34.09,832.98,2040.53,4970.72,1562.66,0.67,58.49,26.34,6.1,6.5,18.25,28.08,0.97,0,0,0,0,0,0
2011,7,0.47,34.09,869.95,1780.53,4934.32,1563.47,0.66,92.47,23.26,6.1,6.5,18.25,28.08,0.97,0,0,0,0,0,0
2011,8,0.47,34.09,820.78,1789.67,5100.36,1450.83,0.66,91.23,7.82,6.1,6.5,18.25,28.08,0.97,0,0,0,0,0,0
2011,9,0.47,34.09,700.49,1742.39,5010.57,1517.32,0.64,64.6,1.13,6.1,6.5,18.25,28.08,0.97,0,0,0,0,0,0
2011,10,0.47,34.09,646.41,1655.65,4873.09,1490.16,0.62,57.04,0.39,6.1,6.5,18.25,28.08,0.97,0,0,0,0,0,0
2011,11,0.47,34.09,689.52,1624.92,5052.29,1729.25,0.64,26.58,4.68,6.1,6.5,18.25,28.08,0.97,0,0,0,0,0,0
2011,12,0.47,34.09,702.67,1636.86,5144.86,1778.86,0.65,27.43,6.39,6.1,6.5,18.25,28.08,0.97,0,0,0,0,0,0
2012,1,0.47,34.09,718.35,1632.7,5089.35,1800.44,0.66,17.2,-5.86,6.1,6.5,18.25,28.08,0.97,0,0,0,0,0,0
2012,2,0.47,34.09,655.44,1727.66,4902.31,1656.15,0.64,0.94,-7.61,6.1,6.5,18.25,28.08,0.97,0,0,0,0,0,0
2012,3,0.47,34.09,724.53,1796.0,5098.25,1764.07,0.66,1.23,-10.69,6.1,6.5,18.25,28.08,0.97,0,0,0,0,0,0
2012,4,0.47,34.09,828.45,2064.77,5607.86,1680.6,0.72,14.31,6.63,6.1,6.5,18.25,28.08,0.97,0,0,0,0,0,0
2012,5,0.47,34.09,972.99,2478.58,5833.1,1755.9,0.79,16.33,22.17,6.1,6.5,18.25,28.08,0.97,0,0,0,0,0,0
2012,6,0.47,34.09,938.22,2395.44,6096.4,1775.47,0.79,12.63,17.39,6.1,6.5,18.25,28.08,0.97,0,0,0,0,0,0
2012,7,0.47,34.09,880.25,1962.72,6162.22,1836.07,0.77,1.18,10.23,6.1,6.5,18.25,28.08,0.97,0,0,0,0,0,0
2012,8,0.47,34.09,796.74,1801.65,6341.59,1854.54,0.77,-2.93,0.67,6.1,6.5,18.25,28.08,0.97,0,0,0,0,0,0
2012,9,0.47,34.09,650.19,1760.34,5811.37,1803.94,0.71,-7.18,1.03,6.1,6.5,18.25,28.08,0.97,0,0,0,0,0,0
2012,10,0.47,34.09,622.89,1781.42,5665.53,1741.77,0.7,-3.64,7.6,6.1,6.5,18.25,28.08,0.97,0,0,0,0,0,0
2012,11,0.47,34.09,670.95,1743.68,5416.56,1736.17,0.67,-2.69,7.31,6.1,6.5,18.25,28.08,0.97,0,0,0,0,0,0
2012,12,0.47,34.09,706.16,1795.76,5562.92,1769.9,0.7,0.5,9.71,6.1,6.5,18.25,28.08,0.97,0,0,0,0,0,0
2013,1,0.47,34.09,817.32,1919.11,5438.26,1722.91,0.7,13.78,17.54,6.1,6.5,18.25,28.08,0.97,0,0,0,0,0,0
2013,2,0.47,34.09,702.94,2075.57,5765.7,1856.1,0.74,7.25,20.14,6.1,6.5,18.25,28.08,0.97,0,0,0,0,0,0
2013,3,0.47,34.09,747.93,2119.46,5621.14,1795.92,0.73,3.23,18.01,6.1,6.5,18.25,28.08,0.97,0,0,0,0,0,0
2013,4,0.47,34.09,792.05,2126.08,5911.26,1768.39,0.75,-4.39,2.97,6.1,6.5,18.25,28.08,0.97,0,0,0,0,0,0
2013,5,0.47,34.09,805.74,2188.83,5636.37,1766.93,0.76,-17.19,-11.69,6.1,6.5,18.25,28.08,0.97,0,0,0,0,0,0
2013,6,0.47,34.09,785.35,2186.76,5443.37,1815.85,0.74,-16.29,-8.71,6.1,6.5,18.25,28.08,0.97,0,0,0,0,0,0
2013,7,0.47,34.09,749.6,1831.95,5269.1,1786.27,0.69,-14.84,-6.66,6.1,6.5,18.25,28.08,0.97,0,0,0,0,0,0
2013,8,0.47,34.09,708.01,2004.62,5458.51,1895.55,0.72,-11.14,11.27,6.1,6.5,18.25,28.08,0.97,0,0,0,0,0,0
2013,9,0.47,34.09,707.89,2160.64,5470.51,1937.15,0.73,8.87,22.74,6.1,6.5,18.25,28.08,0.97,0,0,0,0,0,0
2013,10,0.47,34.09,743.06,2049.52,5808.1,1869.23,0.74,19.29,15.05,6.1,6.5,18.25,28.08,0.97,0,0,0,0,0,0
2013,11,0.47,34.09,774.69,1900.3,5788.42,1904.93,0.73,15.46,8.98,6.1,6.5,18.25,28.08,0.97,0,0,0,0,0,0
2013,12,0.47,34.09,770.96,1816.81,6085.6,1832.2,0.74,9.18,1.17,6.1,6.5,18.25,28.08,0.97,0,0,0,0,0,0
2014,1,0.47,34.09,817.61,1974.62,5791.73,1854.42,0.74,0.04,2.89,6.1,6.5,18.25,28.08,0.97,0,0,0,0,0,0
2014,2,0.47,34.09,729.29,2140.34,5481.2,1730.12,0.73,3.75,3.12,6.1,6.5,18.25,28.08,0.97,0,0,0,0,0,0
2014,3,0.47,34.09,761.02,2138.18,5639.55,1709.86,0.75,1.75,0.88,6.1,6.5,18.25,28.08,0.97,0,0,0,0,0,0
2014,4,0.47,34.09,847.81,2160.36,5825.5,1876.73,0.78,7.04,1.61,6.1,6.5,18.25,28.08,0.97,0,0,0,0,0,0
2014,5,0.47,34.09,888.15,2177.87,6189.41,1911.02,0.81,10.23,-0.5,6.1,6.5,18.25,28.08,0.97,0,0,0,0,0,0
2014,6,0.47,34.09,801.13,2097.29,6125.38,1974.58,0.79,2.01,-4.09,6.1,6.5,18.25,28.08,0.97,0,0,0,0,0,0
2014,7,0.47,34.09,807.8,1736.66,6300.31,1811.93,0.75,7.76,-5.2,6.1,6.5,18.25,28.08,0.97,0,0,0,0,0,0
2014,8,0.47,34.09,637.95,1588.74,5837.13,1832.58,0.7,-9.9,-20.75,6.1,6.5,18.25,28.08,0.97,0,0,0,0,0,0
2014,9,0.47,34.09,561.45,1772.23,5780.15,1817.36,0.71,-20.69,-17.98,6.1,6.5,18.25,28.08,0.97,0,0,0,0,0,0
2014,10,0.47,34.09,552.2,1712.04,5781.19,1826.66,0.7,-25.69,-16.47,6.1,6.5,18.25,28.08,0.97,0,0,0,0,0,0
2014,11,0.47,34.09,581.99,1689.94,5735.67,1867.27,0.7,-24.87,-11.07,6.1,6.5,18.25,28.08,0.97,0,0,0,0,0,0
2014,12,0.47,34.09,605.21,1706.15,5697.81,1808.55,0.7,-21.5,-6.09,6.1,6.5,18.25,28.08,0.97,0,0,0,0,0,0
2015,1,0.47,34.09,717.11,1915.14,5587.77,1812.32,0.72,-12.29,-3.01,6.1,6.5,18.25,28.08,0.97,0,0,0,0,0,0
2015,2,0.47,34.09,740.11,2326.59,5558.34,1809.07,0.75,1.48,8.7,6.1,6.5,18.25,28.08,0.97,0,0,0,0,0,0
2015,3,0.47,34.09,699.53,2315.15,5773.31,1804.95,0.76,-8.08,8.28,6.1,6.5,18.25,28.08,0.97,0,0,0,0,0,0
2015,4,0.47,34.09,901.1,2255.82,5714.36,2083.82,0.8,6.29,4.42,6.1,6.5,18.25,28.08,0.97,0,0,0,0,0,0
2015,5,0.47,34.09,892.76,2233.56,5696.48,1772.52,0.79,0.52,2.56,6.1,6.5,18.25,28.08,0.97,0,0,0,0,0,0
2015,6,0.47,34.09,942.3,2443.08,5543.78,1788.88,0.8,17.62,16.49,6.1,6.5,18.25,28.08,0.97,0,0,0,0,0,0
2015,7,0.47,34.09,797.65,2218.88,5659.78,1833.52,0.78,-1.26,27.77,6.1,6.5,18.25,28.08,0.97,0,0,0,0,0,0
2015,8,0.47,34.09,720.5,2325.56,5806.83,1912.27,0.78,12.94,46.38,6.1,6.5,18.25,28.08,0.97,0,0,0,0,0,0
2015,9,0.47,34.09,779.02,2410.2,5911.3,1754.79,0.8,38.75,36.0,6.1,6.5,18.25,28.08,0.97,0,0,0,0,0,0
2015,10,0.47,34.09,889.77,2289.63,5906.3,1839.25,0.79,61.13,33.74,6.1,6.5,18.25,28.08,0.97,0,0,0,0,0,0
2015,11,0.47,34.09,939.25,2303.91,5835.72,1823.57,0.81,61.39,36.33,6.1,6.5,18.25,28.08,0.97,0,0,0,0,0,0
2015,12,0.47,34.09,914.58,2153.45,6115.4,1914.51,0.8,51.12,26.22,6.1,6.5,18.25,28.08,0.97,0,0,0,0,0,0
2016,1,0.47,34.09,812.61,2266.03,5960.31,1867.97,0.8,13.32,18.32,6.1,6.5,18.25,28.08,0.97,0,0,0,0,0,0
2016,2,0.47,34.09,823.43,2424.64,6208.62,1901.95,0.83,11.26,4.21,6.1,6.5,18.25,28.08,0.97,0,0,0,0,0,0
2016,3,0.47,34.09,871.74,2460.29,6222.19,2070.88,0.86,24.62,6.27,6.1,6.5,18.25,28.08,0.97,0,0,0,0,0,0
2016,4,0.47,34.09,920.03,2509.87,6297.01,2054.16,0.86,2.1,11.26,6.1,6.5,18.25,28.08,0.97,0,0,0,0,0,0
2016,5,0.47,34.09,926.7,2467.45,6181.81,2157.37,0.84,3.8,10.47,6.1,6.5,18.25,28.08,0.97,0,0,0,0,0,0
2016,6,0.47,34.09,965.28,2454.49,6231.54,2172.96,0.85,2.44,0.47,6.1,6.5,18.25,28.08,0.97,0,0,0,0,0,0
2016,7,0.47,34.09,961.05,2269.28,6510.24,2251.31,0.88,20.49,2.27,6.1,6.5,18.25,28.08,0.97,0,0,0,0,0,0
2016,8,0.47,34.09,848.04,2346.13,6052.6,2071.91,0.85,17.7,0.88,6.1,6.5,18.25,28.08,0.97,0,0,0,0,0,0
2016,9,0.47,34.09,972.54,2462.35,6096.71,2067.73,0.88,24.84,2.16,6.1,6.5,18.25,28.08,0.97,0,0,0,0,0,0
2016,10,0.47,34.09,1069.62,2332.98,6451.57,2151.01,0.88,20.21,1.89,6.1,6.5,18.25,28.08,0.97,0,0,0,0,0,0
2016,11,0.47,34.09,1083.6,2380.93,6317.32,2105.8,0.89,15.37,3.34,6.1,6.5,18.25,28.08,0.97,0,0,0,0,0,0
2016,12,0.47,34.09,1099.28,2444.93,6336.75,2145.09,0.9,20.2,13.54,6.1,6.5,18.25,28.08,0.97,0,0,0,0,0,0
2017,1,0.47,34.09,1161.02,2673.91,5918.91,2129.3,0.91,42.88,18.0,6.1,6.5,18.25,28.08,0.97,0,0,0,0,0,0
2017,2,0.47,34.09,1084.62,2682.94,6130.45,2130.75,0.92,31.72,10.65,6.1,6.5,18.25,28.08,0.97,0,0,0,0,0,0
2017,3,0.47,34.09,1193.31,2691.02,6028.11,2147.5,0.93,36.89,9.38,6.1,6.5,18.25,28.08,0.97,0,0,0,0,0,0
2017,4,0.47,34.09,1440.74,3080.61,6696.8,2307.22,0.99,56.6,22.74,6.1,6.5,18.25,28.08,0.97,0,0,0,0,0,0
2017,5,0.47,34.09,1220.13,2944.13,6454.07,2512.76,0.98,31.66,19.32,6.1,6.5,18.25,28.08,0.97,0,0,0,0,0,0
2017,6,0.47,34.09,1154.66,2522.42,6504.03,2543.13,0.94,19.62,2.77,6.1,6.5,18.25,28.08,0.97,0,0,0,0,0,0
2017,7,0.47,34.09,1058.17,2456.22,6705.94,2699.15,0.95,10.11,8.24,6.1,6.5,18.25,28.08,0.97,0,0,0,0,0,0
2017,8,0.47,34.09,913.07,2507.36,6938.38,2618.93,0.93,7.67,6.87,6.1,6.5,18.25,28.08,0.97,0,0,0,0,0,0
2017,9,0.47,34.09,989.89,2532.82,6929.44,2651.44,0.94,1.78,2.86,6.1,6.5,18.25,28.08,0.97,0,0,0,0,0,0
2017,10,0.47,34.09,1062.6,2386.62,6837.0,2834.02,0.94,-0.66,2.3,6.1,6.5,18.25,28.08,0.97,0,0,0,0,0,0
2017,11,0.47,34.09,991.03,2443.13,6538.8,2611.71,0.91,-8.54,2.61,6.1,6.5,18.25,28.08,0.97,0,0,0,0,0,0
2017,12,0.47,34.09,1033.81,2487.88,6309.22,3003.96,0.93,-5.96,1.76,6.1,6.5,18.25,28.08,0.97,0,0,0,0,0,0
2018,1,0.47,34.09,1066.25,2646.53,6514.01,2899.96,0.94,-8.16,-1.02,6.1,6.5,18.25,28.08,0.97,0,0,0,0,0,0
2018,2,0.47,34.09,931.64,2491.38,6185.46,2626.0,0.89,-14.1,-7.14,6.1,6.5,18.25,28.08,0.97,0,0,0,0,0,0
2018,3,0.47,34.09,980.65,2521.12,6091.06,2686.25,0.89,-17.82,-6.31,6.1,6.5,18.25,28.08,0.97,0,0,0,0,0,0
2018,4,0.47,34.09,852.28,2551.98,6248.09,2553.86,0.89,-40.84,-17.16,6.1,6.5,18.25,28.08,0.97,0,0,0,0,0,0
2018,5,0.47,34.09,795.15,2521.88,6325.11,2414.84,0.88,-34.83,-14.34,6.1,6.5,18.25,28.08,0.97,0,0,0,0,0,0
2018,6,0.47,34.09,805.43,2365.49,6142.48,2307.5,0.86,-30.25,-6.22,6.1,6.5,18.25,28.08,0.97,0,0,0,0,0,0
2018,7,0.47,34.09,657.08,2119.32,6368.51,2510.08,0.86,-37.9,-13.72,6.1,6.5,18.25,28.08,0.97,0,0,0,0,0,0
2018,8,0.47,34.09,627.88,2207.25,6069.02,2195.94,0.82,-31.23,-11.97,6.1,6.5,18.25,28.08,0.97,0,0,0,0,0,0
2018,9,0.47,34.09,641.1,2192.35,6159.83,2422.99,0.82,-35.23,-13.44,6.1,6.5,18.25,28.08,0.97,0,0,0,0,0,0
2018,10,0.47,34.09,684.71,2080.32,5879.64,2349.01,0.8,-35.56,-12.83,6.1,6.5,18.25,28.08,0.97,0,0,0,0,0,0
2018,11,0.47,34.09,634.72,2173.46,5698.61,2234.75,0.79,-35.95,-11.04,6.1,6.5,18.25,28.08,0.97,0,0,0,0,0,0
2018,12,0.47,34.09,722.37,2210.26,5615.35,1991.49,0.79,-30.13,-11.16,6.1,6.5,18.25,28.08,0.97,0,0,0,0,0,0
2019,1,0.47,34.09,761.49,2308.43,5566.84,2112.86,0.79,-28.58,-12.78,6.1,6.5,18.25,28.08,0.97,0,0,0,0,0,0
2019,2,0.47,34.09,902.55,2614.0,5743.27,2021.11,0.83,-3.12,4.92,6.1,6.5,18.25,28.08,0.97,0,0,0,0,0,0
2019,3,0.47,34.09,932.01,2547.9,5683.72,2204.91,0.82,-4.96,1.06,6.1,6.5,18.25,28.08,0.97,0,0,0,0,0,0
2019,4,0.47,34.09,959.06,2742.55,6136.45,2072.24,0.87,12.53,7.47,6.1,6.5,18.25,28.08,0.97,0,0,0,0,0,0
2019,5,0.47,34.09,1308.37,3322.42,6009.39,2056.73,0.94,64.55,31.74,6.1,6.5,18.25,28.08,0.97,0,0,0,0,0,0
2019,6,0.47,34.09,1265.49,2872.72,5935.89,2194.34,0.92,57.12,21.44,6.1,6.5,18.25,28.08,0.97,0,0,0,0,0,0
2019,7,0.47,34.09,1218.0,2856.45,5908.49,2179.41,0.91,85.37,34.78,6.1,6.5,18.25,28.08,0.97,0,0,0,0,0,0
2019,8,0.47,34.09,1148.72,2926.05,5958.32,2113.83,0.9,82.95,32.57,6.1,6.5,18.25,28.08,0.97,0,0,0,0,0,0
2019,9,0.47,34.09,1206.54,2916.17,5548.64,2021.42,0.88,88.2,33.02,6.1,6.5,18.25,28.08,0.97,0,0,0,0,0,0
2019,10,0.47,34.09,1135.56,2971.53,5595.96,2133.98,0.88,65.85,42.84,6.1,6.5,18.25,28.08,0.97,0,0,0,0,0,0
2019,11,0.47,34.09,1153.86,2992.1,5595.75,2020.36,0.87,81.79,37.67,6.1,6.5,18.25,28.08,0.97,0,0,0,0,0,0
2019,12,0.47,34.09,1169.81,3046.57,5630.37,2027.69,0.88,61.94,37.84,6.1,6.5,18.25,28.08,0.97,0,0,0,0,0,0
2020,1,0.47,34.09,1177.63,3081.09,5647.42,2010.22,0.9,54.65,33.47,6.1,6.5,18.25,28.08,0.97,0,0,0,0,0,0
2020,2,0.47,34.09,977.13,3156.29,5339.14,2069.85,0.88,8.26,20.75,6.1,6.5,18.25,28.08,0.97,0,0,0,0,0,0
2020,3,0.47,34.09,1013.95,3136.1,5408.71,1997.12,0.87,8.79,23.09,6.1,6.5,18.25,28.08,0.97,0,0,0,0,0,0
2020,4,0.47,34.09,1079.55,3636.57,5730.54,2009.6,0.92,12.56,32.6,6.1,6.5,18.25,28.08,0.97,0,0,0,0,0,0
2020,5,0.47,34.09,1034.93,3791.05,5802.22,1944.38,0.93,-20.9,14.11,6.1,6.5,18.25,28.08,0.97,0,0,0,0,0,0
2020,6,0.47,34.09,1002.39,3353.29,5981.61,1709.57,0.91,-20.79,16.73,6.1,6.5,18.25,28.08,0.97,0,0,0,0,0,0
2020,7,0.47,34.09,880.2,3210.98,6169.29,1738.43,0.91,-27.73,12.41,6.1,6.5,18.25,28.08,0.97,0,0,0,0,0,0
2020,8,0.47,34.09,875.35,3342.33,5884.96,1781.23,0.92,-23.8,14.23,6.1,6.5,18.25,28.08,0.97,0,0,0,0,0,0
2020,9,0.47,34.09,909.57,3533.5,6052.96,1707.0,0.94,-24.61,21.17,6.1,6.5,18.25,28.08,0.97,0,0,0,0,0,0
2020,10,0.47,34.09,906.41,3258.04,5869.41,1806.8,0.92,-20.18,9.64,6.1,6.5,18.25,28.08,0.97,0,0,0,0,0,0
2020,11,0.47,34.09,771.91,3004.67,6213.28,1798.01,0.91,-33.1,0.42,6.1,6.5,18.25,28.08,0.97,0,0,0,0,0,0
2020,12,0.47,34.09,831.93,2847.19,5829.53,1793.62,0.89,-28.88,-6.54,6.1,6.5,18.25,28.08,0.97,0,0,0,0,0,0
2021,1,0.47,34.09,788.25,2853.04,5814.4,1802.92,0.87,-33.06,-7.4,6.1,6.5,18.25,28.08,0.97,0,0,0,0,0,0
2021,2,0.47,34.09,817.12,2822.14,5870.35,1954.26,0.85,-16.38,-10.59,6.1,6.5,18.25,28.08,0.97,0,0,0,0,0,0
2021,3,0.47,34.09,834.85,2746.1,6046.71,2014.72,0.83,-17.66,-12.44,6.1,6.5,18.25,28.08,0.97,0,0,0,0,0,0
2021,4,0.47,34.09,719.77,2836.14,6222.41,1848.57,0.83,-33.33,-22.01,6.1,6.5,18.25,28.08,0.97,0,0,0,0,0,0
2021,5,0.47,34.09,854.25,2654.73,6436.46,1983.24,0.84,-17.46,-29.97,6.1,6.5,18.25,28.08,0.97,0,0,0,0,0,0
2021,6,0.47,34.09,937.14,2413.52,7005.59,1864.7,0.86,-6.51,-28.03,6.1,6.5,18.25,28.08,0.97,0,0,0,0,0,0
2021,7,0.47,34.09,885.39,2302.84,7186.35,1805.73,0.88,0.59,-28.28,6.1,6.5,18.25,28.08,0.97,0,0,0,0,0,0
2021,8,0.47,34.09,884.79,2308.55,7302.06,1882.47,0.89,1.08,-30.93,6.1,6.5,18.25,28.08,0.97,0,0,0,0,0,0
2021,9,0.47,34.09,961.12,2316.45,7543.72,1699.27,0.9,5.67,-34.44,6.1,6.5,18.25,28.08,0.97,0,0,0,0,0,0
2021,10,0.47,34.09,918.04,2091.01,7620.19,1770.02,0.89,1.28,-35.82,6.1,6.5,18.25,28.08,0.97,0,0,0,0,0,0
2021,11,0.47,34.09,1017.37,2157.65,7568.23,1902.01,0.92,31.8,-28.19,6.1,6.5,18.25,28.08,0.97,0,0,0,0,0,0
2021,12,0.47,34.09,1030.04,2160.35,7585.82,1752.08,0.93,23.81,-24.12,6.1,6.5,18.25,28.08,0.97,0,0,0,0,0,0
2022,1,0.47,34.09,1062.07,2122.97,7666.88,1656.69,0.91,34.74,-25.59,6.1,6.5,18.25,28.08,0.97,0,0,0,0,0,0
2022,2,0.47,34.09,1040.9,2441.51,8010.97,1778.04,0.96,27.39,-13.49,6.1,6.5,18.25,28.08,0.97,0,0,0,0,0,0
2022,3,0.47,34.09,1050.0,2050.0,8750.0,1700.76,0.91,25.77,-25.35,6.6,7.0,18.25,28.08,0.97,0,0,0,0,0,0
2022,4,0.47,34.09,1358.0,2317.0,9700.0,1630.89,1.04,88.67,-18.3,7.0,7.5,18.25,28.08,0.97,0,0,0,0,0,0
2022,5,0.47,34.09,1517.0,2683.0,9667.0,1879.85,1.13,77.58,1.06,7.4,7.9,18.25,28.08,0.97,0,0,0,0,0,0
2022,6,0.47,34.09,1867.0,2917.0,10000.0,1649.25,1.19,99.22,20.86,7.8,8.3,18.25,28.08,0.97,0,0,0,0,0,0
2022,7,0.47,34.09,1925.0,3550.0,10000.0,1587.88,1.28,117.42,54.16,8.1,8.6,18.25,28.08,0.97,0,0,0,0,0,0
2022,8,0.47,34.09,1717.0,4283.0,9583.0,1595.75,1.28,94.06,85.53,8.4,8.9,18.25,28.08,0.97,0,0,0,0,0,0
2022,9,0.47,34.09,1925.0,4450.0,9375.0,1501.48,1.28,100.29,92.1,8.7,9.2,18.25,28.08,0.97,0,0,0,0,0,0
2022,10,0.47,34.09,1820.0,4040.0,9000.0,1587.97,1.23,98.25,93.21,9.0,9.4,18.25,28.08,0.97,0,0,0,0,0,0
2022,11,0.47,34.09,1960.0,3700.0,8700.0,1649.65,1.21,92.65,71.48,9.2,9.6,18.25,28.08,0.97,0,0,0,0,0,0
2022,12,0.47,34.09,1612.5,3500.0,8625.0,1610.21,1.2,56.55,62.01,9.5,9.8,18.25,28.08,0.97,0,0,0,0,0,0
2023,1,0.47,34.09,1440.0,3920.0,8100.0,1562.51,1.18,35.58,84.65,9.7,9.9,18.25,28.08,0.97,0,0,0,0,0,0
2023,2,0.47,34.09,1633.33,3866.67,8000.0,1440.62,1.18,56.92,58.37,10.0,10.0,18.25,28.08,0.97,0,0,0,0,0,0
2023,3,0.47,34.09,1690.0,3880.0,8100.0,1471.37,1.18,60.95,89.27,10.0,10.0,18.25,28.08,0.97,0,0,0,0,0,0
2023,4,0.47,34.09,1750.0,4050.0,7750.0,1514.74,1.18,28.87,74.79,10.0,10.0,18.25,28.08,0.97,0,0,0,0,0,0
2023,5,0.47,34.09,1742.27,4002.8,7573.49,1455.05,1.2,14.85,49.19,9.7,9.9,18.25,28.08,0.97,0,0,0,0,0,0
2023,6,0.47,34.09,1833.0,3933.0,7000.0,1369.91,1.2,-1.82,34.83,9.7,9.9,18.25,28.08,0.97,0,0,0,0,0,0
2023,7,0.47,34.09,1659.83,4140.0,6728.59,1447.65,1.15,-13.77,16.62,9.7,9.9,18.25,28.08,0.97,0,0,0,0,0,0
2023,8,0.47,34.09,1506.4,4240.0,6401.86,1356.66,1.09,-12.27,-1.0,9.7,9.9,18.25,28.08,0.97,0,0,0,0,0,0
2023,9,0.47,34.09,1365.54,4050.0,6098.15,1458.83,1.02,-29.06,-8.99,9.7,9.9,18.25,28.08,0.97,0,0,0,0,0,0
2023,10,0.47,34.09,1238.0,3686.82,5850.0,1368.26,0.96,-31.98,-8.74,9.7,9.9,18.25,28.08,0.97,0,0,0,0,0,0
2023,11,0.47,34.09,1060.0,3420.0,5512.95,1236.54,0.9,-45.92,-7.57,9.7,9.9,18.25,28.08,0.97,0,0,0,0,0,0
2023,12,0.47,34.09,1000.0,3250.0,5380.45,1155.62,0.86,-37.98,-7.14,9.7,9.9,18.25,28.08,0.97,0,0,0,0,0,0
2024,1,0.47,34.09,944.0,3180.0,5025.73,1341.76,0.87,-34.44,-18.88,9.7,9.9,18.25,28.08,0.97,0,0,0,0,0,0
2024,2,0.47,34.09,800.0,3000.0,5052.51,1148.29,0.81,-51.02,-22.41,9.7,9.9,18.25,28.08,0.97,0,0,0,0,0,0
2024,3,0.47,34.09,875.0,2900.0,5320.7,1168.55,0.81,-48.22,-25.26,9.7,9.9,18.25,28.08,0.97,0,0,0,0,0,0
2024,4,0.47,34.09,913.0,3000.0,5516.2,1270.31,0.83,-47.83,-25.93,9.7,9.9,18.25,28.08,0.97,0,0,0,0,0,0
2024,5,0.47,34.09,910.0,3580.0,5852.63,1213.36,0.86,-47.77,-10.56,10.0,10.0,18.25,28.08,0.97,0,0,0,0,0,0
2024,6,0.47,34.09,872.0,3480.0,6163.2,1275.09,0.85,-52.43,-11.52,10.0,10.0,18.25,28.08,0.97,0,0,0,0,0,0
2024,7,0.47,34.09,870.0,3480.0,6185.57,1312.36,0.87,-47.59,-15.94,10.0,10.0,18.25,28.08,0.97,0,0,0,0,0,0
2024,8,0.47,34.09,868.0,3511.0,6231.57,1318.34,0.88,-42.38,-17.19,10.0,10.0,18.25,28.08,0.97,0,0,0,0,0,0
2024,9,0.47,34.09,920.0,3575.0,6450.0,1391.14,0.91,-32.63,-11.73,10.0,10.0,18.25,28.08,0.97,0,0,0,0,0,0
2024,10,0.47,34.09,1058.0,3160.0,6500.0,1339.52,0.9,-14.54,-14.29,10.0,10.0,18.25,28.08,0.97,0,0,0,0,0,0
2024,11,0.47,34.09,1175.0,2850.0,6500.0,1297.71,0.92,10.85,-16.67,10.0,10.0,18.25,28.08,0.97,0,0,0,0,0,0
2024,12,0.47,34.09,1100.0,3225.0,7125.0,1486.65,0.98,10.0,-0.77,10.0,10.0,18.25,28.08,0.97,0,0,0,0,0,0
2025,1,0.47,34.09,1070.0,3580.0,7900.0,1727.99,1.03,13.35,12.58,10.0,10.0,18.25,28.08,0.97,0,0,0,0,0,0
2025,2,0.47,34.09,1115.0,3218.0,7330.36,1571.2,0.98,39.38,7.27,10.0,10.0,18.25,28.08,0.97,0,0,0,0,0,0
2025,3,0.47,34.09,1131.0,3265.0,7278.0,1623.17,0.99,29.26,12.59,10.0,10.0,18.25,28.08,0.97,0,0,0,0,0,0
2025,4,0.47,34.09,1500.0,3267.0,7000.0,1641.75,1.05,64.29,8.9,10.0,10.0,18.25,28.08,0.97,0,0,0,0,0,0
2025,5,0.47,34.09,1480.0,3108.41,7750.0,1509.48,1.07,62.64,-13.17,10.0,10.0,18.25,28.08,0.97,0,0,0,0,0,0
2025,6,0.47,34.09,1531.0,2956.65,7375.0,1708.42,1.08,75.57,-15.04,10.0,10.0,18.25,28.08,0.97,0,0,0,0,0,0
2025,7,0.47,34.09,1270.0,2814.18,7400.0,1688.59,1.06,45.98,-19.13,10.0,10.0,18.25,28.08,0.97,0,0,0,0,0,0
2025,8,0.47,34.09,1235.68,2675.0,7375.0,1721.91,0.99,42.36,-23.81,10.0,10.0,18.25,28.08,0.97,0,0,0,0,0,0
2025,9,0.47,34.09,1081.0,2663.0,7500.0,1828.65,0.98,17.5,-25.51,10.0,10.0,18.25,28.08,0.97,0,0,0,0,0,0
2025,10,0.47,34.09,1135.0,2540.0,7250.0,1652.16,0.94,7.28,-19.62,10.0,10.0,18.25,28.08,0.97,0,0,0,0,0,0
2025,11,0.47,34.09,1100.0,2288.0,6938.0,1769.22,0.92,-6.38,-19.72,10.0,10.0,18.25,28.08,0.97,0,0,0,0,0,0
2025,12,0.47,34.09,1250.0,2575.0,7250.0,1915.27,1.0,13.64,-20.16,10.0,10.0,18.25,28.08,0.97,0,0,0,0,0,0
2026,1,0.47,34.09,1207.44,2886.76,7711.85,1791.95,1.05,12.85,-19.36,9.7,9.9,18.25,28.08,0.97,0,0,0,0,0,0
2026,2,0.47,34.09,1259.0,2805.06,8134.01,1804.57,1.06,12.92,-12.83,9.5,9.8,18.25,28.08,0.97,0,0,0,0,0,0
2026,3,0.47,34.09,1279.9,2984.53,8687.31,1842.22,1.1,13.17,-8.59,9.2,9.6,18.25,28.08,0.97,0,0,0,0,0,0
2026,4,0.47,34.09,1537.38,2971.84,8178.71,2069.22,1.12,2.49,-9.03,9.0,9.4,18.25,28.08,0.97,0,0,0,0,0,0
2026,5,0.47,34.09,1291.94,2933.77,7980.47,1869.83,1.07,-12.71,-5.62,8.7,9.2,18.25,28.08,0.97,0,0,0,0,0,0
2026,6,0.47,34.09,1479.87,2985.76,7702.85,1921.15,1.09,-3.34,0.98,8.4,8.9,18.25,28.08,0.97,0,0,0,0,0,0
2026,7,0.47,34.09,1327.49,2878.23,7385.79,1880.5,1.05,4.53,2.28,8.1,8.6,18.25,28.08,0.97,0,0,0,0,0,0
2026,8,0.47,34.09,1359.49,2908.68,7474.7,1908.17,1.05,10.02,8.74,7.8,8.3,18.25,28.08,0.97,0,0,0,0,0,0
2007,1,2.77,32.31,599.75,1330.17,3087.13,1144.86,0.49,,,6.1,6.5,18.25,28.08,0.97,1,0,0,0,0,0
2007,2,2.77,32.31,592.9,1409.54,3102.0,1100.4,0.49,,,6.1,6.5,18.25,28.08,0.97,1,0,0,0,0,0
2007,3,2.77,32.31,626.59,1464.35,3148.8,1127.83,0.5,,,6.1,6.5,18.25,28.08,0.97,1,0,0,0,0,0
2007,4,2.77,32.31,615.69,1510.3,3165.36,1145.52,0.51,,,6.1,6.5,18.25,28.08,0.97,1,0,0,0,0,0
2007,5,2.77,32.31,648.86,1591.86,3216.74,1135.63,0.52,,,6.1,6.5,18.25,28.08,0.97,1,0,0,0,0,0
2007,6,2.77,32.31,581.5,1433.6,3154.54,1177.57,0.49,,,6.1,6.5,18.25,28.08,0.97,1,0,0,0,0,0
2007,7,2.77,32.31,607.32,1414.44,3101.81,1140.54,0.49,,,6.1,6.5,18.25,28.08,0.97,1,0,0,0,0,0
2007,8,2.77,32.31,580.62,1417.05,3152.82,1155.46,0.49,,,6.1,6.5,18.25,28.08,0.97,1,0,0,0,0,0
2007,9,2.77,32.31,576.08,1472.05,3266.38,1173.4,0.51,,,6.1,6.5,18.25,28.08,0.97,1,0,0,0,0,0
2007,10,2.77,32.31,549.88,1425.84,3185.26,1135.13,0.49,,,6.1,6.5,18.25,28.08,0.97,1,0,0,0,0,0
2007,11,2.77,32.31,588.06,1369.71,3247.21,1193.75,0.5,,,6.1,6.5,18.25,28.08,0.97,1,0,0,0,0,0
2007,12,2.77,32.31,587.72,1351.72,3169.7,1183.14,0.5,,,6.1,6.5,18.25,28.08,0.97,1,0,0,0,0,0
2008,1,2.77,32.31,665.8,1504.05,3230.33,1140.22,0.52,11.01,13.07,6.1,6.5,18.25,28.08,0.97,1,0,0,0,0,0
2008,2,2.77,32.31,641.44,1553.9,3226.35,1124.11,0.53,8.19,10.24,6.1,6.5,18.25,28.08,0.97,1,0,0,0,0,0
2008,3,2.77,32.31,721.73,1634.31,3224.67,1155.84,0.54,15.18,11.61,6.1,6.5,18.25,28.08,0.97,1,0,0,0,0,0
2008,4,2.77,32.31,718.65,1742.57,3196.09,1146.25,0.55,16.72,15.38,6.1,6.5,18.25,28.08,0.97,1,0,0,0,0,0
2008,5,2.77,32.31,774.06,1857.04,3328.34,1210.63,0.57,19.3,16.66,6.1,6.5,18.25,28.08,0.97,1,0,0,0,0,0
2008,6,2.77,32.31,719.52,1677.33,3265.36,1220.08,0.55,23.74,17.0,6.1,6.5,18.25,28.08,0.97,1,0,0,0,0,0
2008,7,2.77,32.31,734.19,1735.52,3272.19,1201.86,0.55,20.89,22.7,6.1,6.5,18.25,28.08,0.97,1,0,0,0,0,0
2008,8,2.77,32.31,720.07,1787.16,3288.6,1191.65,0.56,24.02,26.12,6.1,6.5,18.25,28.08,0.97,1,0,0,0,0,0
2008,9,2.77,32.31,673.71,2083.67,3327.03,1198.47,0.58,16.95,41.55,6.1,6.5,18.25,28.08,0.97,1,0,0,0,0,0
2008,10,2.77,32.31,712.2,2196.52,3425.06,1167.53,0.59,29.52,54.05,6.1,6.5,18.25,28.08,0.97,1,0,0,0,0,0
2008,11,2.77,32.31,768.73,2049.05,3676.02,1307.45,0.61,30.72,49.6,6.1,6.5,18.25,28.08,0.97,1,0,0,0,0,0
2008,12,2.77,32.31,742.26,1962.44,3670.39,1271.24,0.6,26.3,45.18,6.1,6.5,18.25,28.08,0.97,1,0,0,0,0,0
2009,1,2.77,32.31,808.68,2175.53,3796.18,1279.01,0.63,21.46,44.64,6.1,6.5,18.25,28.08,0.97,1,0,0,0,0,0
2009,2,2.77,32.31,707.29,2237.7,3690.7,1284.0,0.64,10.27,44.01,6.1,6.5,18.25,28.08,0.97,1,0,0,0,0,0
2009,3,2.77,32.31,849.71,2174.9,3844.12,1336.76,0.65,17.73,33.08,6.1,6.5,18.25,28.08,0.97,1,0,0,0,0,0
2009,4,2.77,32.31,805.94,2090.85,4111.79,1497.44,0.68,12.15,19.99,6.1,6.5,18.25,28.08,0.97,1,0,0,0,0,0
2009,5,2.77,32.31,892.7,2462.82,4364.15,1654.28,0.74,15.33,32.62,6.1,6.5,18.25,28.08,0.97,1,0,0,0,0,0
2009,6,2.77,32.31,972.34,2596.72,4326.1,1660.8,0.75,35.14,54.81,6.1,6.5,18.25,28.08,0.97,1,0,0,0,0,0
2009,7,2.77,32.31,827.87,2122.52,4337.05,1661.83,0.7,12.76,22.3,6.1,6.5,18.25,28.08,0.97,1,0,0,0,0,0
2009,8,2.77,32.31,758.23,2359.51,4214.47,1578.75,0.7,5.3,32.03,6.1,6.5,18.25,28.08,0.97,1,0,0,0,0,0
2009,9,2.77,32.31,796.77,2664.03,4115.59,1538.08,0.73,18.27,27.85,6.1,6.5,18.25,28.08,0.97,1,0,0,0,0,0
2009,10,2.77,32.31,795.82,2394.21,4142.97,1515.89,0.7,11.74,9.0,6.1,6.5,18.25,28.08,0.97,1,0,0,0,0,0
2009,11,2.77,32.31,853.41,2283.89,4024.78,1515.24,0.69,11.02,11.46,6.1,6.5,18.25,28.08,0.97,1,0,0,0,0,0
2009,12,2.77,32.31,760.28,1928.21,4118.35,1570.53,0.67,2.43,-1.74,6.1,6.5,18.25,28.08,0.97,1,0,0,0,0,0
2010,1,2.77,32.31,790.76,2055.39,4168.57,1614.65,0.69,-2.22,-5.52,6.5,6.6,18.25,28.08,0.97,1,0,0,0,0,0
2010,2,2.77,32.31,716.77,2151.69,4038.85,1432.16,0.67,1.34,-3.84,6.8,6.6,18.25,28.08,0.97,1,0,0,0,0,0
2010,3,2.77,32.31,849.99,2114.84,4089.15,1448.61,0.66,0.03,-2.76,7.1,6.7,18.25,28.08,0.97,1,0,0,0,0,0
2010,4,2.77,32.31,865.61,2212.08,3934.13,1451.86,0.68,7.4,5.8,7.4,6.8,18.25,28.08,0.97,1,0,0,0,0,0
2010,5,2.77,32.31,939.53,2567.87,3924.98,1353.17,0.69,5.25,4.27,7.8,6.8,18.25,28.08,0.97,1,0,0,0,0,0
2010,6,2.77,32.31,943.41,2507.67,3923.93,1283.36,0.66,-2.98,-3.43,8.1,6.9,18.25,28.08,0.97,1,0,0,0,0,0
2010,7,2.77,32.31,753.3,1970.04,3604.9,1237.71,0.6,-9.01,-7.18,8.4,7.0,18.25,28.08,0.97,1,0,0,0,0,0
2010,8,2.77,32.31,681.94,2187.05,3451.77,1135.94,0.6,-10.06,-7.31,8.8,7.0,18.25,28.08,0.97,1,0,0,0,0,0
2010,9,2.77,32.31,531.75,2099.18,3389.6,1127.69,0.56,-33.26,-21.2,9.1,7.1,18.25,28.08,0.97,1,0,0,0,0,0
2010,10,2.77,32.31,508.21,1918.67,3384.26,1157.02,0.55,-36.14,-19.86,9.4,7.2,18.25,28.08,0.97,1,0,0,0,0,0
2010,11,2.77,32.31,580.66,1813.37,3504.16,1192.72,0.54,-31.96,-20.6,9.7,7.2,18.25,28.08,0.97,1,0,0,0,0,0
2010,12,2.77,32.31,616.99,1835.9,3530.96,1184.52,0.56,-18.85,-4.79,10.0,7.3,18.25,28.08,0.97,1,0,0,0,0,0
2011,1,2.77,32.31,669.1,2164.43,3540.49,1180.14,0.59,-15.39,5.3,10.0,7.3,18.25,28.08,0.97,1,0,0,0,0,0
2011,2,2.77,32.31,715.08,2412.06,3752.27,1145.22,0.62,-0.24,12.1,10.0,7.3,18.25,28.08,0.97,1,0,0,0,0,0
2011,3,2.77,32.31,920.03,2625.1,3859.95,1278.31,0.68,8.24,24.13,10.0,7.3,18.25,28.08,0.97,1,0,0,0,0,0
2011,4,2.77,32.31,1000.0,2500.0,3915.85,1432.7,0.72,15.53,13.02,10.0,7.6,18.25,28.08,0.97,1,0,0,0,0,0
2011,5,2.77,32.31,1066.67,2994.36,4436.71,1656.77,0.81,13.53,16.61,10.0,7.8,18.25,28.08,0.97,1,0,0,0,0,0
2011,6,2.77,32.31,1067.0,2967.0,4413.28,1548.14,0.8,13.1,18.32,10.0,8.2,18.25,28.08,0.97,1,0,0,0,0,0
2011,7,2.77,32.31,922.98,2250.0,4671.81,1572.47,0.75,22.52,14.21,10.0,8.4,18.25,28.08,0.97,1,0,0,0,0,0
2011,8,2.77,32.31,888.0,2182.0,4735.62,1483.57,0.71,30.22,-0.23,10.0,8.7,18.25,28.08,0.97,1,0,0,0,0,0
2011,9,2.77,32.31,700.0,2000.0,4344.1,1519.94,0.67,31.64,-4.72,10.0,8.9,18.25,28.08,0.97,1,0,0,0,0,0
2011,10,2.77,32.31,773.0,1594.0,4276.28,1520.17,0.61,52.1,-16.92,10.0,9.2,18.25,28.08,0.97,1,0,0,0,0,0
2011,11,2.77,32.31,811.0,1758.0,4547.29,1716.84,0.68,39.67,-3.05,10.0,9.4,18.25,28.08,0.97,1,0,0,0,0,0
2011,12,2.77,32.31,800.0,1966.9,4314.97,1685.33,0.68,29.66,7.14,10.0,9.6,18.25,28.08,0.97,1,0,0,0,0,0
2012,1,2.77,32.31,892.0,2134.73,4269.75,1666.66,0.71,33.31,-1.37,10.0,9.6,18.25,28.08,0.97,1,0,0,0,0,0
2012,2,2.77,32.31,693.0,2444.27,3907.7,1529.35,0.7,-3.09,1.34,10.0,9.8,18.25,28.08,0.97,1,0,0,0,0,0
2012,3,2.77,32.31,867.0,2420.0,4130.2,1629.0,0.72,-5.76,-7.81,10.0,9.9,18.25,28.08,0.97,1,0,0,0,0,0
2012,4,2.77,32.31,992.0,2438.0,4532.46,1600.22,0.77,-0.8,-2.48,10.0,9.9,18.25,28.08,0.97,1,0,0,0,0,0
2012,5,2.77,32.31,920.47,2688.0,4812.27,1662.37,0.81,-13.71,-10.23,10.0,9.9,18.25,28.08,0.97,1,0,0,0,0,0
2012,6,2.77,32.31,931.04,2667.0,4807.06,1719.9,0.82,-12.74,-10.11,10.0,9.9,18.25,28.08,0.97,1,0,0,0,0,0
2012,7,2.77,32.31,1054.0,2686.9,4928.38,1753.08,0.82,14.2,19.42,10.0,9.9,18.25,28.08,0.97,1,0,0,0,0,0
2012,8,2.77,32.31,867.0,2400.0,4875.67,1791.98,0.77,-2.36,9.99,10.0,9.9,18.25,28.08,0.97,1,0,0,0,0,0
2012,9,2.77,32.31,767.0,2334.0,4393.43,1710.96,0.7,9.57,16.7,10.0,9.9,18.25,28.08,0.97,1,0,0,0,0,0
2012,10,2.77,32.31,813.0,2279.0,4339.19,1645.1,0.66,5.17,42.97,10.0,9.9,18.25,28.08,0.97,1,0,0,0,0,0
2012,11,2.77,32.31,929.0,2413.0,4233.59,1609.11,0.66,14.55,37.26,10.0,9.9,18.25,28.08,0.97,1,0,0,0,0,0
2012,12,2.77,32.31,967.0,2496.9,4345.89,1723.76,0.74,20.88,26.95,10.0,9.9,18.25,28.08,0.97,1,0,0,0,0,0
2013,1,2.77,32.31,950.0,2494.76,4302.04,1641.54,0.72,6.5,16.87,10.0,9.9,18.25,28.08,0.97,1,0,0,0,0,0
2013,2,2.77,32.31,950.0,2500.0,4516.86,1794.73,0.76,37.09,2.28,10.0,9.9,18.25,28.08,0.97,1,0,0,0,0,0
2013,3,2.77,32.31,1000.0,2580.0,4197.56,1648.36,0.73,15.34,6.61,10.0,9.9,18.25,28.08,0.97,1,0,0,0,0,0
2013,4,2.77,32.31,1033.0,2633.0,4291.67,1671.6,0.75,4.13,8.0,10.0,9.9,18.25,28.08,0.97,1,0,0,0,0,0
2013,5,2.77,32.31,1139.0,2798.56,4612.91,1740.21,0.81,23.74,4.11,10.0,9.9,18.25,28.08,0.97,1,0,0,0,0,0
2013,6,2.77,32.31,1000.0,2580.0,4167.53,1664.8,0.74,7.41,-3.26,10.0,9.9,18.25,28.08,0.97,1,0,0,0,0,0
2013,7,2.77,32.31,1130.0,2938.74,4272.43,1666.55,0.78,7.21,9.37,10.0,9.9,18.25,28.08,0.97,1,0,0,0,0,0
2013,8,2.77,32.31,944.67,2716.67,4166.76,1688.74,0.76,8.96,13.19,10.0,9.9,18.25,28.08,0.97,1,0,0,0,0,0
2013,9,2.77,32.31,1000.0,2743.97,4064.42,1765.43,0.77,30.38,17.57,10.0,9.9,18.25,28.08,0.97,1,0,0,0,0,0
2013,10,2.77,32.31,907.0,2604.0,4255.68,1787.5,0.75,11.56,14.26,10.0,9.9,18.25,28.08,0.97,1,0,0,0,0,0
2013,11,2.77,32.31,1000.0,2467.0,4842.53,1830.74,0.84,7.64,2.24,10.0,9.9,18.25,28.08,0.97,1,0,0,0,0,0
2013,12,2.77,32.31,984.0,2484.0,4625.06,1759.65,0.8,1.76,-0.52,10.0,9.9,18.25,28.08,0.97,1,0,0,0,0,0
2014,1,2.77,32.31,956.0,2539.32,4539.92,1713.26,0.8,0.63,1.79,10.0,10.0,18.25,28.08,0.97,1,0,0,0,0,0
2014,2,2.77,32.31,850.0,2592.27,4404.63,1642.95,0.76,-10.53,3.69,10.0,9.9,18.25,28.08,0.97,1,0,0,0,0,0
2014,3,2.77,32.31,988.0,2579.0,4237.42,1655.29,0.77,-1.2,-0.04,10.0,9.9,18.25,28.08,0.97,1,0,0,0,0,0
2014,4,2.77,32.31,990.0,2720.0,4416.96,1806.54,0.8,-4.16,3.3,10.0,9.9,18.25,28.08,0.97,1,0,0,0,0,0
2014,5,2.77,32.31,1038.0,2813.0,4530.59,1752.19,0.82,-8.87,0.52,10.0,9.9,18.25,28.08,0.97,1,0,0,0,0,0
2014,6,2.77,32.31,1050.0,2909.81,4690.35,1850.42,0.84,5.0,12.78,10.0,9.9,18.25,28.08,0.97,1,0,0,0,0,0
2014,7,2.77,32.31,1066.67,2600.0,5019.6,1767.03,0.84,-5.6,-11.53,10.0,9.9,18.25,28.08,0.97,1,0,0,0,0,0
2014,8,2.77,32.31,750.0,2375.0,4947.71,1790.34,0.78,-20.61,-12.58,10.0,9.9,18.25,28.08,0.97,1,0,0,0,0,0
2014,9,2.77,32.31,662.5,2417.43,4962.17,1790.12,0.76,-33.75,-11.9,10.0,9.9,18.25,28.08,0.97,1,0,0,0,0,0
2014,10,2.77,32.31,657.57,1906.09,4742.09,1786.02,0.72,-27.5,-26.8,9.7,9.8,18.25,28.08,0.97,1,0,0,0,0,0
2014,11,2.77,32.31,663.66,1819.33,4883.06,1882.74,0.74,-33.63,-26.25,9.5,9.6,18.25,28.08,0.97,1,0,0,0,0,0
2014,12,2.77,32.31,663.02,1850.66,4967.04,1900.86,0.76,-32.62,-25.5,9.2,9.4,18.25,28.08,0.97,1,0,0,0,0,0
2015,1,2.77,32.31,530.0,1875.51,5000.0,2001.48,0.79,-44.56,-26.14,9.2,9.2,18.25,28.08,0.97,1,0,0,0,0,0
2015,2,2.77,32.31,912.57,2556.2,5000.0,1909.04,0.86,7.36,-1.39,9.2,9.1,18.25,28.08,0.97,1,0,0,0,0,0
2015,3,2.77,32.31,1000.0,2493.75,5000.0,1851.23,0.96,1.21,-3.31,9.2,9.2,18.25,28.08,0.97,1,0,0,0,0,0
2015,4,2.77,32.31,1500.0,2500.0,5000.0,2000.93,0.95,51.52,-8.09,9.2,9.2,18.25,28.08,0.97,1,0,0,0,0,0
2015,5,2.77,32.31,1500.0,2500.0,5000.0,1874.68,0.91,44.51,-11.13,9.2,9.2,18.25,28.08,0.97,1,0,0,0,0,0
2015,6,2.77,32.31,1500.0,2800.0,5000.0,1849.08,1.04,42.86,-3.77,9.2,9.2,18.25,28.08,0.97,1,0,0,0,0,0
2015,7,2.77,32.31,1200.0,2425.0,5000.0,1912.91,0.96,12.5,-6.73,9.2,9.2,18.25,28.08,0.97,1,0,0,0,0,0
2015,8,2.77,32.31,1000.0,2333.0,5000.0,1912.44,0.97,33.33,-1.77,9.2,9.2,18.25,28.08,0.97,1,0,0,0,0,0
2015,9,2.77,32.31,1000.0,2400.0,5256.31,1931.31,0.94,50.94,-0.72,9.2,9.2,18.25,28.08,0.97,1,0,0,0,0,0
2015,10,2.77,32.31,1000.0,3133.0,5718.74,1887.7,0.92,52.08,64.37,9.5,9.4,18.25,28.08,0.97,1,0,0,0,0,0
2015,11,2.77,32.31,1500.0,3000.0,6161.66,1939.86,1.03,126.02,64.9,9.7,9.6,18.25,28.08,0.97,1,0,0,0,0,0
2015,12,2.77,32.31,1233.33,2800.0,6797.21,1977.89,1.16,86.02,51.3,10.0,9.8,18.25,28.08,0.97,1,0,0,0,0,0
2016,1,2.77,32.31,1199.23,2733.0,6019.2,1885.63,1.0,126.27,45.72,10.0,9.9,18.25,28.08,0.97,1,0,0,0,0,0
2016,2,2.77,32.31,1143.25,2800.0,5835.1,1983.3,0.98,25.28,9.54,10.0,10.0,18.25,28.08,0.97,1,0,0,0,0,0
2016,3,2.77,32.31,1000.0,2700.0,5785.17,2067.81,0.97,0.0,8.27,10.0,10.0,18.25,28.08,0.97,1,0,0,0,0,0
2016,4,2.77,32.31,1200.0,3000.0,5889.38,2013.0,0.99,-20.0,20.0,10.0,10.0,18.25,28.08,0.97,1,0,0,0,0,0
2016,5,2.77,32.31,1389.25,3340.94,6101.14,2080.56,0.95,-7.38,33.64,10.0,10.0,18.25,28.08,0.97,1,0,0,0,0,0
2016,6,2.77,32.31,1000.0,3000.0,5667.34,2270.9,0.9,-33.33,7.14,10.0,10.0,18.25,28.08,0.97,1,0,0,0,0,0
2016,7,2.77,32.31,1000.0,2700.0,6185.15,2158.02,0.92,-16.67,11.34,10.0,10.0,18.25,28.08,0.97,1,0,0,0,0,0
2016,8,2.77,32.31,1133.0,2987.87,5508.07,2037.03,0.93,13.3,28.07,10.0,10.0,18.25,28.08,0.97,1,0,0,0,0,0
2016,9,2.77,32.31,1000.0,2633.0,5000.0,2136.67,0.9,0.0,9.71,10.0,10.0,18.25,28.08,0.97,1,0,0,0,0,0
2016,10,2.77,32.31,1200.0,2988.63,5000.0,2106.88,0.9,20.0,-4.61,10.0,10.0,18.25,28.08,0.97,1,0,0,0,0,0
2016,11,2.77,32.31,1100.0,2700.0,5000.0,2110.49,0.93,-26.67,-10.0,10.0,10.0,18.25,28.08,0.97,1,0,0,0,0,0
2016,12,2.77,32.31,1200.0,2700.0,5000.0,2149.26,0.97,-2.7,-3.57,10.0,10.0,18.25,28.08,0.97,1,0,0,0,0,0
2017,1,2.77,32.31,1200.0,2600.0,5200.0,2094.06,0.95,0.06,-4.87,10.0,10.0,18.25,28.08,0.97,1,0,0,0,0,0
2017,2,2.77,32.31,1200.0,2675.0,5100.0,2117.37,0.99,4.96,-4.46,10.0,10.0,18.25,28.08,0.97,1,0,0,0,0,0
2017,3,2.77,32.31,1200.0,2700.0,5200.0,2245.86,1.02,20.0,0.0,10.0,10.0,18.25,28.08,0.97,1,0,0,0,0,0
2017,4,2.77,32.31,1800.0,3700.0,5500.0,2455.41,1.19,50.0,23.33,10.0,10.0,18.25,28.08,0.97,1,0,0,0,0,0
2017,5,2.77,32.31,2000.0,3550.0,5500.0,2414.23,1.19,43.96,6.26,10.0,10.0,18.25,28.08,0.97,1,0,0,0,0,0
2017,6,2.77,32.31,2000.0,3100.0,5500.0,2582.22,1.17,100.0,3.33,10.0,10.0,18.25,28.08,0.97,1,0,0,0,0,0
2017,7,2.77,32.31,2000.0,2500.0,5500.0,2659.22,1.19,100.0,-7.41,10.0,10.0,18.25,28.08,0.97,1,0,0,0,0,0
2017,8,2.77,32.31,2000.0,2500.0,6000.0,2558.47,1.15,76.52,-16.33,10.0,10.0,18.25,28.08,0.97,1,0,0,0,0,0
2017,9,2.77,32.31,1500.0,2500.0,6000.0,2551.45,1.15,50.0,-5.05,10.0,10.0,18.25,28.08,0.97,1,0,0,0,0,0
2017,10,2.77,32.31,1607.6,2584.01,5900.9,2671.67,1.19,33.97,-13.54,9.7,9.9,18.25,28.08,0.97,1,0,0,0,0,0
2017,11,2.77,32.31,1500.0,2500.0,6000.0,2494.1,1.2,36.36,-7.41,9.7,9.9,18.25,28.08,0.97,1,0,0,0,0,0
2017,12,2.77,32.31,1500.0,2985.8,6000.0,2678.63,1.24,25.0,10.59,9.7,9.9,18.25,28.08,0.97,1,0,0,0,0,0
2018,1,2.77,32.31,1500.0,2635.06,5800.0,2670.18,1.21,25.0,1.35,9.7,9.8,18.25,28.08,0.97,1,0,0,0,0,0
2018,2,2.77,32.31,1600.0,2500.0,5058.06,2532.95,1.26,33.33,-6.54,9.7,9.8,18.25,28.08,0.97,1,0,0,0,0,0
2018,3,2.77,32.31,1600.0,2500.0,5500.0,2687.09,1.22,33.33,-7.41,9.7,9.8,18.25,28.08,0.97,1,0,0,0,0,0
2018,4,2.77,32.31,1600.0,2500.0,5500.0,2393.89,1.21,-11.11,-32.43,9.7,9.8,18.25,28.08,0.97,1,0,0,0,0,0
2018,5,2.77,32.31,1600.0,2738.26,6000.0,2549.55,1.25,-20.0,-22.87,9.7,9.8,18.25,28.08,0.97,1,0,0,0,0,0
2018,6,2.77,32.31,1600.0,2618.66,5500.0,2405.32,1.24,-20.0,-15.53,9.7,9.8,18.25,28.08,0.97,1,0,0,0,0,0
2018,7,2.77,32.31,1534.34,2330.83,5439.29,2489.35,1.18,-23.28,-6.77,9.5,9.6,18.25,28.08,0.97,1,0,0,0,0,0
2018,8,2.77,32.31,1246.27,2415.81,5326.34,2293.54,1.1,-37.69,-3.37,9.2,9.4,18.25,28.08,0.97,1,0,0,0,0,0
2018,9,2.77,32.31,1075.85,2370.07,5240.83,2299.87,1.04,-28.28,-5.2,8.9,9.2,18.25,28.08,0.97,1,0,0,0,0,0
2018,10,2.77,32.31,1000.0,3000.0,5500.0,2382.94,1.03,-37.8,16.1,9.2,9.4,18.25,28.08,0.97,1,0,0,0,0,0
2018,11,2.77,32.31,1000.0,2200.0,5500.0,2403.02,0.98,-33.33,-12.0,9.2,9.4,18.25,28.08,0.97,1,0,0,0,0,0
2018,12,2.77,32.31,942.8,2632.73,5550.61,2264.13,0.93,-37.15,-11.82,8.9,9.2,18.25,28.08,0.97,1,0,0,0,0,0
2019,1,2.77,32.31,800.0,2848.74,5591.91,2089.29,0.93,-46.67,8.11,8.9,9.2,18.25,28.08,0.97,1,0,0,0,0,0
2019,2,2.77,32.31,1000.0,3000.0,5500.0,1980.43,0.93,-37.5,20.0,8.9,9.2,18.25,28.08,0.97,1,0,0,0,0,0
2019,3,2.77,32.31,900.0,3000.0,6000.0,1992.62,0.98,-43.75,20.0,8.9,9.2,18.25,28.08,0.97,1,0,0,0,0,0
2019,4,2.77,32.31,1500.0,3000.0,5500.0,2147.19,1.0,-6.25,20.0,8.9,9.2,18.25,28.08,0.97,1,0,0,0,0,0
2019,5,2.77,32.31,1550.0,3500.0,5500.0,2287.34,1.01,-3.12,27.82,8.9,9.2,18.25,28.08,0.97,1,0,0,0,0,0
2019,6,2.77,32.31,1800.0,3500.0,6000.0,2205.28,1.15,12.5,33.66,8.9,9.2,18.25,28.08,0.97,1,0,0,0,0,0
2019,7,2.77,32.31,2000.0,3969.73,6000.0,2280.07,1.22,30.35,70.31,9.2,9.4,18.25,28.08,0.97,1,0,0,0,0,0
2019,8,2.77,32.31,2000.0,3700.0,7000.0,2229.24,1.22,60.48,53.16,9.5,9.6,18.25,28.08,0.97,1,0,0,0,0,0
2019,9,2.77,32.31,1600.0,3968.73,7000.0,2165.44,1.21,48.72,67.45,9.7,9.8,18.25,28.08,0.97,1,0,0,0,0,0
2019,10,2.77,32.31,1800.0,3300.0,7000.0,2223.56,1.19,80.0,10.0,9.7,9.8,18.25,28.08,0.97,1,0,0,0,0,0
2019,11,2.77,32.31,2000.0,3500.0,7000.0,2072.57,1.21,100.0,59.09,9.7,9.8,18.25,28.08,0.97,1,0,0,0,0,0
2019,12,2.77,32.31,2000.0,3875.54,6000.0,2131.39,1.16,112.13,47.21,10.0,9.9,18.25,28.08,0.97,1,0,0,0,0,0
2020,1,2.77,32.31,1500.0,3954.75,5000.0,2163.09,1.05,87.5,38.82,10.0,9.9,18.25,28.08,0.97,1,0,0,0,0,0
2020,2,2.77,32.31,1572.36,3973.76,6000.0,2281.06,1.14,57.24,32.46,10.0,9.9,18.25,28.08,0.97,1,0,0,0,0,0
2020,3,2.77,32.31,1376.38,4662.32,5661.16,2189.41,1.15,52.93,55.41,9.7,9.8,18.25,28.08,0.97,1,0,0,0,0,0
2020,4,2.77,32.31,1100.0,5576.51,5166.67,2163.41,1.14,-26.67,85.88,9.7,9.8,18.25,28.08,0.97,1,0,0,0,0,0
2020,5,2.77,32.31,1200.0,5250.0,6000.0,2171.31,1.11,-22.58,50.0,9.7,9.8,18.25,28.08,0.97,1,0,0,0,0,0
2020,6,2.77,32.31,1200.0,5000.0,6000.0,2066.34,1.14,-33.33,42.86,9.7,9.8,18.25,28.08,0.97,1,0,0,0,0,0
2020,7,2.77,32.31,1500.0,4167.0,6167.0,1948.51,1.15,-25.0,4.97,9.7,9.8,18.25,28.08,0.97,1,0,0,0,0,0
2020,8,2.77,32.31,1500.0,3780.0,5667.0,2005.32,1.1,-25.0,2.16,9.7,9.8,18.25,28.08,0.97,1,0,0,0,0,0
2020,9,2.77,32.31,1425.0,4247.47,5667.0,1909.75,1.11,-10.94,7.02,9.7,9.8,18.25,28.08,0.97,1,0,0,0,0,0
2020,10,2.77,32.31,967.0,3817.0,5842.0,1877.27,1.05,-46.28,15.67,9.7,9.8,18.25,28.08,0.97,1,0,0,0,0,0
2020,11,2.77,32.31,1136.0,4000.0,6000.0,1955.04,1.08,-43.2,14.29,9.7,9.8,18.25,28.08,0.97,1,0,0,0,0,0
2020,12,2.77,32.31,1015.0,3308.0,6000.0,1959.26,1.01,-49.25,-14.64,9.7,9.8,18.25,28.08,0.97,1,0,0,0,0,0
2021,1,2.77,32.31,1025.0,3891.51,6125.0,1946.65,1.03,-31.67,-1.6,9.7,9.8,18.25,28.08,0.97,1,0,0,0,0,0
2021,2,2.77,32.31,1063.64,4242.74,6262.86,1959.3,1.07,-32.35,6.77,9.5,9.6,18.25,28.08,0.97,1,0,0,0,0,0
2021,3,2.77,32.31,1160.0,4400.0,6000.0,1958.25,1.06,-15.72,-5.63,9.7,9.8,18.25,28.08,0.97,1,0,0,0,0,0
2021,4,2.77,32.31,1000.0,4786.0,7000.0,1919.17,1.12,-9.09,-14.18,9.7,9.8,18.25,28.08,0.97,1,0,0,0,0,0
2021,5,2.77,32.31,1096.52,4926.06,7000.0,1922.41,1.08,-8.62,-6.17,9.7,9.8,18.25,28.08,0.97,1,0,0,0,0,0
2021,6,2.77,32.31,1134.0,4916.0,7500.0,1889.71,1.04,-5.5,-1.68,9.7,9.8,18.25,28.08,0.97,1,0,0,0,0,0
2021,7,2.77,32.31,1285.44,3965.44,6657.0,1912.38,1.01,-14.3,-4.84,9.7,9.8,18.25,28.08,0.97,1,0,0,0,0,0
2021,8,2.77,32.31,1200.0,3186.0,6757.0,1932.01,0.98,-20.0,-15.71,9.7,9.8,18.25,28.08,0.97,1,0,0,0,0,0
2021,9,2.77,32.31,1200.0,3000.0,7000.0,1810.72,0.97,-15.79,-29.37,9.7,9.8,18.25,28.08,0.97,1,0,0,0,0,0
2021,10,2.77,32.31,1120.0,2800.0,6860.0,1881.22,0.95,15.82,-26.64,9.7,9.8,18.25,28.08,0.97,1,0,0,0,0,0
2021,11,2.77,32.31,1286.0,2871.0,7571.0,1912.65,0.99,13.2,-28.22,9.7,9.8,18.25,28.08,0.97,1,0,0,0,0,0
2021,12,2.77,32.31,1357.0,2914.0,8000.0,1918.45,1.01,33.69,-11.91,9.7,9.8,18.25,28.08,0.97,1,0,0,0,0,0
2022,1,2.77,32.31,1467.0,3084.81,8000.0,1933.75,1.06,43.12,-20.73,9.7,9.8,18.25,28.08,0.97,1,0,0,0,0,0
2022,2,2.77,32.31,1300.0,3167.0,8000.0,1844.7,1.08,22.22,-25.35,10.0,9.9,18.25,28.08,0.97,1,0,0,0,0,0
2022,3,2.77,32.31,1500.0,3200.0,8000.0,1910.61,1.1,29.31,-27.27,10.0,9.9,18.25,28.08,0.97,1,0,0,0,0,0
2022,4,2.77,32.31,1529.0,3500.0,8000.0,1910.46,1.14,52.9,-26.87,10.0,9.9,18.25,28.08,0.97,1,0,0,0,0,0
2022,5,2.77,32.31,1620.0,4400.0,8000.0,1856.53,1.21,47.74,-10.68,10.0,9.9,18.25,28.08,0.97,1,0,0,0,0,0
2022,6,2.77,32.31,1500.0,4474.72,8000.0,1876.98,1.22,32.27,-8.98,10.0,9.9,18.25,28.08,0.97,1,0,0,0,0,0
2022,7,2.77,32.31,1751.42,4401.01,8950.39,1838.53,1.28,36.25,10.98,9.7,9.8,18.25,28.08,0.97,1,0,0,0,0,0
2022,8,2.77,32.31,2000.0,4260.0,9200.0,1871.42,1.31,66.67,33.71,9.7,9.8,18.25,28.08,0.97,1,0,0,0,0,0
2022,9,2.77,32.31,2000.0,4950.0,11000.0,1807.99,1.45,66.67,65.0,9.7,9.8,18.25,28.08,0.97,1,0,0,0,0,0
2022,10,2.77,32.31,2000.0,5088.0,11655.23,1857.79,1.54,78.57,81.71,9.7,9.8,18.25,28.08,0.97,1,0,0,0,0,0
2022,11,2.77,32.31,1975.0,5088.0,10000.0,1885.73,1.42,53.58,77.22,9.7,9.8,18.25,28.08,0.97,1,0,0,0,0,0
2022,12,2.77,32.31,2000.0,5660.0,11000.0,1846.43,1.51,47.38,94.23,9.7,9.8,18.25,28.08,0.97,1,0,0,0,0,0
2023,1,2.77,32.31,1500.0,5750.0,10250.0,1771.87,1.44,2.25,86.4,9.7,9.9,18.25,28.08,0.97,1,0,0,0,0,0
2023,2,2.77,32.31,1416.67,6000.0,8666.67,1808.67,1.36,8.97,89.45,9.7,9.9,18.25,28.08,0.97,1,0,0,0,0,0
2023,3,2.77,32.31,1637.5,5687.5,8312.5,1758.36,1.41,9.17,77.73,9.7,9.9,18.25,28.08,0.97,1,0,0,0,0,0
2023,4,2.77,32.31,1667.0,6000.0,7417.0,1701.48,1.42,9.03,71.43,9.7,9.9,18.25,28.08,0.97,1,0,0,0,0,0
2023,5,2.77,32.31,2000.0,6530.0,6500.0,1744.34,1.46,23.46,48.41,9.7,9.9,18.25,28.08,0.97,1,0,0,0,0,0
2023,6,2.77,32.31,1933.0,6557.42,6200.0,1652.3,1.46,28.87,46.54,9.7,9.9,18.25,28.08,0.97,1,0,0,0,0,0
2023,7,2.77,32.31,1850.0,6538.0,6063.0,1665.47,1.47,5.63,48.56,10.0,10.0,18.25,28.08,0.97,1,0,0,0,0,0
2023,8,2.77,32.31,1529.0,6000.0,6000.0,1636.61,1.39,-23.55,40.85,10.0,10.0,18.25,28.08,0.97,1,0,0,0,0,0
2023,9,2.77,32.31,1414.0,6000.0,7000.0,1690.81,1.38,-29.3,21.21,10.0,10.0,18.25,28.08,0.97,1,0,0,0,0,0
2023,10,2.77,32.31,1438.0,5992.26,7000.0,1769.89,1.33,-28.1,17.77,10.0,10.0,18.25,28.08,0.97,1,0,0,0,0,0
2023,11,2.77,32.31,1411.0,5500.0,7000.0,1738.19,1.31,-28.56,8.1,10.0,10.0,18.25,28.08,0.97,1,0,0,0,0,0
2023,12,2.77,32.31,1360.0,5489.53,7000.0,1735.81,1.29,-32.0,-3.01,10.0,10.0,18.25,28.08,0.97,1,0,0,0,0,0
2024,1,2.77,32.31,1492.0,5363.06,6625.0,1715.88,1.29,-0.53,-6.73,10.0,9.9,18.25,28.08,0.97,1,0,0,0,0,0
2024,2,2.77,32.31,1250.0,5127.61,6883.0,1694.82,1.24,-11.76,-14.54,10.0,9.9,18.25,28.08,0.97,1,0,0,0,0,0
2024,3,2.77,32.31,1257.0,5165.42,6857.0,1744.58,1.25,-23.24,-9.18,10.0,9.9,18.25,28.08,0.97,1,0,0,0,0,0
2024,4,2.77,32.31,1211.0,5166.94,7000.0,1661.94,1.2,-27.35,-13.88,10.0,9.9,18.25,28.08,0.97,1,0,0,0,0,0
2024,5,2.77,32.31,1150.0,5165.31,7100.0,1694.72,1.2,-42.5,-20.9,10.0,9.9,18.25,28.08,0.97,1,0,0,0,0,0
2024,6,2.77,32.31,1075.0,5110.72,6975.0,1782.46,1.22,-44.39,-22.06,10.0,9.9,18.25,28.08,0.97,1,0,0,0,0,0
2024,7,2.77,32.31,1086.0,4914.0,7286.0,1811.62,1.26,-41.3,-24.84,10.0,9.9,18.25,28.08,0.97,1,0,0,0,0,0
2024,8,2.77,32.31,1133.0,4875.0,7458.0,1767.89,1.24,-25.9,-18.75,10.0,9.9,18.25,28.08,0.97,1,0,0,0,0,0
2024,9,2.77,32.31,1067.0,5000.0,7833.0,1777.83,1.26,-24.54,-16.67,10.0,9.9,18.25,28.08,0.97,1,0,0,0,0,0
2024,10,2.77,32.31,1000.0,4883.0,7167.0,1762.98,1.26,-30.46,-18.51,10.0,9.9,18.25,28.08,0.97,1,0,0,0,0,0
2024,11,2.77,32.31,1200.0,4000.0,8000.0,1772.29,1.26,-14.95,-27.27,10.0,9.9,18.25,28.08,0.97,1,0,0,0,0,0
2024,12,2.77,32.31,1200.0,4000.0,8000.0,1717.97,1.25,-11.76,-27.13,10.0,9.9,18.25,28.08,0.97,1,0,0,0,0,0
2025,1,2.77,32.31,1272.0,3369.0,6940.0,1878.18,1.11,-14.75,-37.18,10.0,10.0,18.25,28.08,0.97,1,0,0,0,0,0
2025,2,2.77,32.31,1224.0,3790.0,7647.0,1839.32,1.2,-2.08,-26.09,10.0,10.0,18.25,28.08,0.97,1,0,0,0,0,0
2025,3,2.77,32.31,1242.0,3880.06,7757.0,1876.61,1.22,-1.19,-24.88,10.0,10.0,18.25,28.08,0.97,1,0,0,0,0,0
2025,4,2.77,32.31,1550.0,4144.36,7000.0,1757.5,1.27,27.99,-19.79,10.0,10.0,18.25,28.08,0.97,1,0,0,0,0,0
2025,5,2.77,32.31,2000.0,4427.5,7000.0,1767.61,1.46,73.91,-14.28,10.0,10.0,18.25,28.08,0.97,1,0,0,0,0,0
2025,6,2.77,32.31,2000.0,4860.0,7000.0,1856.63,1.58,86.05,-4.91,10.0,10.0,18.25,28.08,0.97,1,0,0,0,0,0
2025,7,2.77,32.31,1800.0,4325.0,7125.0,1879.93,1.51,65.75,-11.99,10.0,10.0,18.25,28.08,0.97,1,0,0,0,0,0
2025,8,2.77,32.31,1333.0,4033.0,8000.0,1906.54,1.44,17.65,-17.27,10.0,10.0,18.25,28.08,0.97,1,0,0,0,0,0
2025,9,2.77,32.31,1540.0,4500.0,7900.0,1941.63,1.41,44.33,-10.0,10.0,10.0,18.25,28.08,0.97,1,0,0,0,0,0
2025,10,2.77,32.31,1820.0,4900.0,8000.0,1947.29,1.47,82.0,0.35,10.0,10.0,18.25,28.08,0.97,1,0,0,0,0,0
2025,11,2.77,32.31,2000.0,5036.73,8000.0,1902.75,1.54,66.67,25.92,10.0,10.0,18.25,28.08,0.97,1,0,0,0,0,0
2025,12,2.77,32.31,1871.0,5000.0,8214.0,1890.26,1.38,55.92,25.0,10.0,10.0,18.25,28.08,0.97,1,0,0,0,0,0
2026,1,2.77,32.31,1654.0,4477.14,10000.0,1779.07,1.43,30.03,32.89,10.0,9.9,18.25,28.08,0.97,1,0,0,0,0,0
2026,2,2.77,32.31,1772.0,3849.0,10000.0,1867.17,1.39,44.77,1.56,10.0,9.9,18.25,28.08,0.97,1,0,0,0,0,0
2026,3,2.77,32.31,1875.0,4010.0,10000.0,1831.8,1.43,50.97,3.35,10.0,9.9,18.25,28.08,0.97,1,0,0,0,0,0
2026,4,2.77,32.31,1949.0,4729.84,10000.0,1903.81,1.5,25.74,14.13,10.0,9.9,18.25,28.08,0.97,1,0,0,0,0,0
2026,5,2.77,32.31,1759.8,4236.04,9101.32,1996.72,1.44,-12.01,-4.32,9.7,9.8,18.25,28.08,0.97,1,0,0,0,0,0
2026,6,2.77,32.31,2036.3,4159.39,9302.52,1985.26,1.49,1.82,-14.42,9.5,9.6,18.25,28.08,0.97,1,0,0,0,0,0
2026,7,2.77,32.31,1864.97,4105.87,9405.36,1907.57,1.46,3.61,-5.07,9.2,9.4,18.25,28.08,0.97,1,0,0,0,0,0
2026,8,2.77,32.31,1858.59,4192.04,9418.87,1927.57,1.46,39.43,3.94,8.9,9.2,18.25,28.08,0.97,1,0,0,0,0,0
2007,1,1.43,31.35,533.49,941.14,3555.01,1169.32,0.45,,,6.1,6.5,18.25,28.08,0.97,0,1,0,0,0,0
2007,2,1.43,31.35,498.29,965.89,3560.65,1116.41,0.44,,,6.1,6.5,18.25,28.08,0.97,0,1,0,0,0,0
2007,3,1.43,31.35,527.59,1005.84,3537.48,1127.14,0.45,,,6.1,6.5,18.25,28.08,0.97,0,1,0,0,0,0
2007,4,1.43,31.35,531.93,1056.16,3622.73,1188.73,0.46,,,6.1,6.5,18.25,28.08,0.97,0,1,0,0,0,0
2007,5,1.43,31.35,538.17,1091.02,3668.34,1176.07,0.46,,,6.1,6.5,18.25,28.08,0.97,0,1,0,0,0,0
2007,6,1.43,31.35,506.73,992.92,3562.08,1257.02,0.45,,,6.1,6.5,18.25,28.08,0.97,0,1,0,0,0,0
2007,7,1.43,31.35,516.89,958.28,3526.19,1170.35,0.44,,,6.1,6.5,18.25,28.08,0.97,0,1,0,0,0,0
2007,8,1.43,31.35,514.72,1012.68,3633.67,1160.35,0.45,,,6.1,6.5,18.25,28.08,0.97,0,1,0,0,0,0
2007,9,1.43,31.35,516.78,1046.01,3695.34,1169.64,0.46,,,6.1,6.5,18.25,28.08,0.97,0,1,0,0,0,0
2007,10,1.43,31.35,516.68,1039.76,3638.62,1176.7,0.46,,,6.1,6.5,18.25,28.08,0.97,0,1,0,0,0,0
2007,11,1.43,31.35,542.79,959.25,3753.59,1249.73,0.47,,,6.1,6.5,18.25,28.08,0.97,0,1,0,0,0,0
2007,12,1.43,31.35,535.86,943.95,3741.12,1208.67,0.46,,,6.1,6.5,18.25,28.08,0.97,0,1,0,0,0,0
2008,1,1.43,31.35,583.81,991.84,3709.92,1189.68,0.48,9.43,5.39,6.1,6.5,18.25,28.08,0.97,0,1,0,0,0,0
2008,2,1.43,31.35,542.45,1011.43,3609.36,1163.25,0.46,8.86,4.71,6.1,6.5,18.25,28.08,0.97,0,1,0,0,0,0
2008,3,1.43,31.35,585.17,1050.93,3608.76,1167.04,0.47,10.91,4.48,6.1,6.5,18.25,28.08,0.97,0,1,0,0,0,0
2008,4,1.43,31.35,597.87,1152.15,3780.42,1226.06,0.49,12.4,9.09,6.1,6.5,18.25,28.08,0.97,0,1,0,0,0,0
2008,5,1.43,31.35,604.64,1171.87,3758.25,1196.97,0.49,12.35,7.41,6.1,6.5,18.25,28.08,0.97,0,1,0,0,0,0
2008,6,1.43,31.35,558.29,1050.46,3714.24,1257.23,0.48,10.18,5.79,6.1,6.5,18.25,28.08,0.97,0,1,0,0,0,0
2008,7,1.43,31.35,596.0,1098.21,3712.92,1235.87,0.49,15.3,14.6,6.1,6.5,18.25,28.08,0.97,0,1,0,0,0,0
2008,8,1.43,31.35,583.77,1141.99,3836.72,1241.03,0.5,13.41,12.77,6.1,6.5,18.25,28.08,0.97,0,1,0,0,0,0
2008,9,1.43,31.35,607.93,1373.58,3915.67,1229.74,0.52,17.64,31.32,6.1,6.5,18.25,28.08,0.97,0,1,0,0,0,0
2008,10,1.43,31.35,616.68,1520.09,4020.08,1189.6,0.52,19.35,46.2,6.1,6.5,18.25,28.08,0.97,0,1,0,0,0,0
2008,11,1.43,31.35,666.83,1396.91,4275.45,1336.66,0.55,22.85,45.63,6.1,6.5,18.25,28.08,0.97,0,1,0,0,0,0
2008,12,1.43,31.35,667.42,1379.32,4392.45,1351.78,0.56,24.55,46.12,6.1,6.5,18.25,28.08,0.97,0,1,0,0,0,0
2009,1,1.43,31.35,646.54,1448.98,4337.64,1296.99,0.56,10.75,46.09,6.1,6.5,18.25,28.08,0.97,0,1,0,0,0,0
2009,2,1.43,31.35,604.58,1500.8,4233.79,1332.91,0.55,11.45,48.38,6.1,6.5,18.25,28.08,0.97,0,1,0,0,0,0
2009,3,1.43,31.35,683.52,1460.33,4456.05,1360.05,0.57,16.81,38.96,6.1,6.5,18.25,28.08,0.97,0,1,0,0,0,0
2009,4,1.43,31.35,616.39,1529.1,4804.98,1564.67,0.6,3.1,32.72,6.1,6.5,18.25,28.08,0.97,0,1,0,0,0,0
2009,5,1.43,31.35,728.97,1770.04,5099.99,1685.18,0.65,20.56,51.04,6.1,6.5,18.25,28.08,0.97,0,1,0,0,0,0
2009,6,1.43,31.35,756.07,1692.74,5072.87,1666.65,0.66,35.43,61.14,6.1,6.5,18.25,28.08,0.97,0,1,0,0,0,0
2009,7,1.43,31.35,740.19,1476.17,5078.37,1712.2,0.63,24.19,34.42,6.1,6.5,18.25,28.08,0.97,0,1,0,0,0,0
2009,8,1.43,31.35,718.82,1709.21,4933.94,1592.88,0.64,23.14,49.67,6.1,6.5,18.25,28.08,0.97,0,1,0,0,0,0
2009,9,1.43,31.35,664.45,1825.43,4840.49,1607.78,0.64,9.3,32.9,6.1,6.5,18.25,28.08,0.97,0,1,0,0,0,0
2009,10,1.43,31.35,665.46,1649.26,4709.89,1530.04,0.62,7.91,8.5,6.1,6.5,18.25,28.08,0.97,0,1,0,0,0,0
2009,11,1.43,31.35,672.52,1465.46,4733.36,1540.91,0.61,0.85,4.91,6.1,6.5,18.25,28.08,0.97,0,1,0,0,0,0
2009,12,1.43,31.35,650.31,1302.03,4747.19,1567.81,0.59,-2.56,-5.6,6.1,6.5,18.25,28.08,0.97,0,1,0,0,0,0
2010,1,1.43,31.35,614.87,1315.15,4931.41,1639.08,0.61,-4.9,-9.24,6.1,6.5,18.25,28.08,0.97,0,1,0,0,0,0
2010,2,1.43,31.35,577.31,1401.73,4714.44,1497.52,0.59,-4.51,-6.6,6.1,6.5,18.25,28.08,0.97,0,1,0,0,0,0
2010,3,1.43,31.35,683.05,1411.1,4844.91,1485.09,0.6,-0.07,-3.37,6.1,6.5,18.25,28.08,0.97,0,1,0,0,0,0
2010,4,1.43,31.35,648.95,1537.82,4524.82,1499.1,0.58,5.28,0.57,6.1,6.5,18.25,28.08,0.97,0,1,0,0,0,0
2010,5,1.43,31.35,729.61,1771.19,4415.8,1405.56,0.6,0.09,0.06,6.1,6.5,18.25,28.08,0.97,0,1,0,0,0,0
2010,6,1.43,31.35,754.73,1665.57,4302.1,1300.4,0.59,-0.18,-1.61,6.1,6.5,18.25,28.08,0.97,0,1,0,0,0,0
2010,7,1.43,31.35,715.5,1424.52,4198.4,1276.64,0.55,-3.34,-3.5,6.1,6.5,18.25,28.08,0.97,0,1,0,0,0,0
2010,8,1.43,31.35,691.99,1651.43,3932.76,1187.22,0.55,-3.73,-3.38,6.1,6.5,18.25,28.08,0.97,0,1,0,0,0,0
2010,9,1.43,31.35,623.39,1672.21,4018.0,1183.88,0.54,-6.18,-8.39,6.1,6.5,18.25,28.08,0.97,0,1,0,0,0,0
2010,10,1.43,31.35,605.5,1633.92,3962.75,1172.8,0.54,-9.01,-0.93,6.1,6.5,18.25,28.08,0.97,0,1,0,0,0,0
2010,11,1.43,31.35,629.47,1503.38,4109.1,1217.74,0.54,-6.4,2.59,6.1,6.5,18.25,28.08,0.97,0,1,0,0,0,0
2010,12,1.43,31.35,631.28,1481.3,4090.79,1192.93,0.54,-2.93,13.77,6.1,6.5,18.25,28.08,0.97,0,1,0,0,0,0
2011,1,1.43,31.35,632.69,1609.85,4210.18,1195.37,0.56,2.9,22.41,6.1,6.5,18.25,28.08,0.97,0,1,0,0,0,0
2011,2,1.43,31.35,608.71,1718.6,4386.14,1167.31,0.58,5.44,22.61,6.1,6.5,18.25,28.08,0.97,0,1,0,0,0,0
2011,3,1.43,31.35,755.7,1816.9,4695.23,1316.33,0.63,10.64,28.76,6.1,6.5,18.25,28.08,0.97,0,1,0,0,0,0
2011,4,1.43,31.35,753.83,1702.95,4522.99,1469.64,0.65,16.16,10.74,6.1,6.5,18.25,28.08,0.97,0,1,0,0,0,0
2011,5,1.43,31.35,807.84,1870.84,4964.18,1691.18,0.69,10.72,5.63,6.1,6.5,18.25,28.08,0.97,0,1,0,0,0,0
2011,6,1.43,31.35,899.45,1820.37,4752.8,1557.4,0.69,19.17,9.29,6.1,6.5,18.25,28.08,0.97,0,1,0,0,0,0
2011,7,1.43,31.35,855.51,1544.42,5165.92,1542.37,0.68,19.57,8.42,6.1,6.5,18.25,28.08,0.97,0,1,0,0,0,0
2011,8,1.43,31.35,906.04,1689.91,5230.84,1482.07,0.71,30.93,2.33,6.1,6.5,18.25,28.08,0.97,0,1,0,0,0,0
2011,9,1.43,31.35,785.27,1555.98,4903.18,1501.39,0.67,25.97,-6.95,6.1,6.5,18.25,28.08,0.97,0,1,0,0,0,0
2011,10,1.43,31.35,731.71,1514.73,4889.84,1537.68,0.65,20.85,-7.29,6.1,6.5,18.25,28.08,0.97,0,1,0,0,0,0
2011,11,1.43,31.35,717.75,1395.69,4929.15,1598.23,0.66,14.03,-7.16,6.1,6.5,18.25,28.08,0.97,0,1,0,0,0,0
2011,12,1.43,31.35,701.67,1436.39,4891.27,1658.67,0.67,11.15,-3.03,6.1,6.5,18.25,28.08,0.97,0,1,0,0,0,0
2012,1,1.43,31.35,641.74,1396.53,4807.22,1715.23,0.65,1.43,-13.25,6.1,6.5,18.25,28.08,0.97,0,1,0,0,0,0
2012,2,1.43,31.35,584.0,1504.34,4859.44,1666.27,0.66,-4.06,-12.47,6.1,6.5,18.25,28.08,0.97,0,1,0,0,0,0
2012,3,1.43,31.35,718.95,1588.68,4915.34,1669.72,0.67,-4.86,-12.56,6.1,6.5,18.25,28.08,0.97,0,1,0,0,0,0
2012,4,1.43,31.35,722.59,1885.22,5403.65,1644.78,0.72,-4.14,10.7,6.1,6.5,18.25,28.08,0.97,0,1,0,0,0,0
2012,5,1.43,31.35,838.56,2115.21,5697.72,1683.54,0.78,3.8,13.06,6.1,6.5,18.25,28.08,0.97,0,1,0,0,0,0
2012,6,1.43,31.35,890.65,2099.45,5966.64,1772.89,0.79,-0.98,15.33,6.1,6.5,18.25,28.08,0.97,0,1,0,0,0,0
2012,7,1.43,31.35,797.07,1691.78,5998.93,1785.06,0.77,-6.83,9.54,6.1,6.5,18.25,28.08,0.97,0,1,0,0,0,0
2012,8,1.43,31.35,788.35,1575.08,6095.43,1814.08,0.78,-12.99,-6.8,6.1,6.5,18.25,28.08,0.97,0,1,0,0,0,0
2012,9,1.43,31.35,706.92,1564.06,5624.52,1769.67,0.73,-9.98,0.52,6.1,6.5,18.25,28.08,0.97,0,1,0,0,0,0
2012,10,1.43,31.35,681.33,1692.84,5709.45,1692.5,0.75,-6.89,11.76,6.1,6.5,18.25,28.08,0.97,0,1,0,0,0,0
2012,11,1.43,31.35,683.71,1517.09,5542.23,1738.42,0.73,-4.74,8.7,6.1,6.5,18.25,28.08,0.97,0,1,0,0,0,0
2012,12,1.43,31.35,677.17,1546.45,5673.07,1830.38,0.75,-3.49,7.66,6.1,6.5,18.25,28.08,0.97,0,1,0,0,0,0
2013,1,1.43,31.35,706.22,1628.15,5542.84,1744.75,0.74,10.05,16.58,6.1,6.5,18.25,28.08,0.97,0,1,0,0,0,0
2013,2,1.43,31.35,732.9,1779.6,5740.65,1800.01,0.76,25.5,18.3,6.1,6.5,18.25,28.08,0.97,0,1,0,0,0,0
2013,3,1.43,31.35,784.16,1938.97,5525.24,1749.12,0.76,9.07,22.05,6.1,6.5,18.25,28.08,0.97,0,1,0,0,0,0
2013,4,1.43,31.35,723.61,2001.31,5646.74,1789.38,0.77,0.14,6.16,6.1,6.5,18.25,28.08,0.97,0,1,0,0,0,0
2013,5,1.43,31.35,793.27,2034.07,5814.12,1813.45,0.78,-5.4,-3.84,6.1,6.5,18.25,28.08,0.97,0,1,0,0,0,0
2013,6,1.43,31.35,833.4,1929.94,5495.18,1799.97,0.77,-6.43,-8.07,6.1,6.5,18.25,28.08,0.97,0,1,0,0,0,0
2013,7,1.43,31.35,763.49,1851.65,5362.5,1720.23,0.75,-4.21,9.45,6.1,6.5,18.25,28.08,0.97,0,1,0,0,0,0
2013,8,1.43,31.35,700.26,2109.35,5383.86,1802.87,0.76,-11.17,33.92,6.1,6.5,18.25,28.08,0.97,0,1,0,0,0,0
2013,9,1.43,31.35,715.76,2256.71,5477.48,1922.14,0.79,1.25,44.29,6.1,6.5,18.25,28.08,0.97,0,1,0,0,0,0
2013,10,1.43,31.35,726.3,2007.24,5733.4,1830.25,0.78,6.6,18.57,6.1,6.5,18.25,28.08,0.97,0,1,0,0,0,0
2013,11,1.43,31.35,690.44,1594.3,5846.86,1872.0,0.77,0.98,5.09,6.1,6.5,18.25,28.08,0.97,0,1,0,0,0,0
2013,12,1.43,31.35,708.51,1552.26,5875.18,1859.85,0.77,4.63,0.38,6.1,6.5,18.25,28.08,0.97,0,1,0,0,0,0
2014,1,1.43,31.35,690.02,1695.07,5828.82,1758.09,0.78,-2.29,4.11,6.1,6.5,18.25,28.08,0.97,0,1,0,0,0,0
2014,2,1.43,31.35,707.61,1849.25,5436.51,1666.78,0.75,-3.45,3.91,6.1,6.5,18.25,28.08,0.97,0,1,0,0,0,0
2014,3,1.43,31.35,777.31,1960.36,5649.11,1747.41,0.77,-0.87,1.1,6.1,6.5,18.25,28.08,0.97,0,1,0,0,0,0
2014,4,1.43,31.35,754.53,2130.0,5696.78,1864.75,0.78,4.27,6.43,6.1,6.5,18.25,28.08,0.97,0,1,0,0,0,0
2014,5,1.43,31.35,786.97,1998.47,5742.01,1996.88,0.79,-0.79,-1.75,6.1,6.5,18.25,28.08,0.97,0,1,0,0,0,0
2014,6,1.43,31.35,889.59,1820.44,6076.3,1942.31,0.8,6.74,-5.67,6.1,6.5,18.25,28.08,0.97,0,1,0,0,0,0
2014,7,1.43,31.35,876.37,1672.5,5910.67,1853.73,0.79,14.78,-9.68,6.1,6.5,18.25,28.08,0.97,0,1,0,0,0,0
2014,8,1.43,31.35,905.88,1643.7,5892.65,1819.6,0.79,29.36,-22.08,6.1,6.5,18.25,28.08,0.97,0,1,0,0,0,0
2014,9,1.43,31.35,847.38,1716.47,5734.5,1815.9,0.79,18.39,-23.94,6.1,6.5,18.25,28.08,0.97,0,1,0,0,0,0
2014,10,1.43,31.35,869.37,1741.76,5933.88,1830.91,0.79,19.7,-13.23,6.1,6.5,18.25,28.08,0.97,0,1,0,0,0,0
2014,11,1.43,31.35,829.16,1645.61,5615.4,1846.53,0.77,20.09,3.22,6.1,6.5,18.25,28.08,0.97,0,1,0,0,0,0
2014,12,1.43,31.35,836.75,1639.04,5812.99,1828.99,0.79,18.1,5.59,6.1,6.5,18.25,28.08,0.97,0,1,0,0,0,0
2015,1,1.43,31.35,781.88,1729.3,5648.93,1851.93,0.8,13.31,2.02,6.1,6.5,18.25,28.08,0.97,0,1,0,0,0,0
2015,2,1.43,31.35,907.36,2178.24,5474.98,1825.45,0.84,28.23,17.79,6.1,6.5,18.25,28.08,0.97,0,1,0,0,0,0
2015,3,1.43,31.35,965.09,2177.83,5568.68,1775.45,0.85,24.16,11.09,6.1,6.5,18.25,28.08,0.97,0,1,0,0,0,0
2015,4,1.43,31.35,1182.9,2214.23,5635.18,2074.5,0.9,56.77,3.95,6.1,6.5,18.25,28.08,0.97,0,1,0,0,0,0
2015,5,1.43,31.35,1155.3,2259.56,5577.97,1835.66,0.89,46.8,13.06,6.1,6.5,18.25,28.08,0.97,0,1,0,0,0,0
2015,6,1.43,31.35,1113.35,2463.89,5670.09,1846.68,0.9,25.15,35.35,6.1,6.5,18.25,28.08,0.97,0,1,0,0,0,0
2015,7,1.43,31.35,1055.58,2068.24,5909.58,1893.97,0.88,20.45,23.66,6.1,6.5,18.25,28.08,0.97,0,1,0,0,0,0
2015,8,1.43,31.35,1041.73,2061.44,6073.38,1846.9,0.88,15.0,25.41,6.1,6.5,18.25,28.08,0.97,0,1,0,0,0,0
2015,9,1.43,31.35,946.74,2149.09,5818.26,1831.69,0.87,11.73,25.2,6.1,6.5,18.25,28.08,0.97,0,1,0,0,0,0
2015,10,1.43,31.35,1047.58,2447.0,5984.4,1867.59,0.9,20.5,40.49,6.1,6.5,18.25,28.08,0.97,0,1,0,0,0,0
2015,11,1.43,31.35,1114.54,2475.06,5970.28,1923.96,0.92,34.42,50.4,6.1,6.5,18.25,28.08,0.97,0,1,0,0,0,0
2015,12,1.43,31.35,1007.18,2393.26,5964.14,1972.49,0.92,20.37,46.02,6.1,6.5,18.25,28.08,0.97,0,1,0,0,0,0
2016,1,1.43,31.35,846.46,2311.1,6002.94,1882.16,0.89,8.26,33.64,6.1,6.5,18.25,28.08,0.97,0,1,0,0,0,0
2016,2,1.43,31.35,995.25,2494.55,6054.17,1886.92,0.94,9.69,14.52,6.1,6.5,18.25,28.08,0.97,0,1,0,0,0,0
2016,3,1.43,31.35,933.79,2385.5,6057.34,2116.8,0.92,-3.24,9.54,6.1,6.5,18.25,28.08,0.97,0,1,0,0,0,0
2016,4,1.43,31.35,1068.23,2552.1,5923.21,2073.36,0.95,-9.69,15.26,6.1,6.5,18.25,28.08,0.97,0,1,0,0,0,0
2016,5,1.43,31.35,1071.69,2704.43,5832.69,2113.51,0.94,-7.24,19.69,6.1,6.5,18.25,28.08,0.97,0,1,0,0,0,0
2016,6,1.43,31.35,1086.36,2411.77,5876.42,2168.17,0.95,-2.42,-2.12,6.1,6.5,18.25,28.08,0.97,0,1,0,0,0,0
2016,7,1.43,31.35,1086.04,2166.35,6234.79,2190.23,0.95,2.89,4.74,6.1,6.5,18.25,28.08,0.97,0,1,0,0,0,0
2016,8,1.43,31.35,1174.53,2321.84,5863.04,2042.78,0.96,12.75,12.63,6.1,6.5,18.25,28.08,0.97,0,1,0,0,0,0
2016,9,1.43,31.35,1044.49,2247.85,5688.3,2092.57,0.93,10.32,4.6,6.1,6.5,18.25,28.08,0.97,0,1,0,0,0,0
2016,10,1.43,31.35,1116.99,2413.08,5496.62,2103.75,0.96,6.63,-1.39,6.1,6.5,18.25,28.08,0.97,0,1,0,0,0,0
2016,11,1.43,31.35,1133.75,2354.34,5826.96,2055.35,0.96,1.72,-4.88,6.1,6.5,18.25,28.08,0.97,0,1,0,0,0,0
2016,12,1.43,31.35,1215.67,2497.13,5771.78,2166.37,1.02,20.7,4.34,6.1,6.5,18.25,28.08,0.97,0,1,0,0,0,0
2017,1,1.43,31.35,1215.34,2669.58,5596.57,2119.74,1.02,43.58,15.51,6.1,6.5,18.25,28.08,0.97,0,1,0,0,0,0
2017,2,1.43,31.35,1188.47,2692.06,5713.89,2197.97,1.04,19.41,7.92,6.1,6.5,18.25,28.08,0.97,0,1,0,0,0,0
2017,3,1.43,31.35,1181.07,2750.22,5978.11,2228.86,1.05,26.48,15.29,6.1,6.5,18.25,28.08,0.97,0,1,0,0,0,0
2017,4,1.43,31.35,1522.8,3236.43,6099.26,2361.38,1.17,42.55,26.81,6.1,6.5,18.25,28.08,0.97,0,1,0,0,0,0
2017,5,1.43,31.35,1493.88,3031.92,6631.16,2440.25,1.21,39.4,12.11,6.1,6.5,18.25,28.08,0.97,0,1,0,0,0,0
2017,6,1.43,31.35,1458.5,2720.0,6255.27,2423.2,1.16,34.26,12.78,6.1,6.5,18.25,28.08,0.97,0,1,0,0,0,0
2017,7,1.43,31.35,1308.87,2552.64,6488.8,2754.16,1.17,20.52,17.83,6.1,6.5,18.25,28.08,0.97,0,1,0,0,0,0
2017,8,1.43,31.35,1307.77,2407.38,6409.04,2578.89,1.12,11.34,3.68,6.1,6.5,18.25,28.08,0.97,0,1,0,0,0,0
2017,9,1.43,31.35,1087.8,2253.23,6337.86,2397.88,1.05,4.15,0.24,6.1,6.5,18.25,28.08,0.97,0,1,0,0,0,0
2017,10,1.43,31.35,1140.83,2499.47,6315.85,2668.5,1.08,2.13,3.58,6.1,6.5,18.25,28.08,0.97,0,1,0,0,0,0
2017,11,1.43,31.35,1056.2,2320.27,6300.46,2466.94,1.02,-6.84,-1.45,6.1,6.5,18.25,28.08,0.97,0,1,0,0,0,0
2017,12,1.43,31.35,1102.69,2512.74,6175.36,2630.7,1.06,-9.29,0.62,6.1,6.5,18.25,28.08,0.97,0,1,0,0,0,0
2018,1,1.43,31.35,1000.48,2416.64,6018.47,2788.33,1.02,-17.68,-9.47,6.1,6.5,18.25,28.08,0.97,0,1,0,0,0,0
2018,2,1.43,31.35,1016.8,2459.03,5980.63,2468.13,1.02,-14.45,-8.66,6.1,6.5,18.25,28.08,0.97,0,1,0,0,0,0
2018,3,1.43,31.35,996.44,2449.12,6069.86,2553.57,1.01,-15.63,-10.95,6.1,6.5,18.25,28.08,0.97,0,1,0,0,0,0
2018,4,1.43,31.35,1013.85,2447.55,6225.95,2226.53,1.0,-33.42,-24.37,6.1,6.5,18.25,28.08,0.97,0,1,0,0,0,0
2018,5,1.43,31.35,921.63,2223.41,6113.19,2444.24,0.98,-38.31,-26.67,6.1,6.5,18.25,28.08,0.97,0,1,0,0,0,0
2018,6,1.43,31.35,907.56,2213.4,6235.89,2153.19,0.97,-37.77,-18.63,6.1,6.5,18.25,28.08,0.97,0,1,0,0,0,0
2018,7,1.43,31.35,901.47,1879.87,6225.55,2303.1,0.94,-31.13,-26.36,6.1,6.5,18.25,28.08,0.97,0,1,0,0,0,0
2018,8,1.43,31.35,894.94,1964.54,6174.54,2152.91,0.92,-31.57,-18.4,6.1,6.5,18.25,28.08,0.97,0,1,0,0,0,0
2018,9,1.43,31.35,863.35,2046.87,5849.3,2319.5,0.91,-20.63,-9.16,6.1,6.5,18.25,28.08,0.97,0,1,0,0,0,0
2018,10,1.43,31.35,855.14,2185.15,6035.32,2243.31,0.91,-25.04,-12.58,6.1,6.5,18.25,28.08,0.97,0,1,0,0,0,0
2018,11,1.43,31.35,884.78,2186.88,6000.11,2200.06,0.88,-16.23,-5.75,6.1,6.5,18.25,28.08,0.97,0,1,0,0,0,0
2018,12,1.43,31.35,873.73,2209.71,5888.01,1980.8,0.86,-20.76,-12.06,6.1,6.5,18.25,28.08,0.97,0,1,0,0,0,0
2019,1,1.43,31.35,840.74,2437.51,5822.18,2037.47,0.88,-15.97,0.86,6.1,6.5,18.25,28.08,0.97,0,1,0,0,0,0
2019,2,1.43,31.35,898.1,2776.13,5769.62,1968.24,0.91,-11.67,12.9,6.1,6.5,18.25,28.08,0.97,0,1,0,0,0,0
2019,3,1.43,31.35,938.14,2818.17,5416.36,2162.41,0.91,-5.85,15.07,6.1,6.5,18.25,28.08,0.97,0,1,0,0,0,0
2019,4,1.43,31.35,1032.06,3049.68,5975.45,2027.87,0.96,1.8,24.6,6.1,6.5,18.25,28.08,0.97,0,1,0,0,0,0
2019,5,1.43,31.35,1331.22,3356.5,6400.15,2180.28,1.06,44.44,50.96,6.1,6.5,18.25,28.08,0.97,0,1,0,0,0,0
2019,6,1.43,31.35,1228.97,3140.51,5884.06,2302.18,1.05,35.41,41.89,6.1,6.5,18.25,28.08,0.97,0,1,0,0,0,0
2019,7,1.43,31.35,1400.04,3225.86,6098.9,2342.5,1.07,55.31,71.6,6.1,6.5,18.25,28.08,0.97,0,1,0,0,0,0
2019,8,1.43,31.35,1231.2,3289.43,6183.25,2383.75,1.06,37.57,67.44,6.1,6.5,18.25,28.08,0.97,0,1,0,0,0,0
2019,9,1.43,31.35,1009.96,3264.28,5822.55,2122.16,1.0,16.98,59.48,6.1,6.5,18.25,28.08,0.97,0,1,0,0,0,0
2019,10,1.43,31.35,1167.05,3143.42,6215.03,2259.59,1.03,36.47,43.85,6.1,6.5,18.25,28.08,0.97,0,1,0,0,0,0
2019,11,1.43,31.35,1281.78,3346.08,6425.08,2236.38,1.06,44.87,53.01,6.1,6.5,18.25,28.08,0.97,0,1,0,0,0,0
2019,12,1.43,31.35,1051.17,3322.7,5819.4,2081.93,0.98,20.31,50.37,6.1,6.5,18.25,28.08,0.97,0,1,0,0,0,0
2020,1,1.43,31.35,969.66,3237.12,5906.17,2200.7,1.0,15.33,32.8,6.1,6.5,18.25,28.08,0.97,0,1,0,0,0,0
2020,2,1.43,31.35,1020.55,3555.12,5967.15,2320.77,1.05,13.63,28.06,6.1,6.5,18.25,28.08,0.97,0,1,0,0,0,0
2020,3,1.43,31.35,898.1,3815.25,5729.0,2107.81,1.01,-4.27,35.38,6.1,6.5,18.25,28.08,0.97,0,1,0,0,0,0
2020,4,1.43,31.35,1214.65,4470.19,6062.69,2079.21,1.12,17.69,46.58,6.1,6.5,18.25,28.08,0.97,0,1,0,0,0,0
2020,5,1.43,31.35,1028.22,4513.5,6217.85,2023.56,1.05,-22.76,34.47,6.1,6.5,18.25,28.08,0.97,0,1,0,0,0,0
2020,6,1.43,31.35,955.13,3868.04,6297.64,1808.72,1.02,-22.28,23.17,6.1,6.5,18.25,28.08,0.97,0,1,0,0,0,0
2020,7,1.43,31.35,1086.99,3639.02,6181.72,1893.16,1.02,-22.36,12.81,6.1,6.5,18.25,28.08,0.97,0,1,0,0,0,0
2020,8,1.43,31.35,957.53,3428.99,5847.49,1891.1,0.98,-22.23,4.24,6.1,6.5,18.25,28.08,0.97,0,1,0,0,0,0
2020,9,1.43,31.35,813.01,3545.47,5737.38,1748.81,0.97,-19.5,8.61,6.1,6.5,18.25,28.08,0.97,0,1,0,0,0,0
2020,10,1.43,31.35,853.12,3306.1,5751.29,1882.72,0.97,-26.9,5.18,6.1,6.5,18.25,28.08,0.97,0,1,0,0,0,0
2020,11,1.43,31.35,914.39,3203.44,6043.48,1883.15,0.99,-28.66,-4.26,6.1,6.5,18.25,28.08,0.97,0,1,0,0,0,0
2020,12,1.43,31.35,715.13,2783.03,5863.74,1932.05,0.9,-31.97,-16.24,6.1,6.5,18.25,28.08,0.97,0,1,0,0,0,0
2021,1,1.43,31.35,706.7,2857.8,5952.32,1991.65,0.9,-27.12,-11.72,6.1,6.5,18.25,28.08,0.97,0,1,0,0,0,0
2021,2,1.43,31.35,723.06,2934.72,6073.17,2012.14,0.91,-29.15,-17.45,6.1,6.5,18.25,28.08,0.97,0,1,0,0,0,0
2021,3,1.43,31.35,767.67,2993.3,6166.79,2006.32,0.92,-14.52,-21.54,6.1,6.5,18.25,28.08,0.97,0,1,0,0,0,0
2021,4,1.43,31.35,791.51,2748.55,6892.32,2017.13,0.95,-34.84,-38.51,6.1,6.5,18.25,28.08,0.97,0,1,0,0,0,0
2021,5,1.43,31.35,737.55,2710.46,6849.76,2012.79,0.92,-28.27,-39.95,6.1,6.5,18.25,28.08,0.97,0,1,0,0,0,0
2021,6,1.43,31.35,896.42,2612.71,7042.01,1973.8,0.94,-6.15,-32.45,6.1,6.5,18.25,28.08,0.97,0,1,0,0,0,0
2021,7,1.43,31.35,850.0,2374.16,7600.0,1860.19,0.95,-21.8,-34.76,6.6,7.0,18.25,28.08,0.97,0,1,0,0,0,0
2021,8,1.43,31.35,856.97,1914.0,7571.0,1841.76,0.93,-10.5,-44.18,7.0,7.5,18.25,28.08,0.97,0,1,0,0,0,0
2021,9,1.43,31.35,1016.59,2200.0,7929.0,1846.37,0.98,25.04,-37.95,7.4,7.9,18.25,28.08,0.97,0,1,0,0,0,0
2021,10,1.43,31.35,1011.26,2245.0,7962.0,1843.15,0.96,18.54,-32.1,7.7,8.3,18.25,28.08,0.97,0,1,0,0,0,0
2021,11,1.43,31.35,1105.54,2389.0,8000.0,1871.38,0.96,20.9,-25.42,8.0,8.6,18.25,28.08,0.97,0,1,0,0,0,0
2021,12,1.43,31.35,1057.16,2300.0,8000.0,1828.58,0.94,47.83,-17.36,8.3,8.9,18.25,28.08,0.97,0,1,0,0,0,0
2022,1,1.43,31.35,900.0,1971.0,8000.0,1820.04,0.87,27.35,-31.03,8.6,9.1,18.25,28.08,0.97,0,1,0,0,0,0
2022,2,1.43,31.35,1256.75,2359.9,8882.68,1769.24,1.0,73.81,-19.59,8.6,9.1,18.25,28.08,0.97,0,1,0,0,0,0
2022,3,1.43,31.35,1300.0,2500.0,9750.0,1695.92,1.07,69.34,-16.48,8.9,9.4,18.25,28.08,0.97,0,1,0,0,0,0
2022,4,1.43,31.35,1600.0,2600.0,10000.0,1809.08,1.2,102.15,-5.4,9.2,9.6,18.25,28.08,0.97,0,1,0,0,0,0
2022,5,1.43,31.35,2000.0,3000.0,10000.0,1681.03,1.28,171.17,10.68,9.5,9.8,18.25,28.08,0.97,0,1,0,0,0,0
2022,6,1.43,31.35,2083.0,3000.0,10000.0,1646.53,1.32,132.37,14.82,9.7,9.9,18.25,28.08,0.97,0,1,0,0,0,0
2022,7,1.43,31.35,2375.0,3375.0,10000.0,1656.62,1.39,179.41,42.16,9.7,9.9,18.25,28.08,0.97,0,1,0,0,0,0
2022,8,1.43,31.35,2417.0,3500.0,9750.0,1631.01,1.46,182.04,82.86,9.7,9.9,18.25,28.08,0.97,0,1,0,0,0,0
2022,9,1.43,31.35,2000.0,3500.0,9250.0,1646.92,1.46,96.74,59.09,9.7,9.9,18.25,28.08,0.97,0,1,0,0,0,0
2022,10,1.43,31.35,2000.0,3400.0,9000.0,1630.93,1.48,97.77,51.45,9.7,9.9,18.25,28.08,0.97,0,1,0,0,0,0
2022,11,1.43,31.35,2375.0,3875.0,9000.0,1603.98,1.51,114.83,62.2,9.7,9.9,18.25,28.08,0.97,0,1,0,0,0,0
2022,12,1.43,31.35,2625.0,4000.0,8000.0,1560.93,1.48,148.31,73.91,9.7,9.9,18.25,28.08,0.97,0,1,0,0,0,0
2023,1,1.43,31.35,2200.0,4000.0,8000.0,1624.83,1.43,144.44,102.94,9.7,9.9,18.25,28.08,0.97,0,1,0,0,0,0
2023,2,1.43,31.35,1500.0,4000.0,8000.0,1615.25,1.38,19.36,69.5,10.0,10.0,18.25,28.08,0.97,0,1,0,0,0,0
2023,3,1.43,31.35,1500.0,4000.0,8000.0,1519.86,1.35,15.38,60.0,10.0,10.0,18.25,28.08,0.97,0,1,0,0,0,0
2023,4,1.43,31.35,1700.0,4125.0,7667.22,1557.81,1.38,6.25,58.65,10.0,10.0,18.25,28.08,0.97,0,1,0,0,0,0
2023,5,1.43,31.35,1769.37,4297.35,7303.82,1621.62,1.34,-11.53,43.25,9.7,9.9,18.25,28.08,0.97,0,1,0,0,0,0
2023,6,1.43,31.35,2000.0,4700.0,7000.0,1491.93,1.35,-3.98,56.67,9.7,9.9,18.25,28.08,0.97,0,1,0,0,0,0
2023,7,1.43,31.35,1750.0,4150.0,7000.0,1597.38,1.32,-26.32,22.96,9.7,9.9,18.25,28.08,0.97,0,1,0,0,0,0
2023,8,1.43,31.35,1800.0,4520.0,7000.0,1620.48,1.33,-25.53,29.14,9.7,9.9,18.25,28.08,0.97,0,1,0,0,0,0
2023,9,1.43,31.35,2000.0,5000.0,7000.0,1575.45,1.38,0.0,42.86,9.7,9.9,18.25,28.08,0.97,0,1,0,0,0,0
2023,10,1.43,31.35,2000.0,4875.0,7000.0,1582.76,1.41,0.0,43.38,9.7,9.9,18.25,28.08,0.97,0,1,0,0,0,0
2023,11,1.43,31.35,1900.0,4100.0,7000.0,1614.09,1.29,-20.0,5.81,9.7,9.9,18.25,28.08,0.97,0,1,0,0,0,0
2023,12,1.43,31.35,1420.0,3800.0,7000.0,1451.93,1.2,-45.9,-5.0,9.7,9.9,18.25,28.08,0.97,0,1,0,0,0,0
2024,1,1.43,31.35,1173.81,3080.0,7000.0,1536.6,1.1,-46.65,-23.0,9.7,9.9,18.25,28.08,0.97,0,1,0,0,0,0
2024,2,1.43,31.35,700.0,3636.84,7000.0,1480.55,1.12,-53.33,-9.08,9.7,9.9,18.25,28.08,0.97,0,1,0,0,0,0
2024,3,1.43,31.35,608.56,4022.86,7000.0,1432.4,1.16,-59.43,0.57,9.7,9.9,18.25,28.08,0.97,0,1,0,0,0,0
2024,4,1.43,31.35,750.0,4867.79,7000.0,1540.78,1.22,-55.88,18.01,9.7,9.9,18.25,28.08,0.97,0,1,0,0,0,0
2024,5,1.43,31.35,720.0,5000.0,7000.0,1440.64,1.19,-59.31,16.35,10.0,10.0,18.25,28.08,0.97,0,1,0,0,0,0
2024,6,1.43,31.35,700.0,5000.0,7200.0,1568.64,1.19,-65.0,6.38,10.0,10.0,18.25,28.08,0.97,0,1,0,0,0,0
2024,7,1.43,31.35,840.0,4587.33,7000.0,1538.77,1.15,-52.0,10.54,10.0,10.0,18.25,28.08,0.97,0,1,0,0,0,0
2024,8,1.43,31.35,911.0,4111.0,7000.0,1528.6,1.16,-49.39,-9.05,10.0,10.0,18.25,28.08,0.97,0,1,0,0,0,0
2024,9,1.43,31.35,1000.0,4875.0,7000.0,1541.25,1.21,-50.0,-2.5,10.0,10.0,18.25,28.08,0.97,0,1,0,0,0,0
2024,10,1.43,31.35,1000.0,4300.0,7000.0,1538.65,1.19,-50.0,-11.79,10.0,10.0,18.25,28.08,0.97,0,1,0,0,0,0
2024,11,1.43,31.35,1000.0,3500.0,7000.0,1577.82,1.23,-47.37,-14.63,10.0,10.0,18.25,28.08,0.97,0,1,0,0,0,0
2024,12,1.43,31.35,1000.0,3500.0,7000.0,1628.84,1.23,-29.58,-7.89,10.0,10.0,18.25,28.08,0.97,0,1,0,0,0,0
2025,1,1.43,31.35,1000.0,3500.0,7000.0,1658.74,1.23,-14.81,13.64,10.0,10.0,18.25,28.08,0.97,0,1,0,0,0,0
2025,2,1.43,31.35,1000.0,3500.0,7000.0,1699.46,1.23,42.86,-3.76,10.0,10.0,18.25,28.08,0.97,0,1,0,0,0,0
2025,3,1.43,31.35,1014.0,3694.44,8061.07,1735.61,1.28,66.62,-8.16,10.0,10.0,18.25,28.08,0.97,0,1,0,0,0,0
2025,4,1.43,31.35,1300.0,4035.71,8367.21,1678.36,1.33,73.33,-17.09,10.0,10.0,18.25,28.08,0.97,0,1,0,0,0,0
2025,5,1.43,31.35,1219.78,4361.11,8343.44,1738.39,1.43,69.41,-12.78,10.0,10.0,18.25,28.08,0.97,0,1,0,0,0,0
2025,6,1.43,31.35,1337.71,5000.0,9042.21,1850.81,1.5,91.1,0.0,10.0,10.0,18.25,28.08,0.97,0,1,0,0,0,0
2025,7,1.43,31.35,1450.78,4000.0,9710.86,1764.7,1.41,72.71,-12.8,10.0,10.0,18.25,28.08,0.97,0,1,0,0,0,0
2025,8,1.43,31.35,1500.0,4000.0,10000.0,1815.42,1.42,64.65,-2.7,10.0,10.0,18.25,28.08,0.97,0,1,0,0,0,0
2025,9,1.43,31.35,1500.0,4000.0,10000.0,1863.89,1.44,50.0,-17.95,10.0,10.0,18.25,28.08,0.97,0,1,0,0,0,0
2025,10,1.43,31.35,1500.0,4000.0,10000.0,1857.72,1.44,50.0,-6.98,10.0,10.0,18.25,28.08,0.97,0,1,0,0,0,0
2025,11,1.43,31.35,1500.0,4000.0,10000.0,1820.71,1.44,50.0,14.29,10.0,10.0,18.25,28.08,0.97,0,1,0,0,0,0
2025,12,1.43,31.35,1500.0,4000.0,10000.0,1860.83,1.44,50.0,14.29,10.0,10.0,18.25,28.08,0.97,0,1,0,0,0,0
2026,1,1.43,31.35,1271.75,3378.56,8810.43,1834.57,1.31,27.18,-3.47,9.7,9.9,18.25,28.08,0.97,0,1,0,0,0,0
2026,2,1.43,31.35,1422.38,3432.92,8944.72,1781.05,1.34,42.24,-1.92,9.5,9.8,18.25,28.08,0.97,0,1,0,0,0,0
2026,3,1.43,31.35,1352.66,3389.48,8455.06,1765.44,1.33,33.4,-8.25,9.2,9.6,18.25,28.08,0.97,0,1,0,0,0,0
2026,4,1.43,31.35,1477.64,3905.33,8780.61,1856.44,1.35,13.66,-3.23,9.0,9.4,18.25,28.08,0.97,0,1,0,0,0,0
2026,5,1.43,31.35,1567.23,3688.02,8888.78,1830.39,1.35,28.48,-15.43,8.7,9.2,18.25,28.08,0.97,0,1,0,0,0,0
2026,6,1.43,31.35,1514.54,3251.57,8466.23,1876.65,1.29,13.22,-34.97,8.4,8.9,18.25,28.08,0.97,0,1,0,0,0,0
2026,7,1.43,31.35,1754.36,3543.3,8970.75,1819.99,1.35,20.93,-11.42,8.1,8.6,18.25,28.08,0.97,0,1,0,0,0,0
2026,8,1.43,31.35,1680.21,3725.27,8736.45,1873.62,1.36,12.01,-6.87,7.8,8.3,18.25,28.08,0.97,0,1,0,0,0,0
2007,1,0.42,33.2,495.41,1009.64,4268.18,1182.93,0.47,,,6.1,6.5,18.25,28.08,0.97,0,0,1,0,0,0
2007,2,0.42,33.2,431.15,1018.22,4134.57,1191.53,0.45,,,6.1,6.5,18.25,28.08,0.97,0,0,1,0,0,0
2007,3,0.42,33.2,471.73,1073.52,4185.92,1194.37,0.46,,,6.1,6.5,18.25,28.08,0.97,0,0,1,0,0,0
2007,4,0.42,33.2,478.93,1128.02,4237.34,1220.5,0.47,,,6.1,6.5,18.25,28.08,0.97,0,0,1,0,0,0
2007,5,0.42,33.2,477.36,1161.54,4229.2,1252.06,0.47,,,6.1,6.5,18.25,28.08,0.97,0,0,1,0,0,0
2007,6,0.42,33.2,467.09,1065.16,4156.8,1244.42,0.47,,,6.1,6.5,18.25,28.08,0.97,0,0,1,0,0,0
2007,7,0.42,33.2,466.2,1022.14,4211.45,1241.02,0.47,,,6.1,6.5,18.25,28.08,0.97,0,0,1,0,0,0
2007,8,0.42,33.2,469.34,1091.54,4291.52,1253.46,0.48,,,6.1,6.5,18.25,28.08,0.97,0,0,1,0,0,0
2007,9,0.42,33.2,477.92,1134.28,4332.03,1228.71,0.48,,,6.1,6.5,18.25,28.08,0.97,0,0,1,0,0,0
2007,10,0.42,33.2,477.57,1124.05,4280.35,1221.05,0.48,,,6.1,6.5,18.25,28.08,0.97,0,0,1,0,0,0
2007,11,0.42,33.2,490.91,1027.04,4427.83,1282.59,0.49,,,6.1,6.5,18.25,28.08,0.97,0,0,1,0,0,0
2007,12,0.42,33.2,490.81,1013.33,4197.56,1266.73,0.48,,,6.1,6.5,18.25,28.08,0.97,0,0,1,0,0,0
2008,1,0.42,33.2,555.96,1068.83,4262.06,1246.16,0.5,12.22,5.86,6.1,6.5,18.25,28.08,0.97,0,0,1,0,0,0
2008,2,0.42,33.2,472.6,1062.59,4223.33,1213.84,0.47,9.61,4.36,6.1,6.5,18.25,28.08,0.97,0,0,1,0,0,0
2008,3,0.42,33.2,527.18,1124.56,4175.17,1240.94,0.48,11.76,4.75,6.1,6.5,18.25,28.08,0.97,0,0,1,0,0,0
2008,4,0.42,33.2,533.04,1239.46,4402.58,1298.61,0.51,11.3,9.88,6.1,6.5,18.25,28.08,0.97,0,0,1,0,0,0
2008,5,0.42,33.2,533.47,1257.16,4390.16,1258.21,0.5,11.75,8.23,6.1,6.5,18.25,28.08,0.97,0,0,1,0,0,0
2008,6,0.42,33.2,521.69,1136.56,4355.14,1302.1,0.49,11.69,6.7,6.1,6.5,18.25,28.08,0.97,0,0,1,0,0,0
2008,7,0.42,33.2,526.72,1164.77,4352.3,1262.56,0.49,12.98,13.95,6.1,6.5,18.25,28.08,0.97,0,0,1,0,0,0
2008,8,0.42,33.2,540.71,1238.62,4487.87,1280.6,0.51,15.21,13.47,6.1,6.5,18.25,28.08,0.97,0,0,1,0,0,0
2008,9,0.42,33.2,570.84,1483.4,4557.79,1302.69,0.54,19.44,30.78,6.1,6.5,18.25,28.08,0.97,0,0,1,0,0,0
2008,10,0.42,33.2,549.18,1647.95,4600.42,1276.34,0.55,14.99,46.61,6.1,6.5,18.25,28.08,0.97,0,0,1,0,0,0
2008,11,0.42,33.2,622.03,1515.05,5039.85,1401.47,0.57,26.71,47.52,6.1,6.5,18.25,28.08,0.97,0,0,1,0,0,0
2008,12,0.42,33.2,615.43,1497.87,4918.61,1359.29,0.57,25.39,47.82,6.1,6.5,18.25,28.08,0.97,0,0,1,0,0,0
2009,1,0.42,33.2,625.2,1544.53,5004.1,1397.97,0.58,12.45,44.51,6.1,6.5,18.25,28.08,0.97,0,0,1,0,0,0
2009,2,0.42,33.2,499.48,1508.72,5007.51,1408.28,0.56,5.69,41.99,6.1,6.5,18.25,28.08,0.97,0,0,1,0,0,0
2009,3,0.42,33.2,624.34,1550.71,5126.66,1407.39,0.58,18.43,37.89,6.1,6.5,18.25,28.08,0.97,0,0,1,0,0,0
2009,4,0.42,33.2,501.9,1602.02,5461.58,1649.24,0.6,-5.84,29.25,6.1,6.5,18.25,28.08,0.97,0,0,1,0,0,0
2009,5,0.42,33.2,556.2,1770.27,5872.49,1779.76,0.65,4.26,40.81,6.1,6.5,18.25,28.08,0.97,0,0,1,0,0,0
2009,6,0.42,33.2,650.98,1725.6,5902.13,1762.15,0.66,24.78,51.83,6.1,6.5,18.25,28.08,0.97,0,0,1,0,0,0
2009,7,0.42,33.2,572.57,1547.21,5900.76,1734.53,0.64,8.71,32.83,6.1,6.5,18.25,28.08,0.97,0,0,1,0,0,0
2009,8,0.42,33.2,552.49,1791.18,5873.18,1735.48,0.65,2.18,44.61,6.1,6.5,18.25,28.08,0.97,0,0,1,0,0,0
2009,9,0.42,33.2,613.66,1958.95,5650.0,1673.9,0.66,7.5,32.06,6.1,6.5,18.25,28.08,0.97,0,0,1,0,0,0
2009,10,0.42,33.2,608.45,1791.64,5467.48,1598.26,0.64,10.79,8.72,6.1,6.5,18.25,28.08,0.97,0,0,1,0,0,0
2009,11,0.42,33.2,669.19,1590.65,5513.95,1680.55,0.64,7.58,4.99,6.1,6.5,18.25,28.08,0.97,0,0,1,0,0,0
2009,12,0.42,33.2,646.93,1417.84,5469.94,1596.58,0.62,5.12,-5.34,6.1,6.5,18.25,28.08,0.97,0,0,1,0,0,0
2010,1,0.42,33.2,634.67,1431.58,5632.81,1732.51,0.64,1.52,-7.31,6.5,6.6,18.25,28.08,0.97,0,0,1,0,0,0
2010,2,0.42,33.2,533.06,1436.41,5486.79,1548.03,0.6,6.72,-4.79,6.8,6.6,18.25,28.08,0.97,0,0,1,0,0,0
2010,3,0.42,33.2,692.09,1514.32,5486.1,1546.12,0.61,10.85,-2.35,7.1,6.7,18.25,28.08,0.97,0,0,1,0,0,0
2010,4,0.42,33.2,556.09,1640.3,5224.43,1568.51,0.6,10.8,2.39,7.4,6.8,18.25,28.08,0.97,0,0,1,0,0,0
2010,5,0.42,33.2,482.7,1710.1,5078.6,1435.44,0.58,-13.21,-3.4,7.8,6.9,18.25,28.08,0.97,0,0,1,0,0,0
2010,6,0.42,33.2,504.14,1586.1,5013.5,1390.49,0.56,-22.56,-8.08,8.1,6.9,18.25,28.08,0.97,0,0,1,0,0,0
2010,7,0.42,33.2,435.81,1426.13,4876.61,1348.46,0.53,-23.89,-7.83,8.4,7.0,18.25,28.08,0.97,0,0,1,0,0,0
2010,8,0.42,33.2,407.41,1644.24,4632.02,1272.57,0.51,-26.26,-8.2,8.8,7.1,18.25,28.08,0.97,0,0,1,0,0,0
2010,9,0.42,33.2,444.31,1727.61,4771.12,1222.98,0.53,-27.6,-11.81,9.1,7.1,18.25,28.08,0.97,0,0,1,0,0,0
2010,10,0.42,33.2,445.22,1659.67,4638.2,1209.58,0.52,-26.83,-7.37,9.4,7.2,18.25,28.08,0.97,0,0,1,0,0,0
2010,11,0.42,33.2,564.18,1559.81,4892.26,1234.37,0.56,-15.69,-1.94,9.7,7.3,18.25,28.08,0.97,0,0,1,0,0,0
2010,12,0.42,33.2,610.1,1565.58,4741.64,1210.83,0.56,-5.69,10.42,10.0,7.3,18.25,28.08,0.97,0,0,1,0,0,0
2011,1,0.42,33.2,585.69,1698.15,4945.88,1246.08,0.58,-7.72,18.62,10.0,7.3,18.25,28.08,0.97,0,0,1,0,0,0
2011,2,0.42,33.2,638.1,1867.7,4991.16,1214.79,0.61,19.71,30.03,10.0,7.3,18.25,28.08,0.97,0,0,1,0,0,0
2011,3,0.42,33.2,692.64,1993.93,5265.29,1360.96,0.65,0.08,31.67,10.0,7.3,18.25,28.08,0.97,0,0,1,0,0,0
2011,4,0.42,33.2,750.0,1923.75,5383.73,1573.59,0.68,34.87,17.28,10.0,7.4,18.25,28.08,0.97,0,0,1,0,0,0
2011,5,0.42,33.2,760.0,2029.85,5772.85,1759.17,0.71,57.45,18.7,10.0,7.5,18.25,28.08,0.97,0,0,1,0,0,0
2011,6,0.42,33.2,810.12,2000.44,5515.81,1648.81,0.68,60.69,26.12,10.0,7.6,18.25,28.08,0.97,0,0,1,0,0,0
2011,7,0.42,33.2,867.39,1800.0,5670.36,1616.86,0.68,99.03,26.22,10.0,7.8,18.25,28.08,0.97,0,0,1,0,0,0
2011,8,0.42,33.2,859.98,1759.0,5821.42,1469.02,0.7,111.08,6.98,10.0,8.1,18.25,28.08,0.97,0,0,1,0,0,0
2011,9,0.42,33.2,721.07,1778.1,5671.36,1631.6,0.66,62.29,2.92,10.0,8.2,18.25,28.08,0.97,0,0,1,0,0,0
2011,10,0.42,33.2,695.34,1890.0,5418.86,1544.35,0.64,56.18,13.88,10.0,8.4,18.25,28.08,0.97,0,0,1,0,0,0
2011,11,0.42,33.2,677.0,1674.0,5631.56,1774.61,0.66,20.0,7.32,10.0,8.6,18.25,28.08,0.97,0,0,1,0,0,0
2011,12,0.42,33.2,637.0,1615.0,5770.03,1854.49,0.67,4.41,3.16,10.0,8.7,18.25,28.08,0.97,0,0,1,0,0,0
2012,1,0.42,33.2,586.0,1442.0,5767.98,1839.53,0.65,0.05,-15.08,10.0,8.9,18.25,28.08,0.97,0,0,1,0,0,0
2012,2,0.42,33.2,584.0,1500.0,5550.79,1771.86,0.64,-8.48,-19.69,10.0,9.1,18.25,28.08,0.97,0,0,1,0,0,0
2012,3,0.42,33.2,734.92,1575.0,5486.76,1796.45,0.64,6.1,-21.01,10.0,9.3,18.25,28.08,0.97,0,0,1,0,0,0
2012,4,0.42,33.2,813.0,2075.0,6339.1,1814.46,0.72,8.4,7.86,10.0,9.4,18.25,28.08,0.97,0,0,1,0,0,0
2012,5,0.42,33.2,1121.0,2583.0,6803.83,1808.02,0.8,47.5,27.25,10.0,9.6,18.25,28.08,0.97,0,0,1,0,0,0
2012,6,0.42,33.2,1000.0,2400.0,7223.92,1816.4,0.8,23.44,19.97,10.0,9.8,18.25,28.08,0.97,0,0,1,0,0,0
2012,7,0.42,33.2,874.27,2167.0,7654.14,1811.46,0.81,0.79,20.39,10.0,9.8,18.25,28.08,0.97,0,0,1,0,0,0
2012,8,0.42,33.2,825.0,2000.21,8135.19,1699.57,0.86,-4.07,13.71,10.0,9.8,18.25,28.08,0.97,0,0,1,0,0,0
2012,9,0.42,33.2,775.0,1775.0,7602.29,1646.23,0.79,7.48,-0.17,10.0,9.9,18.25,28.08,0.97,0,0,1,0,0,0
2012,10,0.42,33.2,608.0,1733.0,7708.66,1625.23,0.75,-12.56,-8.31,10.0,9.9,18.25,28.08,0.97,0,0,1,0,0,0
2012,11,0.42,33.2,680.0,1744.0,6907.62,1797.8,0.71,0.44,4.18,10.0,9.9,18.25,28.08,0.97,0,0,1,0,0,0
2012,12,0.42,33.2,692.0,1784.0,6780.96,1875.8,0.73,8.63,10.46,10.0,10.0,18.25,28.08,0.97,0,0,1,0,0,0
2013,1,0.42,33.2,675.0,2000.0,6443.27,1843.45,0.71,15.19,38.7,10.0,10.0,18.25,28.08,0.97,0,0,1,0,0,0
2013,2,0.42,33.2,715.0,2166.0,6529.96,1873.35,0.75,22.43,44.4,10.0,10.0,18.25,28.08,0.97,0,0,1,0,0,0
2013,3,0.42,33.2,790.0,2220.0,6257.01,1817.97,0.78,7.5,40.95,10.0,10.0,18.25,28.08,0.97,0,0,1,0,0,0
2013,4,0.42,33.2,711.8,2291.8,6379.77,1824.77,0.76,-12.45,10.45,10.0,10.0,18.25,28.08,0.97,0,0,1,0,0,0
2013,5,0.42,33.2,608.3,2264.5,6526.2,1871.1,0.78,-45.74,-12.33,10.0,10.0,18.25,28.08,0.97,0,0,1,0,0,0
2013,6,0.42,33.2,639.95,2220.0,6193.33,1835.65,0.77,-36.0,-7.5,10.0,10.0,18.25,28.08,0.97,0,0,1,0,0,0
2013,7,0.42,33.2,603.0,1706.6,6082.58,1922.36,0.72,-31.03,-21.25,10.0,10.0,18.25,28.08,0.97,0,0,1,0,0,0
2013,8,0.42,33.2,606.25,1794.47,5836.6,1879.46,0.73,-26.52,-10.29,10.0,10.0,18.25,28.08,0.97,0,0,1,0,0,0
2013,9,0.42,33.2,625.0,1870.16,6207.49,1980.54,0.77,-19.35,5.36,10.0,10.0,18.25,28.08,0.97,0,0,1,0,0,0
2013,10,0.42,33.2,772.0,2053.53,6470.56,1972.75,0.79,26.97,18.5,10.0,10.0,18.25,28.08,0.97,0,0,1,0,0,0
2013,11,0.42,33.2,850.0,2150.0,6535.82,1901.88,0.76,25.0,23.28,10.0,10.0,18.25,28.08,0.97,0,0,1,0,0,0
2013,12,0.42,33.2,809.73,1867.0,6796.87,1843.94,0.78,17.01,4.65,10.0,10.0,18.25,28.08,0.97,0,0,1,0,0,0
2014,1,0.42,33.2,773.21,2000.0,6780.72,1806.22,0.77,14.55,0.0,10.0,10.0,18.25,28.08,0.97,0,0,1,0,0,0
2014,2,0.42,33.2,734.82,2150.0,6456.03,1799.15,0.74,2.77,-0.74,10.0,10.0,18.25,28.08,0.97,0,0,1,0,0,0
2014,3,0.42,33.2,700.0,2150.0,6588.76,1794.78,0.77,-11.39,-3.15,10.0,10.0,18.25,28.08,0.97,0,0,1,0,0,0
2014,4,0.42,33.2,930.0,2030.0,6837.25,1900.55,0.82,30.65,-11.42,10.0,10.0,18.25,28.08,0.97,0,0,1,0,0,0
2014,5,0.42,33.2,1150.0,2375.0,7003.99,2020.05,0.9,89.05,4.88,10.0,10.0,18.25,28.08,0.97,0,0,1,0,0,0
2014,6,0.42,33.2,1067.0,2433.0,7265.45,1968.33,0.88,66.73,9.59,10.0,10.0,18.25,28.08,0.97,0,0,1,0,0,0
2014,7,0.42,33.2,856.07,1984.13,6801.41,1909.35,0.79,41.97,16.26,10.0,10.0,18.25,28.08,0.97,0,0,1,0,0,0
2014,8,0.42,33.2,800.0,1650.0,6747.62,1891.72,0.78,31.96,-8.05,10.0,10.0,18.25,28.08,0.97,0,0,1,0,0,0
2014,9,0.42,33.2,600.0,1600.0,6309.98,1873.35,0.72,-4.0,-14.45,10.0,10.0,18.25,28.08,0.97,0,0,1,0,0,0
2014,10,0.42,33.2,638.0,1575.0,6554.63,2004.07,0.73,-17.36,-23.3,10.0,10.0,18.25,28.08,0.97,0,0,1,0,0,0
2014,11,0.42,33.2,600.0,1600.0,6308.71,1953.87,0.71,-29.41,-25.58,10.0,10.0,18.25,28.08,0.97,0,0,1,0,0,0
2014,12,0.42,33.2,630.27,1708.67,6573.51,1926.46,0.75,-22.16,-8.48,9.7,9.9,18.25,28.08,0.97,0,0,1,0,0,0
2015,1,0.42,33.2,746.6,1977.2,6470.04,1859.18,0.77,-3.44,-1.14,9.5,9.7,18.25,28.08,0.97,0,0,1,0,0,0
2015,2,0.42,33.2,780.71,2400.68,6440.28,1825.83,0.8,6.25,11.66,9.2,9.6,18.25,28.08,0.97,0,0,1,0,0,0
2015,3,0.42,33.2,754.57,2408.72,6677.7,1812.82,0.81,7.8,12.03,8.9,9.3,18.25,28.08,0.97,0,0,1,0,0,0
2015,4,0.42,33.2,951.87,2340.36,6530.62,1849.22,0.85,2.35,15.29,8.6,9.1,18.25,28.08,0.97,0,0,1,0,0,0
2015,5,0.42,33.2,974.6,2340.17,6729.24,1883.88,0.86,-15.25,-1.47,8.3,8.8,18.25,28.08,0.97,0,0,1,0,0,0
2015,6,0.42,33.2,1042.56,2604.92,6803.39,1919.69,0.9,-2.29,7.07,8.0,8.5,18.25,28.08,0.97,0,0,1,0,0,0
2015,7,0.42,33.2,821.24,2191.2,6625.14,1934.15,0.84,-4.07,10.44,7.7,8.2,18.25,28.08,0.97,0,0,1,0,0,0
2015,8,0.42,33.2,760.34,2327.39,6778.83,1966.93,0.85,-4.96,41.05,7.3,7.9,18.25,28.08,0.97,0,0,1,0,0,0
2015,9,0.42,33.2,868.98,2410.31,6795.83,1941.72,0.85,44.83,50.64,7.0,7.5,18.25,28.08,0.97,0,0,1,0,0,0
2015,10,0.42,33.2,969.33,2411.4,6993.12,1878.59,0.86,51.93,53.1,6.6,7.0,18.25,28.08,0.97,0,0,1,0,0,0
2015,11,0.42,33.2,1069.96,2436.18,6942.62,1993.66,0.88,78.33,52.26,6.1,6.5,18.25,28.08,0.97,0,0,1,0,0,0
2015,12,0.42,33.2,984.79,2207.48,6928.55,1996.92,0.88,56.25,29.19,6.1,6.5,18.25,28.08,0.97,0,0,1,0,0,0
2016,1,0.42,33.2,902.79,2465.27,7012.44,1983.93,0.89,20.92,24.68,6.1,6.5,18.25,28.08,0.97,0,0,1,0,0,0
2016,2,0.42,33.2,876.64,2507.87,6917.61,1927.4,0.89,12.29,4.46,6.1,6.5,18.25,28.08,0.97,0,0,1,0,0,0
2016,3,0.42,33.2,977.72,2649.84,7110.83,2070.41,0.93,29.57,10.01,6.1,6.5,18.25,28.08,0.97,0,0,1,0,0,0
2016,4,0.42,33.2,1086.22,2664.98,7288.83,2098.8,0.94,14.12,13.87,6.1,6.5,18.25,28.08,0.97,0,0,1,0,0,0
2016,5,0.42,33.2,1057.27,2708.19,7040.98,2112.28,0.92,8.48,15.73,6.1,6.5,18.25,28.08,0.97,0,0,1,0,0,0
2016,6,0.42,33.2,1140.35,2534.0,7251.12,2223.33,0.94,9.38,-2.72,6.1,6.5,18.25,28.08,0.97,0,0,1,0,0,0
2016,7,0.42,33.2,1039.95,2289.23,7021.31,2287.58,0.92,26.63,4.47,6.1,6.5,18.25,28.08,0.97,0,0,1,0,0,0
2016,8,0.42,33.2,980.67,2381.24,6772.7,2217.06,0.91,28.98,2.31,6.1,6.5,18.25,28.08,0.97,0,0,1,0,0,0
2016,9,0.42,33.2,1061.83,2574.96,6885.56,2166.8,0.93,22.19,6.83,6.1,6.5,18.25,28.08,0.97,0,0,1,0,0,0
2016,10,0.42,33.2,1163.8,2446.51,6931.38,2159.06,0.94,20.06,1.46,6.1,6.5,18.25,28.08,0.97,0,0,1,0,0,0
2016,11,0.42,33.2,1167.9,2449.43,6797.25,2108.23,0.94,9.15,0.54,6.1,6.5,18.25,28.08,0.97,0,0,1,0,0,0
2016,12,0.42,33.2,1214.82,2494.09,6811.99,2123.02,0.95,23.36,12.98,6.1,6.5,18.25,28.08,0.97,0,0,1,0,0,0
2017,1,0.42,33.2,1169.77,2781.54,6858.84,2240.08,0.98,29.57,12.83,6.1,6.5,18.25,28.08,0.97,0,0,1,0,0,0
2017,2,0.42,33.2,1176.01,2802.7,7069.48,2245.67,1.0,34.15,11.76,6.1,6.5,18.25,28.08,0.97,0,0,1,0,0,0
2017,3,0.42,33.2,1263.57,2978.57,6990.5,2288.79,1.04,29.24,12.41,6.1,6.5,18.25,28.08,0.97,0,0,1,0,0,0
2017,4,0.42,33.2,1747.17,3490.53,6950.38,2403.22,1.14,60.85,30.98,6.1,6.5,18.25,28.08,0.97,0,0,1,0,0,0
2017,5,0.42,33.2,1541.6,3226.26,6957.44,2667.88,1.11,45.81,19.13,6.1,6.5,18.25,28.08,0.97,0,0,1,0,0,0
2017,6,0.42,33.2,1306.16,2705.01,7592.55,2496.43,1.08,14.54,6.75,6.1,6.5,18.25,28.08,0.97,0,0,1,0,0,0
2017,7,0.42,33.2,1159.19,2529.55,7266.35,2718.05,1.07,11.47,10.5,6.1,6.5,18.25,28.08,0.97,0,0,1,0,0,0
2017,8,0.42,33.2,1011.53,2560.89,7332.32,2570.04,1.02,3.15,7.54,6.1,6.5,18.25,28.08,0.97,0,0,1,0,0,0
2017,9,0.42,33.2,1063.41,2632.75,7428.02,2566.25,1.03,0.15,2.24,6.1,6.5,18.25,28.08,0.97,0,0,1,0,0,0
2017,10,0.42,33.2,1173.07,2584.41,7324.58,2767.18,1.05,0.8,5.64,6.1,6.5,18.25,28.08,0.97,0,0,1,0,0,0
2017,11,0.42,33.2,1158.67,2510.25,7473.07,2475.22,1.02,-0.79,2.48,6.1,6.5,18.25,28.08,0.97,0,0,1,0,0,0
2017,12,0.42,33.2,1151.84,2456.57,7210.25,2626.29,1.02,-5.18,-1.5,6.1,6.5,18.25,28.08,0.97,0,0,1,0,0,0
2018,1,0.42,33.2,1104.99,2683.95,7014.52,2722.51,1.02,-5.54,-3.51,6.1,6.5,18.25,28.08,0.97,0,0,1,0,0,0
2018,2,0.42,33.2,1078.88,2513.36,7117.84,2575.3,1.0,-8.26,-10.32,6.1,6.5,18.25,28.08,0.97,0,0,1,0,0,0
2018,3,0.42,33.2,1050.34,2614.16,7063.31,2616.25,1.0,-16.88,-12.23,6.1,6.5,18.25,28.08,0.97,0,0,1,0,0,0
2018,4,0.42,33.2,1000.21,2626.66,7059.07,2274.92,0.98,-42.75,-24.75,6.1,6.5,18.25,28.08,0.97,0,0,1,0,0,0
2018,5,0.42,33.2,890.23,2589.37,7114.88,2492.88,0.98,-42.25,-19.74,6.1,6.5,18.25,28.08,0.97,0,0,1,0,0,0
2018,6,0.42,33.2,898.27,2419.64,7173.3,2213.74,0.95,-31.23,-10.55,6.1,6.5,18.25,28.08,0.97,0,0,1,0,0,0
2018,7,0.42,33.2,730.65,2122.9,7296.96,2447.52,0.93,-36.97,-16.08,6.1,6.5,18.25,28.08,0.97,0,0,1,0,0,0
2018,8,0.42,33.2,666.26,2160.74,7056.51,2246.67,0.89,-34.13,-15.63,6.1,6.5,18.25,28.08,0.97,0,0,1,0,0,0
2018,9,0.42,33.2,742.44,2234.59,6927.29,2302.97,0.89,-30.18,-15.12,6.1,6.5,18.25,28.08,0.97,0,0,1,0,0,0
2018,10,0.42,33.2,785.6,2081.12,6660.31,2390.66,0.86,-33.03,-19.47,6.1,6.5,18.25,28.08,0.97,0,0,1,0,0,0
2018,11,0.42,33.2,800.32,2324.34,5808.99,2065.86,0.83,-30.93,-7.41,6.1,6.5,18.25,28.08,0.97,0,0,1,0,0,0
2018,12,0.42,33.2,827.42,2213.24,5900.54,1985.71,0.82,-28.17,-9.91,6.1,6.5,18.25,28.08,0.97,0,0,1,0,0,0
2019,1,0.42,33.2,881.49,2555.08,5800.2,1868.25,0.83,-20.23,-4.8,6.1,6.5,18.25,28.08,0.97,0,0,1,0,0,0
2019,2,0.42,33.2,1025.45,2743.47,5665.5,1889.27,0.85,-4.95,9.16,6.1,6.5,18.25,28.08,0.97,0,0,1,0,0,0
2019,3,0.42,33.2,1011.09,2812.35,5600.65,2009.43,0.84,-3.74,7.58,6.1,6.5,18.25,28.08,0.97,0,0,1,0,0,0
2019,4,0.42,33.2,1062.25,2919.65,5894.32,1919.04,0.9,6.2,11.15,6.1,6.5,18.25,28.08,0.97,0,0,1,0,0,0
2019,5,0.42,33.2,1360.43,3527.27,6012.4,2127.23,0.98,52.82,36.22,6.1,6.5,18.25,28.08,0.97,0,0,1,0,0,0
2019,6,0.42,33.2,1399.36,3092.3,6114.77,2169.64,0.96,55.78,27.8,6.1,6.5,18.25,28.08,0.97,0,0,1,0,0,0
2019,7,0.42,33.2,1271.22,3100.58,5656.97,2140.68,0.93,73.98,46.05,6.1,6.5,18.25,28.08,0.97,0,0,1,0,0,0
2019,8,0.42,33.2,1273.91,3212.82,5786.9,2125.95,0.94,91.2,48.69,6.1,6.5,18.25,28.08,0.97,0,0,1,0,0,0
2019,9,0.42,33.2,1259.39,3301.04,5459.63,2016.4,0.92,69.63,47.73,6.1,6.5,18.25,28.08,0.97,0,0,1,0,0,0
2019,10,0.42,33.2,1272.56,3320.55,5396.94,2115.11,0.93,61.99,59.56,6.1,6.5,18.25,28.08,0.97,0,0,1,0,0,0
2019,11,0.42,33.2,1320.27,3304.42,5861.95,2107.16,0.93,64.97,42.17,6.1,6.5,18.25,28.08,0.97,0,0,1,0,0,0
2019,12,0.42,33.2,1362.18,3321.39,5502.47,2038.03,0.92,64.63,50.07,6.1,6.5,18.25,28.08,0.97,0,0,1,0,0,0
2020,1,0.42,33.2,1279.74,3308.08,5462.98,2082.65,0.93,45.18,29.47,6.1,6.5,18.25,28.08,0.97,0,0,1,0,0,0
2020,2,0.42,33.2,1050.35,3400.92,5277.38,2105.22,0.91,2.43,23.96,6.1,6.5,18.25,28.08,0.97,0,0,1,0,0,0
2020,3,0.42,33.2,1160.52,3498.48,5332.64,2046.52,0.92,14.78,24.4,6.1,6.5,18.25,28.08,0.97,0,0,1,0,0,0
2020,4,0.42,33.2,1249.4,4133.51,6113.17,2057.5,0.99,17.62,41.58,6.1,6.5,18.25,28.08,0.97,0,0,1,0,0,0
2020,5,0.42,33.2,1217.62,4176.99,6328.45,1967.54,1.0,-10.5,18.42,6.1,6.5,18.25,28.08,0.97,0,0,1,0,0,0
2020,6,0.42,33.2,1171.34,3431.15,6170.87,1742.0,0.96,-16.29,10.96,6.1,6.5,18.25,28.08,0.97,0,0,1,0,0,0
2020,7,0.42,33.2,958.9,3372.13,6434.53,1726.18,0.96,-24.57,8.76,6.1,6.5,18.25,28.08,0.97,0,0,1,0,0,0
2020,8,0.42,33.2,947.67,3453.45,6220.54,1763.44,0.96,-25.61,7.49,6.1,6.5,18.25,28.08,0.97,0,0,1,0,0,0
2020,9,0.42,33.2,813.0,3624.0,5956.29,1725.49,0.96,-35.44,9.78,6.5,6.9,18.25,28.08,0.97,0,0,1,0,0,0
2020,10,0.42,33.2,773.0,3459.0,5958.21,1836.55,0.96,-39.26,4.17,6.9,7.3,18.25,28.08,0.97,0,0,1,0,0,0
2020,11,0.42,33.2,791.0,3039.0,5848.23,1829.11,0.92,-40.09,-8.03,7.2,7.7,18.25,28.08,0.97,0,0,1,0,0,0
2020,12,0.42,33.2,828.0,2703.0,6026.57,1803.83,0.89,-39.22,-18.62,7.6,8.1,18.25,28.08,0.97,0,0,1,0,0,0
2021,1,0.42,33.2,815.0,3073.0,6114.74,1823.28,0.92,-36.31,-7.11,7.9,8.4,18.25,28.08,0.97,0,0,1,0,0,0
2021,2,0.42,33.2,873.43,2981.77,6275.44,1868.84,0.9,-16.84,-12.32,7.9,8.4,18.25,28.08,0.97,0,0,1,0,0,0
2021,3,0.42,33.2,905.91,2989.83,6262.37,1870.08,0.87,-21.94,-14.54,7.9,8.4,18.25,28.08,0.97,0,0,1,0,0,0
2021,4,0.42,33.2,793.4,3143.89,6877.79,1843.99,0.9,-36.5,-23.94,7.9,8.4,18.25,28.08,0.97,0,0,1,0,0,0
2021,5,0.42,33.2,911.43,3086.32,6958.06,1910.68,0.91,-25.15,-26.11,7.9,8.4,18.25,28.08,0.97,0,0,1,0,0,0
2021,6,0.42,33.2,939.47,2610.24,7307.47,1881.71,0.9,-19.8,-23.93,7.9,8.4,18.25,28.08,0.97,0,0,1,0,0,0
2021,7,0.42,33.2,949.03,2516.75,7061.57,1848.32,0.92,-1.03,-25.37,7.9,8.4,18.25,28.08,0.97,0,0,1,0,0,0
2021,8,0.42,33.2,818.95,2410.34,7403.13,1813.32,0.92,-13.58,-30.2,7.9,8.4,18.25,28.08,0.97,0,0,1,0,0,0
2021,9,0.42,33.2,1106.63,2447.29,7486.1,1753.3,0.95,36.12,-32.47,7.6,8.1,18.25,28.08,0.97,0,0,1,0,0,0
2021,10,0.42,33.2,1121.74,2306.92,7533.7,1845.43,0.96,45.12,-33.31,7.2,7.7,18.25,28.08,0.97,0,0,1,0,0,0
2021,11,0.42,33.2,1248.59,2288.61,7708.64,1798.98,0.97,57.85,-24.69,6.9,7.3,18.25,28.08,0.97,0,0,1,0,0,0
2021,12,0.42,33.2,1209.45,2138.28,7645.62,1658.56,0.95,46.07,-20.89,6.5,6.9,18.25,28.08,0.97,0,0,1,0,0,0
2022,1,0.42,33.2,1408.0,2167.0,7777.57,1512.52,0.95,72.76,-29.48,6.5,7.0,18.25,28.08,0.97,0,0,1,0,0,0
2022,2,0.42,33.2,1500.0,2500.0,8437.5,1645.02,1.04,71.74,-16.16,6.9,7.4,18.25,28.08,0.97,0,0,1,0,0,0
2022,3,0.42,33.2,1375.0,2750.0,9375.0,1593.83,1.06,51.78,-8.02,7.3,7.9,18.25,28.08,0.97,0,0,1,0,0,0
2022,4,0.42,33.2,1741.82,3133.0,10333.0,1609.34,1.22,119.54,-0.35,7.7,8.3,18.25,28.08,0.97,0,0,1,0,0,0
2022,5,0.42,33.2,2000.0,3683.0,10000.0,1575.86,1.26,119.44,19.33,8.0,8.6,18.25,28.08,0.97,0,0,1,0,0,0
2022,6,0.42,33.2,2120.0,3780.0,10000.0,1449.02,1.31,125.66,44.81,8.4,8.9,18.25,28.08,0.97,0,0,1,0,0,0
2022,7,0.42,33.2,2450.0,4000.0,10000.0,1554.98,1.38,158.16,58.94,8.6,9.1,18.25,28.08,0.97,0,0,1,0,0,0
2022,8,0.42,33.2,2450.0,4550.0,9342.06,1570.92,1.37,199.16,88.77,8.9,9.4,18.25,28.08,0.97,0,0,1,0,0,0
2022,9,0.42,33.2,2560.0,4900.0,8600.0,1504.63,1.38,131.33,100.22,9.2,9.6,18.25,28.08,0.97,0,0,1,0,0,0
2022,10,0.42,33.2,2450.0,4325.0,9125.0,1566.01,1.39,118.41,87.48,9.5,9.8,18.25,28.08,0.97,0,0,1,0,0,0
2022,11,0.42,33.2,2500.0,3620.0,8700.0,1607.43,1.34,100.23,58.17,9.7,9.9,18.25,28.08,0.97,0,0,1,0,0,0
2022,12,0.42,33.2,2500.0,3600.0,8000.0,1475.19,1.32,106.71,68.36,10.0,10.0,18.25,28.08,0.97,0,0,1,0,0,0
2023,1,0.42,33.2,2050.0,4375.0,7500.0,1474.25,1.29,45.6,101.89,10.0,10.0,18.25,28.08,0.97,0,0,1,0,0,0
2023,2,0.42,33.2,2000.0,4500.0,8000.0,1442.85,1.32,33.33,80.0,10.0,10.0,18.25,28.08,0.97,0,0,1,0,0,0
2023,3,0.42,33.2,2240.0,4940.0,7800.0,1360.36,1.36,62.91,79.64,10.0,10.0,18.25,28.08,0.97,0,0,1,0,0,0
2023,4,0.42,33.2,2000.0,5125.0,7375.0,1424.6,1.33,14.82,63.58,10.0,10.0,18.25,28.08,0.97,0,0,1,0,0,0
2023,5,0.42,33.2,2300.0,5375.0,7000.0,1331.56,1.36,15.0,45.94,10.0,10.0,18.25,28.08,0.97,0,0,1,0,0,0
2023,6,0.42,33.2,2126.06,4860.0,7100.0,1335.84,1.34,0.29,28.57,10.0,10.0,18.25,28.08,0.97,0,0,1,0,0,0
2023,7,0.42,33.2,2058.25,5000.0,7250.0,1282.06,1.28,-15.99,25.0,10.0,10.0,18.25,28.08,0.97,0,0,1,0,0,0
2023,8,0.42,33.2,2000.0,4875.0,7250.0,1262.53,1.26,-18.37,7.14,10.0,10.0,18.25,28.08,0.97,0,0,1,0,0,0
2023,9,0.42,33.2,2000.0,5000.0,7500.0,1286.04,1.29,-21.88,2.04,10.0,10.0,18.25,28.08,0.97,0,0,1,0,0,0
2023,10,0.42,33.2,2000.0,5167.0,7500.0,1240.65,1.3,-18.37,19.47,10.0,10.0,18.25,28.08,0.97,0,0,1,0,0,0
2023,11,0.42,33.2,1920.0,4600.0,7100.0,1209.05,1.23,-23.2,27.07,10.0,10.0,18.25,28.08,0.97,0,0,1,0,0,0
2023,12,0.42,33.2,1775.0,4125.0,7000.0,1183.79,1.12,-29.0,14.58,10.0,10.0,18.25,28.08,0.97,0,0,1,0,0,0
2024,1,0.42,33.2,2050.0,3875.0,7000.0,1198.53,1.11,0.0,-11.43,10.0,10.0,18.25,28.08,0.97,0,0,1,0,0,0
2024,2,0.42,33.2,1600.0,4200.0,7200.0,1159.04,1.11,-20.0,-6.67,10.0,10.0,18.25,28.08,0.97,0,0,1,0,0,0
2024,3,0.42,33.2,1625.0,4500.0,7125.0,1166.74,1.15,-27.46,-8.91,10.0,10.0,18.25,28.08,0.97,0,0,1,0,0,0
2024,4,0.42,33.2,1625.0,4750.0,7375.0,1277.37,1.17,-18.75,-7.32,10.0,10.0,18.25,28.08,0.97,0,0,1,0,0,0
2024,5,0.42,33.2,1800.0,5000.0,7500.0,1218.18,1.16,-21.74,-6.98,10.0,10.0,18.25,28.08,0.97,0,0,1,0,0,0
2024,6,0.42,33.2,1706.38,4625.0,7500.0,1224.28,1.14,-19.74,-4.84,10.0,10.0,18.25,28.08,0.97,0,0,1,0,0,0
2024,7,0.42,33.2,1775.0,4500.0,7500.0,1297.11,1.16,-13.76,-10.0,10.0,10.0,18.25,28.08,0.97,0,0,1,0,0,0
2024,8,0.42,33.2,1700.0,4500.0,7500.0,1267.93,1.15,-15.0,-7.69,10.0,10.0,18.25,28.08,0.97,0,0,1,0,0,0
2024,9,0.42,33.2,1500.0,5000.0,7500.0,1420.27,1.18,-25.0,0.0,10.0,10.0,18.25,28.08,0.97,0,0,1,0,0,0
2024,10,0.42,33.2,1525.0,4750.0,7750.0,1305.26,1.16,-23.75,-8.07,10.0,10.0,18.25,28.08,0.97,0,0,1,0,0,0
2024,11,0.42,33.2,1500.0,4500.0,8000.0,1338.64,1.14,-21.88,-2.17,10.0,10.0,18.25,28.08,0.97,0,0,1,0,0,0
2024,12,0.42,33.2,1750.0,4375.0,7750.0,1482.86,1.16,-1.41,6.06,10.0,10.0,18.25,28.08,0.97,0,0,1,0,0,0
2025,1,0.42,33.2,2000.0,4833.0,7500.0,1642.45,1.19,-2.44,24.72,10.0,10.0,18.25,28.08,0.97,0,0,1,0,0,0
2025,2,0.42,33.2,2000.0,5000.0,7500.0,1573.75,1.24,25.0,19.05,10.0,10.0,18.25,28.08,0.97,0,0,1,0,0,0
2025,3,0.42,33.2,2029.0,5072.0,7608.0,1567.92,1.26,24.86,12.71,10.0,10.0,18.25,28.08,0.97,0,0,1,0,0,0
2025,4,0.42,33.2,2092.0,5229.0,7844.0,1558.3,1.29,28.74,10.08,10.0,10.0,18.25,28.08,0.97,0,0,1,0,0,0
2025,5,0.42,33.2,2000.0,4100.0,7600.0,1534.84,1.23,11.11,-18.0,10.0,10.0,18.25,28.08,0.97,0,0,1,0,0,0
2025,6,0.42,33.2,2000.0,4563.0,7500.0,1665.91,1.32,17.21,-1.34,10.0,10.0,18.25,28.08,0.97,0,0,1,0,0,0
2025,7,0.42,33.2,2000.0,4200.0,7200.0,1598.84,1.24,12.68,-6.67,10.0,10.0,18.25,28.08,0.97,0,0,1,0,0,0
2025,8,0.42,33.2,1788.0,4000.0,7500.0,1662.33,1.21,5.18,-11.11,10.0,10.0,18.25,28.08,0.97,0,0,1,0,0,0
2025,9,0.42,33.2,1900.0,4000.0,7500.0,1696.01,1.2,26.67,-20.0,10.0,10.0,18.25,28.08,0.97,0,0,1,0,0,0
2025,10,0.42,33.2,1940.0,4000.0,7500.0,1779.58,1.17,27.21,-15.79,10.0,10.0,18.25,28.08,0.97,0,0,1,0,0,0
2025,11,0.42,33.2,1838.0,3875.0,7500.0,1753.56,1.16,22.53,-13.89,10.0,10.0,18.25,28.08,0.97,0,0,1,0,0,0
2025,12,0.42,33.2,1863.0,4000.0,8102.23,1722.76,1.17,6.46,-8.57,10.0,10.0,18.25,28.08,0.97,0,0,1,0,0,0
2026,1,0.42,33.2,2006.4,4343.0,8565.68,1675.46,1.27,0.32,-10.14,10.0,10.0,18.25,28.08,0.97,0,0,1,0,0,0
2026,2,0.42,33.2,1961.08,4258.0,9456.15,1658.48,1.29,-1.95,-14.84,10.0,10.0,18.25,28.08,0.97,0,0,1,0,0,0
2026,3,0.42,33.2,1918.68,4160.0,10217.0,1646.94,1.32,-5.44,-17.98,10.0,10.0,18.25,28.08,0.97,0,0,1,0,0,0
2026,4,0.42,33.2,2041.02,4211.0,9352.64,1741.45,1.31,-2.44,-19.47,10.0,10.0,18.25,28.08,0.97,0,0,1,0,0,0
2026,5,0.42,33.2,1992.23,4266.66,8880.98,1865.72,1.29,-0.39,4.06,9.7,9.9,18.25,28.08,0.97,0,0,1,0,0,0
2026,6,0.42,33.2,2016.24,4307.72,8273.58,1842.84,1.28,0.81,-5.59,9.5,9.8,18.25,28.08,0.97,0,0,1,0,0,0
2026,7,0.42,33.2,2195.7,4158.91,7920.92,1727.24,1.25,9.78,-0.98,9.2,9.6,18.25,28.08,0.97,0,0,1,0,0,0
2026,8,0.42,33.2,2128.18,4108.33,7812.57,1754.79,1.25,19.03,2.71,8.9,9.3,18.25,28.08,0.97,0,0,1,0,0,0
2007,1,2.23,32.91,490.0,916.5,3791.06,1260.45,0.42,,,6.1,6.5,18.25,28.08,0.97,0,0,0,1,0,0
2007,2,2.23,32.91,478.87,940.35,3957.58,1234.19,0.43,,,6.1,6.5,18.25,28.08,0.97,0,0,0,1,0,0
2007,3,2.23,32.91,508.56,979.71,3883.93,1236.21,0.43,,,6.1,6.5,18.25,28.08,0.97,0,0,0,1,0,0
2007,4,2.23,32.91,508.41,1022.81,3709.71,1253.64,0.43,,,6.1,6.5,18.25,28.08,0.97,0,0,0,1,0,0
2007,5,2.23,32.91,520.44,1057.95,3682.33,1239.09,0.43,,,6.1,6.5,18.25,28.08,0.97,0,0,0,1,0,0
2007,6,2.23,32.91,481.17,953.8,3652.53,1293.06,0.42,,,6.1,6.5,18.25,28.08,0.97,0,0,0,1,0,0
2007,7,2.23,32.91,499.11,934.43,3559.6,1282.61,0.42,,,6.1,6.5,18.25,28.08,0.97,0,0,0,1,0,0
2007,8,2.23,32.91,477.55,969.6,3781.86,1279.38,0.42,,,6.1,6.5,18.25,28.08,0.97,0,0,0,1,0,0
2007,9,2.23,32.91,482.58,1010.85,3755.6,1282.65,0.43,,,6.1,6.5,18.25,28.08,0.97,0,0,0,1,0,0
2007,10,2.23,32.91,461.83,984.57,3889.9,1263.36,0.43,,,6.1,6.5,18.25,28.08,0.97,0,0,0,1,0,0
2007,11,2.23,32.91,492.31,916.72,3754.0,1279.29,0.43,,,6.1,6.5,18.25,28.08,0.97,0,0,0,1,0,0
2007,12,2.23,32.91,487.62,902.66,3762.56,1293.43,0.42,,,6.1,6.5,18.25,28.08,0.97,0,0,0,1,0,0
2008,1,2.23,32.91,539.67,956.57,3716.54,1298.14,0.44,10.14,4.37,6.1,6.5,18.25,28.08,0.97,0,0,0,1,0,0
2008,2,2.23,32.91,529.46,989.33,3618.01,1277.63,0.44,10.56,5.21,6.1,6.5,18.25,28.08,0.97,0,0,0,1,0,0
2008,3,2.23,32.91,577.01,1020.45,3655.42,1275.93,0.44,13.46,4.16,6.1,6.5,18.25,28.08,0.97,0,0,0,1,0,0
2008,4,2.23,32.91,588.01,1101.25,3737.1,1294.18,0.46,15.66,7.67,6.1,6.5,18.25,28.08,0.97,0,0,0,1,0,0
2008,5,2.23,32.91,610.21,1131.46,3707.79,1283.76,0.46,17.25,6.95,6.1,6.5,18.25,28.08,0.97,0,0,0,1,0,0
2008,6,2.23,32.91,551.45,961.62,3655.57,1352.42,0.44,14.6,0.82,6.2,6.9,18.25,28.08,0.97,0,0,0,1,0,0
2008,7,2.23,32.91,594.72,1112.32,3701.56,1321.55,0.46,19.16,19.04,6.2,7.2,18.25,28.08,0.97,0,0,0,1,0,0
2008,8,2.23,32.91,563.53,1057.79,3782.51,1314.18,0.45,18.01,9.1,6.2,7.6,18.25,28.08,0.97,0,0,0,1,0,0
2008,9,2.23,32.91,589.8,1316.27,3794.27,1306.04,0.48,22.22,30.21,6.2,7.6,18.25,28.08,0.97,0,0,0,1,0,0
2008,10,2.23,32.91,529.16,1437.21,3775.58,1247.79,0.47,14.58,45.97,6.2,7.6,18.25,28.08,0.97,0,0,0,1,0,0
2008,11,2.23,32.91,634.11,1340.13,4081.34,1415.85,0.5,28.8,46.19,6.2,7.6,18.25,28.08,0.97,0,0,0,1,0,0
2008,12,2.23,32.91,662.19,1332.63,4177.46,1359.43,0.5,35.8,47.63,6.2,7.6,18.25,28.08,0.97,0,0,0,1,0,0
2009,1,2.23,32.91,672.59,1430.76,4230.99,1336.82,0.52,24.63,49.57,6.3,7.9,18.25,28.08,0.97,0,0,0,1,0,0
2009,2,2.23,32.91,667.34,1494.69,4126.55,1338.93,0.52,26.04,51.08,6.3,7.9,18.25,28.08,0.97,0,0,0,1,0,0
2009,3,2.23,32.91,774.88,1421.46,4407.0,1456.2,0.54,34.29,39.3,6.3,7.9,18.25,28.08,0.97,0,0,0,1,0,0
2009,4,2.23,32.91,699.93,1440.11,4587.97,1648.11,0.56,19.03,30.77,6.3,7.9,18.25,28.08,0.97,0,0,0,1,0,0
2009,5,2.23,32.91,814.81,1712.45,5106.14,1746.92,0.62,33.53,51.35,6.3,7.9,18.25,28.08,0.97,0,0,0,1,0,0
2009,6,2.23,32.91,865.3,1711.4,5156.72,1738.94,0.63,56.91,77.97,6.2,7.6,18.25,28.08,0.97,0,0,0,1,0,0
2009,7,2.23,32.91,794.68,1453.37,4953.76,1712.1,0.59,33.62,30.66,6.2,7.2,18.25,28.08,0.97,0,0,0,1,0,0
2009,8,2.23,32.91,711.33,1672.09,4851.16,1682.16,0.59,26.23,58.07,6.2,6.9,18.25,28.08,0.97,0,0,0,1,0,0
2009,9,2.23,32.91,706.55,1768.46,4863.58,1633.74,0.6,19.8,34.35,6.2,6.9,18.25,28.08,0.97,0,0,0,1,0,0
2009,10,2.23,32.91,645.96,1587.95,4587.17,1598.48,0.56,22.07,10.49,6.2,6.9,18.25,28.08,0.97,0,0,0,1,0,0
2009,11,2.23,32.91,688.3,1414.93,4609.21,1613.49,0.56,8.55,5.58,6.2,6.9,18.25,28.08,0.97,0,0,0,1,0,0
2009,12,2.23,32.91,659.52,1222.84,4552.03,1625.05,0.55,-0.4,-8.24,6.2,7.2,18.25,28.08,0.97,0,0,0,1,0,0
2010,1,2.23,32.91,746.95,1323.08,4843.8,1704.26,0.6,11.06,-7.53,6.5,7.3,18.25,28.08,0.97,0,0,0,1,0,0
2010,2,2.23,32.91,693.12,1400.0,4614.05,1456.17,0.58,3.86,-6.34,6.9,7.7,18.25,28.08,0.97,0,0,0,1,0,0
2010,3,2.23,32.91,840.11,1364.41,4836.46,1721.87,0.61,8.42,-4.01,7.2,8.1,18.25,28.08,0.97,0,0,0,1,0,0
2010,4,2.23,32.91,776.0,1366.67,4572.51,1549.6,0.58,10.87,-5.1,7.6,8.4,18.25,28.08,0.97,0,0,0,1,0,0
2010,5,2.23,32.91,852.71,1543.75,4409.39,1456.82,0.58,4.65,-9.85,7.9,8.7,18.25,28.08,0.97,0,0,0,1,0,0
2010,6,2.23,32.91,825.31,1523.08,4387.45,1384.6,0.57,-4.62,-11.0,8.2,9.0,18.25,28.08,0.97,0,0,0,1,0,0
2010,7,2.23,32.91,625.81,1280.85,4179.31,1317.21,0.5,-21.25,-11.87,8.5,9.3,18.25,28.08,0.97,0,0,0,1,0,0
2010,8,2.23,32.91,470.26,1541.67,4109.54,1242.8,0.48,-33.89,-7.8,8.8,9.5,18.25,28.08,0.97,0,0,0,1,0,0
2010,9,2.23,32.91,449.76,1550.0,4065.27,1345.39,0.48,-36.34,-12.35,9.1,9.7,18.25,28.08,0.97,0,0,0,1,0,0
2010,10,2.23,32.91,435.67,1418.18,4054.47,1223.88,0.47,-32.55,-10.69,9.4,9.9,18.25,28.08,0.97,0,0,0,1,0,0
2010,11,2.23,32.91,458.97,1300.9,4206.89,993.43,0.45,-33.32,-8.06,9.7,10.0,18.25,28.08,0.97,0,0,0,1,0,0
2010,12,2.23,32.91,461.63,1318.18,4272.49,1044.79,0.45,-30.01,7.8,10.0,10.0,18.25,28.08,0.97,0,0,0,1,0,0
2011,1,2.23,32.91,498.13,1550.0,4171.11,995.35,0.47,-33.31,17.15,10.0,10.0,18.25,28.08,0.97,0,0,0,1,0,0
2011,2,2.23,32.91,614.01,1700.0,4383.62,988.23,0.51,-11.41,21.43,10.0,10.0,18.25,28.08,0.97,0,0,0,1,0,0
2011,3,2.23,32.91,830.11,1700.0,4595.21,1091.38,0.56,-1.19,24.6,10.0,10.0,18.25,28.08,0.97,0,0,0,1,0,0
2011,4,2.23,32.91,733.33,1733.33,4538.46,1259.89,0.57,-5.5,26.83,10.0,10.0,18.25,28.08,0.97,0,0,0,1,0,0
2011,5,2.23,32.91,950.0,1833.33,4817.15,1302.46,0.64,11.41,18.76,10.0,10.0,18.25,28.08,0.97,0,0,0,1,0,0
2011,6,2.23,32.91,1000.0,2000.0,4668.05,1454.96,0.65,21.17,31.31,10.0,10.0,18.25,28.08,0.97,0,0,0,1,0,0
2011,7,2.23,32.91,904.52,1500.0,4887.9,1583.87,0.65,44.54,17.11,10.0,10.0,18.25,28.08,0.97,0,0,0,1,0,0
2011,8,2.23,32.91,1050.0,1850.0,4982.79,1262.57,0.67,123.28,20.0,10.0,10.0,18.25,28.08,0.97,0,0,0,1,0,0
2011,9,2.23,32.91,700.0,1600.0,4695.55,1156.98,0.61,55.64,3.23,10.0,10.0,18.25,28.08,0.97,0,0,0,1,0,0
2011,10,2.23,32.91,685.0,1350.0,4609.92,1733.08,0.62,57.23,-4.81,10.0,10.0,18.25,28.08,0.97,0,0,0,1,0,0
2011,11,2.23,32.91,747.0,1302.25,4833.51,2062.75,0.65,62.75,0.1,10.0,10.0,18.25,28.08,0.97,0,0,0,1,0,0
2011,12,2.23,32.91,733.0,1367.0,4857.12,2063.88,0.66,58.79,3.7,10.0,10.0,18.25,28.08,0.97,0,0,0,1,0,0
2012,1,2.23,32.91,600.0,1417.0,4825.16,1734.55,0.62,20.45,-8.58,10.0,10.0,18.25,28.08,0.97,0,0,0,1,0,0
2012,2,2.23,32.91,625.0,1500.0,4808.44,1692.45,0.6,1.79,-11.76,10.0,10.0,18.25,28.08,0.97,0,0,0,1,0,0
2012,3,2.23,32.91,758.36,1500.0,5023.18,1613.79,0.62,-8.64,-11.76,10.0,10.0,18.25,28.08,0.97,0,0,0,1,0,0
2012,4,2.23,32.91,833.0,1613.0,5588.01,1728.91,0.67,13.59,-6.94,10.0,10.0,18.25,28.08,0.97,0,0,0,1,0,0
2012,5,2.23,32.91,1067.0,2050.0,5971.51,1600.44,0.76,12.32,11.82,10.0,10.0,18.25,28.08,0.97,0,0,0,1,0,0
2012,6,2.23,32.91,950.0,2250.0,6289.95,1567.39,0.77,-5.0,12.5,10.0,10.0,18.25,28.08,0.97,0,0,0,1,0,0
2012,7,2.23,32.91,866.14,1475.0,6600.0,1801.94,0.77,-4.24,-1.67,10.0,10.0,18.25,28.08,0.97,0,0,0,1,0,0
2012,8,2.23,32.91,825.0,1425.0,6492.85,1681.85,0.74,-21.43,-22.97,10.0,10.0,18.25,28.08,0.97,0,0,0,1,0,0
2012,9,2.23,32.91,712.26,1400.0,5451.18,1792.2,0.65,1.75,-12.5,10.0,10.0,18.25,28.08,0.97,0,0,0,1,0,0
2012,10,2.23,32.91,561.0,1400.0,5503.3,1730.62,0.64,-18.1,3.7,10.0,10.0,18.25,28.08,0.97,0,0,0,1,0,0
2012,11,2.23,32.91,683.0,1400.0,5559.95,1815.63,0.67,-8.57,7.51,10.0,10.0,18.25,28.08,0.97,0,0,0,1,0,0
2012,12,2.23,32.91,717.0,1400.0,5475.63,1967.79,0.65,-2.18,2.41,10.0,10.0,18.25,28.08,0.97,0,0,0,1,0,0
2013,1,2.23,32.91,650.0,1600.0,5398.79,1669.57,0.65,8.33,12.91,10.0,10.0,18.25,28.08,0.97,0,0,0,1,0,0
2013,2,2.23,32.91,650.0,1900.0,5423.89,1725.01,0.67,4.0,26.67,10.0,10.0,18.25,28.08,0.97,0,0,0,1,0,0
2013,3,2.23,32.91,900.0,2000.0,5360.79,1719.71,0.68,18.68,33.33,10.0,10.0,18.25,28.08,0.97,0,0,0,1,0,0
2013,4,2.23,32.91,804.25,2000.0,5727.35,1633.92,0.69,-3.45,23.99,10.0,10.0,18.25,28.08,0.97,0,0,0,1,0,0
2013,5,2.23,32.91,700.0,2161.8,5514.6,1550.51,0.67,-34.4,5.45,10.0,10.0,18.25,28.08,0.97,0,0,0,1,0,0
2013,6,2.23,32.91,900.0,2000.0,5426.47,1688.95,0.68,-5.26,-11.11,10.0,10.0,18.25,28.08,0.97,0,0,0,1,0,0
2013,7,2.23,32.91,753.2,1986.6,5217.24,1577.24,0.66,-13.04,34.68,10.0,10.0,18.25,28.08,0.97,0,0,0,1,0,0
2013,8,2.23,32.91,650.0,2283.25,5433.03,1559.87,0.69,-21.21,60.23,10.0,10.0,18.25,28.08,0.97,0,0,0,1,0,0
2013,9,2.23,32.91,700.0,2483.5,5872.53,1564.99,0.75,-1.72,77.39,10.0,10.0,18.25,28.08,0.97,0,0,0,1,0,0
2013,10,2.23,32.91,787.0,1813.0,6057.47,1736.29,0.73,40.29,29.5,10.0,10.0,18.25,28.08,0.97,0,0,0,1,0,0
2013,11,2.23,32.91,834.0,1500.0,5875.05,1853.83,0.73,22.11,7.14,10.0,10.0,18.25,28.08,0.97,0,0,0,1,0,0
2013,12,2.23,32.91,800.0,1500.0,6217.71,1822.91,0.73,11.58,7.14,10.0,10.0,18.25,28.08,0.97,0,0,0,1,0,0
2014,1,2.23,32.91,733.0,1844.0,5916.21,1614.41,0.74,12.77,15.25,10.0,10.0,18.25,28.08,0.97,0,0,0,1,0,0
2014,2,2.23,32.91,750.0,2000.0,5596.8,1496.37,0.72,15.38,5.26,10.0,10.0,18.25,28.08,0.97,0,0,0,1,0,0
2014,3,2.23,32.91,796.0,2000.0,5837.61,1607.3,0.73,-11.56,0.0,10.0,10.0,18.25,28.08,0.97,0,0,0,1,0,0
2014,4,2.23,32.91,830.0,2144.38,6011.89,1786.65,0.77,3.2,7.22,10.0,10.0,18.25,28.08,0.97,0,0,0,1,0,0
2014,5,2.23,32.91,888.0,2067.33,6105.17,1876.93,0.78,26.86,-4.37,10.0,10.0,18.25,28.08,0.97,0,0,0,1,0,0
2014,6,2.23,32.91,900.0,1750.0,5937.17,2034.15,0.77,0.0,-12.5,10.0,10.0,18.25,28.08,0.97,0,0,0,1,0,0
2014,7,2.23,32.91,800.0,1680.0,6073.02,1918.91,0.75,6.21,-15.43,10.0,10.0,18.25,28.08,0.97,0,0,0,1,0,0
2014,8,2.23,32.91,600.0,1687.5,5826.99,1783.3,0.74,-7.69,-26.09,10.0,10.0,18.25,28.08,0.97,0,0,0,1,0,0
2014,9,2.23,32.91,600.0,1712.5,5463.84,1770.52,0.73,-14.29,-31.04,10.0,10.0,18.25,28.08,0.97,0,0,0,1,0,0
2014,10,2.23,32.91,588.0,1563.0,5804.78,1942.06,0.73,-25.29,-13.79,10.0,10.0,18.25,28.08,0.97,0,0,0,1,0,0
2014,11,2.23,32.91,487.5,1550.0,5419.25,2001.38,0.72,-41.55,3.33,10.0,10.0,18.25,28.08,0.97,0,0,0,1,0,0
2014,12,2.23,32.91,500.0,1525.0,5327.43,2108.54,0.72,-37.5,1.67,10.0,10.0,18.25,28.08,0.97,0,0,0,1,0,0
2015,1,2.23,32.91,550.0,1900.0,5000.0,2222.76,0.74,-24.97,3.04,10.0,10.0,18.25,28.08,0.97,0,0,0,1,0,0
2015,2,2.23,32.91,600.0,2100.0,5000.0,2405.47,0.75,-20.0,5.0,10.0,10.0,18.25,28.08,0.97,0,0,0,1,0,0
2015,3,2.23,32.91,650.0,2116.64,5000.0,3146.09,0.76,-18.34,5.83,10.0,10.0,18.25,28.08,0.97,0,0,0,1,0,0
2015,4,2.23,32.91,676.44,2270.94,5000.0,2041.68,0.74,-18.5,5.9,10.0,10.0,18.25,28.08,0.97,0,0,0,1,0,0
2015,5,2.23,32.91,794.79,2376.76,5000.0,2839.51,0.79,-10.5,14.97,10.0,10.0,18.25,28.08,0.97,0,0,0,1,0,0
2015,6,2.23,32.91,897.44,2267.0,4833.0,3001.37,0.77,-0.28,29.54,10.0,10.0,18.25,28.08,0.97,0,0,0,1,0,0
2015,7,2.23,32.91,988.0,2006.43,5000.0,3065.02,0.77,23.5,19.43,10.0,10.0,18.25,28.08,0.97,0,0,0,1,0,0
2015,8,2.23,32.91,1000.0,2050.0,5500.0,3051.89,0.74,66.67,21.48,10.0,10.0,18.25,28.08,0.97,0,0,0,1,0,0
2015,9,2.23,32.91,825.0,2250.0,5000.0,2889.74,0.73,37.5,31.39,10.0,10.0,18.25,28.08,0.97,0,0,0,1,0,0
2015,10,2.23,32.91,700.0,2500.0,5000.0,2597.98,0.75,19.05,59.95,10.0,10.0,18.25,28.08,0.97,0,0,0,1,0,0
2015,11,2.23,32.91,1000.0,2500.0,5000.0,2342.75,0.79,105.13,61.29,10.0,10.0,18.25,28.08,0.97,0,0,0,1,0,0
2015,12,2.23,32.91,900.0,2533.0,5000.0,2086.35,0.82,80.0,66.1,10.0,10.0,18.25,28.08,0.97,0,0,0,1,0,0
2016,1,2.23,32.91,850.0,2600.0,5175.58,2325.25,0.81,54.55,36.84,10.0,10.0,18.25,28.08,0.97,0,0,0,1,0,0
2016,2,2.23,32.91,1000.0,2575.0,5333.03,2036.8,0.82,66.67,22.62,10.0,10.0,18.25,28.08,0.97,0,0,0,1,0,0
2016,3,2.23,32.91,1000.0,2100.0,5463.87,2935.38,0.8,53.85,-0.79,10.0,10.0,18.25,28.08,0.97,0,0,0,1,0,0
2016,4,2.23,32.91,1000.0,2500.0,5495.21,2954.43,0.84,47.83,10.09,10.0,10.0,18.25,28.08,0.97,0,0,0,1,0,0
2016,5,2.23,32.91,835.11,2375.0,5363.71,2337.83,0.78,5.07,-0.07,10.0,10.0,18.25,28.08,0.97,0,0,0,1,0,0
2016,6,2.23,32.91,1025.0,2500.0,5303.78,2328.81,0.84,14.21,10.28,10.0,10.0,18.25,28.08,0.97,0,0,0,1,0,0
2016,7,2.23,32.91,1033.0,2275.0,5365.16,2422.76,0.87,4.55,13.39,10.0,10.0,18.25,28.08,0.97,0,0,0,1,0,0
2016,8,2.23,32.91,1000.0,2367.0,5000.0,2284.47,0.85,0.0,15.46,10.0,10.0,18.25,28.08,0.97,0,0,0,1,0,0
2016,9,2.23,32.91,1000.0,2500.0,5000.0,2175.13,0.86,21.21,11.11,10.0,10.0,18.25,28.08,0.97,0,0,0,1,0,0
2016,10,2.23,32.91,1076.39,2500.0,5017.68,2237.05,0.93,53.77,0.0,9.8,10.0,18.25,28.08,0.97,0,0,0,1,0,0
2016,11,2.23,32.91,1100.0,2250.0,5000.0,2253.48,0.89,10.0,-10.0,9.8,10.0,18.25,28.08,0.97,0,0,0,1,0,0
2016,12,2.23,32.91,1200.0,2375.0,5000.0,2867.02,0.96,33.33,-6.24,9.8,10.0,18.25,28.08,0.97,0,0,0,1,0,0
2017,1,2.23,32.91,1200.0,2533.0,5000.0,2965.54,0.97,41.18,-2.58,9.8,10.0,18.25,28.08,0.97,0,0,0,1,0,0
2017,2,2.23,32.91,1300.0,2700.0,5500.0,2884.91,1.01,30.0,4.85,9.8,10.0,18.25,28.08,0.97,0,0,0,1,0,0
2017,3,2.23,32.91,1400.0,2700.0,5333.0,2933.89,1.02,40.0,28.57,9.8,10.0,18.25,28.08,0.97,0,0,0,1,0,0
2017,4,2.23,32.91,1775.0,3000.0,5021.4,2230.88,1.09,77.5,20.0,9.8,10.0,18.25,28.08,0.97,0,0,0,1,0,0
2017,5,2.23,32.91,2000.0,3133.0,6000.0,1926.27,1.19,139.49,31.92,9.8,10.0,18.25,28.08,0.97,0,0,0,1,0,0
2017,6,2.23,32.91,1582.55,2478.24,5711.48,2336.38,1.06,54.4,-0.87,9.5,10.0,18.25,28.08,0.97,0,0,0,1,0,0
2017,7,2.23,32.91,1329.04,2500.0,5859.49,2261.51,1.0,28.66,9.89,9.3,10.0,18.25,28.08,0.97,0,0,0,1,0,0
2017,8,2.23,32.91,1133.0,2500.0,6000.0,2121.54,0.92,13.3,5.62,9.3,10.0,18.25,28.08,0.97,0,0,0,1,0,0
2017,9,2.23,32.91,1200.0,2181.25,6000.0,2760.49,0.92,20.0,-12.75,9.3,10.0,18.25,28.08,0.97,0,0,0,1,0,0
2017,10,2.23,32.91,969.73,2300.0,6000.0,2320.82,0.92,-9.91,-8.0,9.3,10.0,18.25,28.08,0.97,0,0,0,1,0,0
2017,11,2.23,32.91,743.94,2067.0,6000.0,2557.98,0.86,-32.37,-8.13,9.3,10.0,18.25,28.08,0.97,0,0,0,1,0,0
2017,12,2.23,32.91,900.0,2000.0,6000.0,2685.78,0.88,-25.0,-15.79,9.3,10.0,18.25,28.08,0.97,0,0,0,1,0,0
2018,1,2.23,32.91,1000.0,2500.0,6000.0,2647.07,0.95,-16.67,-1.3,9.3,10.0,18.25,28.08,0.97,0,0,0,1,0,0
2018,2,2.23,32.91,1000.0,2500.0,6000.0,2655.62,0.91,-23.08,-7.41,9.3,10.0,18.25,28.08,0.97,0,0,0,1,0,0
2018,3,2.23,32.91,900.0,2500.0,6000.0,2633.77,0.91,-35.71,-7.41,9.3,10.0,18.25,28.08,0.97,0,0,0,1,0,0
2018,4,2.23,32.91,800.0,2400.0,6000.0,2340.08,0.9,-54.93,-20.0,9.3,10.0,18.25,28.08,0.97,0,0,0,1,0,0
2018,5,2.23,32.91,800.0,2026.87,6000.0,2378.19,0.87,-60.0,-35.31,9.3,10.0,18.25,28.08,0.97,0,0,0,1,0,0
2018,6,2.23,32.91,800.0,2300.0,6000.0,2376.93,0.88,-49.45,-7.19,9.5,10.0,18.25,28.08,0.97,0,0,0,1,0,0
2018,7,2.23,32.91,727.58,1808.15,5869.89,2470.66,0.84,-45.26,-27.67,9.5,10.0,18.25,28.08,0.97,0,0,0,1,0,0
2018,8,2.23,32.91,633.78,1920.0,6065.23,2075.57,0.79,-44.06,-23.2,9.3,10.0,18.25,28.08,0.97,0,0,0,1,0,0
2018,9,2.23,32.91,606.27,2000.0,5694.51,2169.65,0.77,-49.48,-8.31,9.1,10.0,18.25,28.08,0.97,0,0,0,1,0,0
2018,10,2.23,32.91,600.0,2400.0,5500.0,2957.98,0.79,-38.13,4.35,9.3,10.0,18.25,28.08,0.97,0,0,0,1,0,0
2018,11,2.23,32.91,483.0,2233.0,5500.0,2736.28,0.74,-35.08,8.03,9.3,10.0,18.25,28.08,0.97,0,0,0,1,0,0
2018,12,2.23,32.91,613.83,2365.78,5539.99,2006.3,0.74,-31.8,18.29,9.1,10.0,18.25,28.08,0.97,0,0,0,1,0,0
2019,1,2.23,32.91,586.62,2688.0,5550.0,2100.72,0.74,-41.34,7.52,9.1,10.0,18.25,28.08,0.97,0,0,0,1,0,0
2019,2,2.23,32.91,733.0,3006.44,5550.0,2066.4,0.78,-26.7,20.26,9.1,10.0,18.25,28.08,0.97,0,0,0,1,0,0
2019,3,2.23,32.91,950.0,3000.0,5500.0,2179.97,0.82,5.56,20.0,9.1,10.0,18.25,28.08,0.97,0,0,0,1,0,0
2019,4,2.23,32.91,1350.0,3200.0,6000.0,2061.0,0.9,68.75,33.33,9.1,10.0,18.25,28.08,0.97,0,0,0,1,0,0
2019,5,2.23,32.91,1550.0,3500.0,6000.0,2382.39,1.0,93.75,72.68,9.1,10.0,18.25,28.08,0.97,0,0,0,1,0,0
2019,6,2.23,32.91,1600.0,3450.0,6000.0,2415.92,1.01,100.0,50.0,9.0,10.0,18.25,28.08,0.97,0,0,0,1,0,0
2019,7,2.23,32.91,1525.0,3275.0,6000.0,2529.11,0.99,109.6,81.12,9.3,10.0,18.25,28.08,0.97,0,0,0,1,0,0
2019,8,2.23,32.91,1533.33,3233.33,6000.0,2474.33,0.98,141.93,68.4,9.5,10.0,18.25,28.08,0.97,0,0,0,1,0,0
2019,9,2.23,32.91,1366.67,3066.67,5333.33,2200.34,0.92,125.42,53.33,9.7,10.0,18.25,28.08,0.97,0,0,0,1,0,0
2019,10,2.23,32.91,1200.0,3300.0,5500.0,2430.82,0.95,100.0,37.5,9.7,10.0,18.25,28.08,0.97,0,0,0,1,0,0
2019,11,2.23,32.91,1200.0,3350.0,5500.0,2352.34,0.93,148.45,50.02,9.7,10.0,18.25,28.08,0.97,0,0,0,1,0,0
2019,12,2.23,32.91,1200.0,3066.67,5000.0,2399.35,0.9,95.49,29.63,10.0,10.0,18.25,28.08,0.97,0,0,0,1,0,0
2020,1,2.23,32.91,1125.0,3100.0,5150.0,2184.31,0.87,91.78,15.33,10.0,10.0,18.25,28.08,0.97,0,0,0,1,0,0
2020,2,2.23,32.91,1125.0,3050.0,5350.0,2251.48,0.88,53.48,1.45,10.0,10.0,18.25,28.08,0.97,0,0,0,1,0,0
2020,3,2.23,32.91,1108.08,2855.1,5370.87,2150.53,0.85,16.64,-4.83,9.7,10.0,18.25,28.08,0.97,0,0,0,1,0,0
2020,4,2.23,32.91,1140.0,3687.82,5800.0,2165.85,0.92,-15.56,15.24,9.7,10.0,18.25,28.08,0.97,0,0,0,1,0,0
2020,5,2.23,32.91,1050.0,4929.0,5050.49,1936.45,0.94,-32.26,40.83,9.7,10.0,18.25,28.08,0.97,0,0,0,1,0,0
2020,6,2.23,32.91,970.0,4100.0,5304.0,1796.06,0.91,-39.37,18.84,9.7,10.0,18.25,28.08,0.97,0,0,0,1,0,0
2020,7,2.23,32.91,938.0,3662.0,5236.17,1796.3,0.86,-38.49,11.82,9.7,10.0,18.25,28.08,0.97,0,0,0,1,0,0
2020,8,2.23,32.91,749.0,3171.0,5577.0,1760.89,0.81,-51.15,-1.93,9.7,10.0,18.25,28.08,0.97,0,0,0,1,0,0
2020,9,2.23,32.91,714.0,3000.0,5577.0,1742.23,0.81,-47.76,-2.17,9.7,10.0,18.25,28.08,0.97,0,0,0,1,0,0
2020,10,2.23,32.91,742.0,3092.0,5900.0,1833.26,0.85,-38.17,-6.3,9.7,10.0,18.25,28.08,0.97,0,0,0,1,0,0
2020,11,2.23,32.91,806.0,2908.0,5286.0,1915.49,0.81,-32.83,-13.19,9.7,10.0,18.25,28.08,0.97,0,0,0,1,0,0
2020,12,2.23,32.91,750.0,2914.0,6000.0,1885.19,0.85,-37.5,-4.98,9.7,10.0,18.25,28.08,0.97,0,0,0,1,0,0
2021,1,2.23,32.91,688.0,3000.0,6000.0,1916.24,0.81,-38.84,-3.23,9.7,10.0,18.25,28.08,0.97,0,0,0,1,0,0
2021,2,2.23,32.91,688.17,2200.92,6198.01,1938.16,0.77,-38.83,-27.84,9.5,10.0,18.25,28.08,0.97,0,0,0,1,0,0
2021,3,2.23,32.91,700.0,3200.0,6000.0,1888.06,0.82,-36.83,12.08,9.7,10.0,18.25,28.08,0.97,0,0,0,1,0,0
2021,4,2.23,32.91,500.0,3500.0,6600.0,1790.32,0.8,-56.14,-5.09,9.7,10.0,18.25,28.08,0.97,0,0,0,1,0,0
2021,5,2.23,32.91,700.0,3800.0,8000.0,1856.27,0.87,-33.33,-22.91,9.7,10.0,18.25,28.08,0.97,0,0,0,1,0,0
2021,6,2.23,32.91,1000.0,2688.4,8000.0,1902.58,0.84,3.09,-34.43,9.7,10.0,18.25,28.08,0.97,0,0,0,1,0,0
2021,7,2.23,32.91,920.0,2100.0,7800.0,1884.15,0.84,-1.92,-42.65,9.7,10.0,18.25,28.08,0.97,0,0,0,1,0,0
2021,8,2.23,32.91,850.0,2000.0,7500.0,1949.46,0.85,13.48,-36.93,9.7,10.0,18.25,28.08,0.97,0,0,0,1,0,0
2021,9,2.23,32.91,775.0,1950.0,7500.0,1742.48,0.85,8.54,-35.0,9.7,10.0,18.25,28.08,0.97,0,0,0,1,0,0
2021,10,2.23,32.91,820.0,2267.0,7700.0,1786.41,0.91,10.51,-26.68,9.7,10.0,18.25,28.08,0.97,0,0,0,1,0,0
2021,11,2.23,32.91,958.0,2060.0,8000.0,1959.12,0.91,18.86,-29.16,9.7,10.0,18.25,28.08,0.97,0,0,0,1,0,0
2021,12,2.23,32.91,975.0,1850.0,8000.0,1803.63,0.89,30.0,-36.51,9.7,10.0,18.25,28.08,0.97,0,0,0,1,0,0
2022,1,2.23,32.91,1000.0,2264.0,8000.0,1622.47,0.95,45.35,-24.53,9.7,10.0,18.25,28.08,0.97,0,0,0,1,0,0
2022,2,2.23,32.91,1123.0,2561.71,7989.81,1679.13,0.98,63.19,16.39,9.7,10.0,18.25,28.08,0.97,0,0,0,1,0,0
2022,3,2.23,32.91,1090.0,2783.33,8000.0,1678.76,1.01,55.71,-13.02,9.7,10.0,18.25,28.08,0.97,0,0,0,1,0,0
2022,4,2.23,32.91,1486.0,3500.0,8000.0,1951.67,1.11,197.2,0.0,9.7,10.0,18.25,28.08,0.97,0,0,0,1,0,0
2022,5,2.23,32.91,1700.0,3500.0,8000.0,1785.36,1.12,142.86,-7.89,9.7,10.0,18.25,28.08,0.97,0,0,0,1,0,0
2022,6,2.23,32.91,1700.0,3500.0,8000.0,1650.95,1.16,70.0,30.19,9.7,10.0,18.25,28.08,0.97,0,0,0,1,0,0
2022,7,2.23,32.91,1400.0,3500.0,8000.0,1678.8,1.18,52.17,66.67,9.7,10.0,18.25,28.08,0.97,0,0,0,1,0,0
2022,8,2.23,32.91,1533.0,3800.0,8979.31,1665.29,1.28,80.35,90.0,9.7,10.0,18.25,28.08,0.97,0,0,0,1,0,0
2022,9,2.23,32.91,1767.0,4050.0,10000.0,1677.02,1.28,128.0,107.69,9.7,10.0,18.25,28.08,0.97,0,0,0,1,0,0
2022,10,2.23,32.91,1950.0,4500.0,10000.0,1596.51,1.3,137.8,98.5,9.7,10.0,18.25,28.08,0.97,0,0,0,1,0,0
2022,11,2.23,32.91,1640.0,3700.0,10200.0,1645.92,1.22,71.19,79.61,9.7,10.0,18.25,28.08,0.97,0,0,0,1,0,0
2022,12,2.23,32.91,1500.0,3500.0,9694.97,1632.93,1.19,53.85,89.19,9.7,10.0,18.25,28.08,0.97,0,0,0,1,0,0
2023,1,2.23,32.91,1180.0,4160.0,8909.2,1696.71,1.25,18.0,83.75,9.7,10.0,18.25,28.08,0.97,0,0,0,1,0,0
2023,2,2.23,32.91,1420.0,4500.0,8097.65,1584.42,1.23,26.45,75.66,10.0,10.0,18.25,28.08,0.97,0,0,0,1,0,0
2023,3,2.23,32.91,1520.0,4072.0,7827.81,1542.09,1.21,39.45,46.3,10.0,10.0,18.25,28.08,0.97,0,0,0,1,0,0
2023,4,2.23,32.91,1550.0,4750.0,7558.8,1538.31,1.29,4.31,35.71,10.0,10.0,18.25,28.08,0.97,0,0,0,1,0,0
2023,5,2.23,32.91,1637.5,4775.0,7500.0,1568.36,1.28,-3.68,36.43,10.0,10.0,18.25,28.08,0.97,0,0,0,1,0,0
2023,6,2.23,32.91,1625.0,4500.0,7500.0,1476.8,1.26,-4.41,28.57,10.0,10.0,18.25,28.08,0.97,0,0,0,1,0,0
2023,7,2.23,32.91,1333.0,4167.0,7500.0,1468.98,1.19,-4.79,19.06,10.0,10.0,18.25,28.08,0.97,0,0,0,1,0,0
2023,8,2.23,32.91,1167.0,4000.0,7500.0,1451.19,1.15,-23.87,5.26,10.0,10.0,18.25,28.08,0.97,0,0,0,1,0,0
2023,9,2.23,32.91,1100.0,4575.0,7500.0,1410.24,1.19,-37.75,12.96,10.0,10.0,18.25,28.08,0.97,0,0,0,1,0,0
2023,10,2.23,32.91,1067.0,4500.0,7500.0,1427.18,1.16,-45.28,0.0,10.0,10.0,18.25,28.08,0.97,0,0,0,1,0,0
2023,11,2.23,32.91,786.88,3300.0,7500.0,1469.51,0.99,-52.02,-10.81,10.0,10.0,18.25,28.08,0.97,0,0,0,1,0,0
2023,12,2.23,32.91,712.94,2933.0,7500.0,1462.14,0.91,-52.47,-16.2,10.0,10.0,18.25,28.08,0.97,0,0,0,1,0,0
2024,1,2.23,32.91,730.0,3800.0,7500.0,1467.47,0.93,-38.14,-8.65,10.0,10.0,18.25,28.08,0.97,0,0,0,1,0,0
2024,2,2.23,32.91,740.0,4500.0,7500.0,1326.39,0.94,-47.89,0.0,10.0,10.0,18.25,28.08,0.97,0,0,0,1,0,0
2024,3,2.23,32.91,722.0,4300.0,7500.0,1416.02,1.01,-52.5,5.6,10.0,10.0,18.25,28.08,0.97,0,0,0,1,0,0
2024,4,2.23,32.91,788.0,4000.0,7500.0,1455.25,0.96,-49.16,-15.79,10.0,10.0,18.25,28.08,0.97,0,0,0,1,0,0
2024,5,2.23,32.91,730.0,4250.0,7625.0,1468.98,1.06,-55.42,-10.99,10.0,10.0,18.25,28.08,0.97,0,0,0,1,0,0
2024,6,2.23,32.91,700.0,4000.0,7750.0,1452.92,1.06,-56.92,-11.11,10.0,10.0,18.25,28.08,0.97,0,0,0,1,0,0
2024,7,2.23,32.91,765.0,3875.0,7500.0,1533.41,1.03,-42.61,-7.01,10.0,10.0,18.25,28.08,0.97,0,0,0,1,0,0
2024,8,2.23,32.91,761.0,3938.0,7500.0,1485.13,1.03,-34.79,-1.55,10.0,10.0,18.25,28.08,0.97,0,0,0,1,0,0
2024,9,2.23,32.91,736.58,4667.0,7500.0,1490.85,1.06,-33.04,2.01,10.0,10.0,18.25,28.08,0.97,0,0,0,1,0,0
2024,10,2.23,32.91,817.0,4267.0,7500.0,1501.11,1.06,-23.43,-5.18,10.0,10.0,18.25,28.08,0.97,0,0,0,1,0,0
2024,11,2.23,32.91,1000.0,4500.0,7500.0,1513.23,1.16,27.08,36.36,10.0,10.0,18.25,28.08,0.97,0,0,0,1,0,0
2024,12,2.23,32.91,890.0,3903.64,7500.0,1541.26,1.07,24.83,33.09,10.0,10.0,18.25,28.08,0.97,0,0,0,1,0,0
2025,1,2.23,32.91,890.0,4039.62,6720.24,1740.31,1.02,21.92,6.31,10.0,10.0,18.25,28.08,0.97,0,0,0,1,0,0
2025,2,2.23,32.91,927.0,3955.52,7229.0,1566.13,1.05,25.27,-12.1,10.0,10.0,18.25,28.08,0.97,0,0,0,1,0,0
2025,3,2.23,32.91,940.0,3713.0,7333.0,1596.95,1.04,30.19,-13.65,10.0,10.0,18.25,28.08,0.97,0,0,0,1,0,0
2025,4,2.23,32.91,1300.0,4000.0,7667.0,1631.95,1.16,64.97,0.0,10.0,10.0,18.25,28.08,0.97,0,0,0,1,0,0
2025,5,2.23,32.91,1475.0,4825.0,7875.0,1643.38,1.32,102.05,13.53,10.0,10.0,18.25,28.08,0.97,0,0,0,1,0,0
2025,6,2.23,32.91,1388.0,4200.0,7500.0,1901.6,1.26,98.29,5.0,10.0,10.0,18.25,28.08,0.97,0,0,0,1,0,0
2025,7,2.23,32.91,1280.0,3760.0,7500.0,2000.32,1.18,67.32,-2.97,10.0,10.0,18.25,28.08,0.97,0,0,0,1,0,0
2025,8,2.23,32.91,933.0,3100.0,7500.0,1844.76,1.02,22.6,-21.28,10.0,10.0,18.25,28.08,0.97,0,0,0,1,0,0
2025,9,2.23,32.91,930.0,3300.0,7400.0,1814.43,1.08,26.26,-29.29,10.0,10.0,18.25,28.08,0.97,0,0,0,1,0,0
2025,10,2.23,32.91,950.0,4000.0,7250.0,1842.29,1.08,16.28,-6.26,10.0,10.0,18.25,28.08,0.97,0,0,0,1,0,0
2025,11,2.23,32.91,883.0,3833.0,7500.0,1867.9,1.07,-11.7,-14.82,10.0,10.0,18.25,28.08,0.97,0,0,0,1,0,0
2025,12,2.23,32.91,920.0,3500.0,7500.0,1832.32,1.01,3.37,-10.34,10.0,10.0,18.25,28.08,0.97,0,0,0,1,0,0
2026,1,2.23,32.91,1096.29,3441.13,7743.24,1784.28,1.07,23.18,-14.82,9.7,9.9,18.25,28.08,0.97,0,0,0,1,0,0
2026,2,2.23,32.91,1081.16,3357.38,7775.05,1878.32,1.06,16.63,-15.12,9.5,9.8,18.25,28.08,0.97,0,0,0,1,0,0
2026,3,2.23,32.91,1145.83,3497.68,7790.5,1820.22,1.09,21.9,-5.8,9.2,9.6,18.25,28.08,0.97,0,0,0,1,0,0
2026,4,2.23,32.91,1341.77,3846.91,7609.04,1850.31,1.13,3.21,-3.83,8.9,9.4,18.25,28.08,0.97,0,0,0,1,0,0
2026,5,2.23,32.91,1231.51,3964.28,7505.48,1883.7,1.14,-16.51,-17.84,8.7,9.2,18.25,28.08,0.97,0,0,0,1,0,0
2026,6,2.23,32.91,1347.29,3688.35,7526.7,1874.28,1.15,-2.93,-12.18,8.4,8.9,18.25,28.08,0.97,0,0,0,1,0,0
2026,7,2.23,32.91,1166.07,3601.11,7665.02,1868.08,1.1,-8.9,-4.23,8.1,8.6,18.25,28.08,0.97,0,0,0,1,0,0
2026,8,2.23,32.91,1155.05,3706.75,7693.02,1886.15,1.1,23.8,19.57,7.8,8.3,18.25,28.08,0.97,0,0,0,1,0,0
2007,1,-0.61,30.65,616.88,1039.89,4150.69,1226.1,0.53,,,6.1,6.5,18.25,28.08,0.97,0,0,0,0,0,1
2007,2,-0.61,30.65,569.75,1063.16,4158.19,1213.19,0.52,,,6.1,6.5,18.25,28.08,0.97,0,0,0,0,0,1
2007,3,-0.61,30.65,615.99,1105.93,4107.1,1179.17,0.52,,,6.1,6.5,18.25,28.08,0.97,0,0,0,0,0,1
2007,4,-0.61,30.65,634.13,1157.55,4190.07,1257.14,0.53,,,6.1,6.5,18.25,28.08,0.97,0,0,0,0,0,1
2007,5,-0.61,30.65,643.86,1200.0,4211.72,1228.56,0.54,,,6.1,6.5,18.25,28.08,0.97,0,0,0,0,0,1
2007,6,-0.61,30.65,613.28,1106.02,4249.45,1275.52,0.53,,,6.1,6.5,18.25,28.08,0.97,0,0,0,0,0,1
2007,7,-0.61,30.65,618.22,1047.5,4147.9,1243.9,0.53,,,6.1,6.5,18.25,28.08,0.97,0,0,0,0,0,1
2007,8,-0.61,30.65,628.26,1135.46,4239.59,1280.49,0.54,,,6.1,6.5,18.25,28.08,0.97,0,0,0,0,0,1
2007,9,-0.61,30.65,621.51,1164.89,4270.45,1252.69,0.55,,,6.1,6.5,18.25,28.08,0.97,0,0,0,0,0,1
2007,10,-0.61,30.65,637.59,1161.38,4131.04,1236.28,0.54,,,6.1,6.5,18.25,28.08,0.97,0,0,0,0,0,1
2007,11,-0.61,30.65,671.02,1060.75,4367.06,1213.97,0.55,,,6.1,6.5,18.25,28.08,0.97,0,0,0,0,0,1
2007,12,-0.61,30.65,660.11,1052.77,4259.29,1260.47,0.54,,,6.1,6.5,18.25,28.08,0.97,0,0,0,0,0,1
2008,1,-0.61,30.65,685.89,1083.63,4378.65,1271.23,0.56,11.19,4.21,6.1,6.5,18.25,28.08,0.97,0,0,0,0,0,1
2008,2,-0.61,30.65,639.52,1107.13,4288.65,1248.01,0.55,12.25,4.13,6.1,6.5,18.25,28.08,0.97,0,0,0,0,0,1
2008,3,-0.61,30.65,688.13,1142.21,4226.56,1241.01,0.55,11.71,3.28,6.1,6.5,18.25,28.08,0.97,0,0,0,0,0,1
2008,4,-0.61,30.65,728.23,1255.41,4458.41,1311.26,0.58,14.84,8.45,6.1,6.5,18.25,28.08,0.97,0,0,0,0,0,1
2008,5,-0.61,30.65,748.6,1289.04,4393.51,1310.11,0.58,16.27,7.42,6.1,6.5,18.25,28.08,0.97,0,0,0,0,0,1
2008,6,-0.61,30.65,710.64,1160.49,4387.97,1281.19,0.57,15.88,4.92,6.1,6.5,18.25,28.08,0.97,0,0,0,0,0,1
2008,7,-0.61,30.65,738.23,1186.64,4345.19,1278.81,0.57,19.41,13.28,6.1,6.5,18.25,28.08,0.97,0,0,0,0,0,1
2008,8,-0.61,30.65,729.09,1257.11,4539.15,1283.26,0.58,16.05,10.71,6.1,6.5,18.25,28.08,0.97,0,0,0,0,0,1
2008,9,-0.61,30.65,749.17,1501.81,4714.41,1304.62,0.61,20.54,28.92,6.1,6.5,18.25,28.08,0.97,0,0,0,0,0,1
2008,10,-0.61,30.65,701.71,1652.53,4689.3,1256.47,0.61,10.06,42.29,6.1,6.5,18.25,28.08,0.97,0,0,0,0,0,1
2008,11,-0.61,30.65,834.62,1537.01,4984.18,1372.99,0.65,24.38,44.9,6.1,6.5,18.25,28.08,0.97,0,0,0,0,0,1
2008,12,-0.61,30.65,834.72,1535.5,4886.41,1363.82,0.64,26.45,45.85,6.1,6.5,18.25,28.08,0.97,0,0,0,0,0,1
2009,1,-0.61,30.65,784.46,1573.43,5078.64,1365.93,0.65,14.37,45.2,6.1,6.5,18.25,28.08,0.97,0,0,0,0,0,1
2009,2,-0.61,30.65,667.5,1577.19,4842.83,1390.18,0.63,4.38,42.46,6.1,6.5,18.25,28.08,0.97,0,0,0,0,0,1
2009,3,-0.61,30.65,777.33,1607.01,5084.74,1411.18,0.65,12.96,40.69,6.1,6.5,18.25,28.08,0.97,0,0,0,0,0,1
2009,4,-0.61,30.65,681.72,1680.35,5340.74,1620.89,0.68,-6.39,33.85,6.1,6.5,18.25,28.08,0.97,0,0,0,0,0,1
2009,5,-0.61,30.65,767.48,1895.88,5946.84,1834.15,0.75,2.52,47.08,6.1,6.5,18.25,28.08,0.97,0,0,0,0,0,1
2009,6,-0.61,30.65,864.2,1813.81,6084.08,1762.41,0.76,21.61,56.3,6.1,6.5,18.25,28.08,0.97,0,0,0,0,0,1
2009,7,-0.61,30.65,906.72,1662.4,5852.52,1744.84,0.75,22.82,40.09,6.1,6.5,18.25,28.08,0.97,0,0,0,0,0,1
2009,8,-0.61,30.65,924.03,1880.46,6008.74,1713.9,0.76,26.74,49.59,6.1,6.5,18.25,28.08,0.97,0,0,0,0,0,1
2009,9,-0.61,30.65,859.02,2049.72,5818.11,1668.78,0.76,14.66,36.48,6.1,6.5,18.25,28.08,0.97,0,0,0,0,0,1
2009,10,-0.61,30.65,898.59,1809.59,5601.06,1623.45,0.73,28.06,9.5,6.1,6.5,18.25,28.08,0.97,0,0,0,0,0,1
2009,11,-0.61,30.65,985.76,1636.57,5702.95,1642.93,0.74,18.11,6.48,6.1,6.5,18.25,28.08,0.97,0,0,0,0,0,1
2009,12,-0.61,30.65,985.32,1457.99,5602.47,1644.43,0.73,18.04,-5.05,6.1,6.5,18.25,28.08,0.97,0,0,0,0,0,1
2010,1,-0.61,30.65,852.22,1442.11,5668.71,1703.69,0.72,8.64,-8.35,6.5,6.6,18.25,28.08,0.97,0,0,0,0,0,1
2010,2,-0.61,30.65,690.33,1484.6,5276.27,1618.37,0.67,3.42,-5.87,6.8,6.6,18.25,28.08,0.97,0,0,0,0,0,1
2010,3,-0.61,30.65,804.59,1562.47,5559.31,1547.25,0.69,3.51,-2.77,7.1,6.7,18.25,28.08,0.97,0,0,0,0,0,1
2010,4,-0.61,30.65,750.21,1692.16,5215.85,1528.84,0.68,10.05,0.7,7.4,6.8,18.25,28.08,0.97,0,0,0,0,0,1
2010,5,-0.61,30.65,818.07,1871.43,5014.35,1472.49,0.67,6.59,-1.29,7.8,6.9,18.25,28.08,0.97,0,0,0,0,0,1
2010,6,-0.61,30.65,802.32,1760.34,5009.31,1397.32,0.66,-7.16,-2.95,8.1,6.9,18.25,28.08,0.97,0,0,0,0,0,1
2010,7,-0.61,30.65,843.65,1621.48,4772.63,1280.32,0.64,-6.95,-2.46,8.4,7.0,18.25,28.08,0.97,0,0,0,0,0,1
2010,8,-0.61,30.65,823.7,1828.44,4502.05,1221.36,0.63,-10.86,-2.77,8.8,7.1,18.25,28.08,0.97,0,0,0,0,0,1
2010,9,-0.61,30.65,715.18,1925.64,4623.99,1213.29,0.63,-16.74,-6.05,9.1,7.1,18.25,28.08,0.97,0,0,0,0,0,1
2010,10,-0.61,30.65,886.99,1801.6,4661.01,1189.86,0.65,-1.29,-0.44,9.4,7.2,18.25,28.08,0.97,0,0,0,0,0,1
2010,11,-0.61,30.65,1015.2,1716.74,4887.11,1254.02,0.71,2.99,4.9,9.7,7.3,18.25,28.08,0.97,0,0,0,0,0,1
2010,12,-0.61,30.65,1004.48,1639.08,4819.71,1214.91,0.68,1.94,12.42,9.7,7.3,18.25,28.08,0.97,0,0,0,0,0,1
2011,1,-0.61,30.65,903.68,1756.12,5009.09,1283.99,0.69,6.04,21.77,9.7,7.3,18.25,28.08,0.97,0,0,0,0,0,1
2011,2,-0.61,30.65,804.18,1871.01,4979.75,1262.89,0.67,16.49,26.03,9.7,7.3,18.25,28.08,0.97,0,0,0,0,0,1
2011,3,-0.61,30.65,919.32,1993.93,5287.03,1316.13,0.72,14.26,27.61,9.7,7.3,18.25,28.08,0.97,0,0,0,0,0,1
2011,4,-0.61,30.65,1200.0,2000.0,5275.38,1500.83,0.8,59.96,18.19,9.7,7.6,18.25,28.08,0.97,0,0,0,0,0,1
2011,5,-0.61,30.65,1442.03,2100.0,6147.84,1515.58,0.89,76.27,12.21,9.7,7.9,18.25,28.08,0.97,0,0,0,0,0,1
2011,6,-0.61,30.65,1263.36,2000.0,5613.98,1636.28,0.81,57.46,13.61,9.7,8.2,18.25,28.08,0.97,0,0,0,0,0,1
2011,7,-0.61,30.65,1194.4,1950.0,5996.5,1639.83,0.82,41.57,20.26,9.7,8.5,18.25,28.08,0.97,0,0,0,0,0,1
2011,8,-0.61,30.65,1229.4,2055.0,6012.99,1530.08,0.81,49.25,12.39,9.7,8.7,18.25,28.08,0.97,0,0,0,0,0,1
2011,9,-0.61,30.65,1052.77,2000.0,5961.98,1676.91,0.81,47.2,3.86,9.7,8.9,18.25,28.08,0.97,0,0,0,0,0,1
2011,10,-0.61,30.65,973.18,1642.0,5927.28,1561.43,0.76,9.72,-8.86,9.7,9.2,18.25,28.08,0.97,0,0,0,0,0,1
2011,11,-0.61,30.65,1107.76,1515.0,5902.79,1852.74,0.81,9.12,-11.75,9.7,9.4,18.25,28.08,0.97,0,0,0,0,0,1
2011,12,-0.61,30.65,1462.95,1600.0,6133.15,1867.31,0.87,45.64,-2.38,10.0,9.6,18.25,28.08,0.97,0,0,0,0,0,1
2012,1,-0.61,30.65,1315.0,1718.0,5914.12,1853.41,0.87,45.52,-2.17,10.0,9.8,18.25,28.08,0.97,0,0,0,0,0,1
2012,2,-0.61,30.65,1250.0,1825.0,5610.04,1795.33,0.86,55.44,-2.46,10.0,9.9,18.25,28.08,0.97,0,0,0,0,0,1
2012,3,-0.61,30.65,1101.71,1934.0,5540.67,1807.2,0.84,19.84,-3.01,10.0,10.0,18.25,28.08,0.97,0,0,0,0,0,1
2012,4,-0.61,30.65,1428.66,2467.0,6263.51,1717.25,0.96,19.06,23.35,10.0,10.0,18.25,28.08,0.97,0,0,0,0,0,1
2012,5,-0.61,30.65,1524.08,2842.85,5932.05,1720.54,0.98,5.69,35.37,10.0,10.0,18.25,28.08,0.97,0,0,0,0,0,1
2012,6,-0.61,30.65,1430.93,2303.07,6495.5,1768.45,1.0,13.26,15.15,10.0,10.0,18.25,28.08,0.97,0,0,0,0,0,1
2012,7,-0.61,30.65,1571.22,2158.0,6715.0,1760.21,1.0,31.55,10.67,10.0,10.0,18.25,28.08,0.97,0,0,0,0,0,1
2012,8,-0.61,30.65,1534.0,2100.0,6821.52,1865.16,1.0,24.78,2.19,10.0,10.0,18.25,28.08,0.97,0,0,0,0,0,1
2012,9,-0.61,30.65,1450.0,2000.0,6969.29,1808.64,1.01,37.73,0.0,10.0,10.0,18.25,28.08,0.97,0,0,0,0,0,1
2012,10,-0.61,30.65,1387.0,1875.0,6511.79,1765.95,0.97,42.52,14.19,10.0,10.0,18.25,28.08,0.97,0,0,0,0,0,1
2012,11,-0.61,30.65,1225.0,1867.0,6440.25,1768.21,0.95,10.58,23.23,10.0,10.0,18.25,28.08,0.97,0,0,0,0,0,1
2012,12,-0.61,30.65,1442.82,2000.0,6664.13,1849.42,0.97,-1.38,25.0,10.0,10.0,18.25,28.08,0.97,0,0,0,0,0,1
2013,1,-0.61,30.65,1350.0,1900.0,6286.84,1756.63,0.94,2.66,10.59,10.0,10.0,18.25,28.08,0.97,0,0,0,0,0,1
2013,2,-0.61,30.65,1275.0,1950.0,6796.41,1868.77,0.96,2.0,6.85,10.0,10.0,18.25,28.08,0.97,0,0,0,0,0,1
2013,3,-0.61,30.65,1140.0,2000.0,6110.65,1825.19,0.91,3.48,3.41,10.0,10.0,18.25,28.08,0.97,0,0,0,0,0,1
2013,4,-0.61,30.65,1399.53,2091.75,6117.32,1844.78,0.94,-2.04,-15.21,10.0,10.0,18.25,28.08,0.97,0,0,0,0,0,1
2013,5,-0.61,30.65,1396.8,2276.8,6313.31,1830.4,0.95,-8.35,-19.91,10.0,10.0,18.25,28.08,0.97,0,0,0,0,0,1
2013,6,-0.61,30.65,1140.0,2000.0,6139.09,1855.3,0.9,-20.33,-13.16,10.0,10.0,18.25,28.08,0.97,0,0,0,0,0,1
2013,7,-0.61,30.65,1126.6,2013.4,5960.5,1830.65,0.88,-28.3,-6.7,10.0,10.0,18.25,28.08,0.97,0,0,0,0,0,1
2013,8,-0.61,30.65,1338.97,2250.25,5660.08,1827.42,0.9,-12.71,7.15,10.0,10.0,18.25,28.08,0.97,0,0,0,0,0,1
2013,9,-0.61,30.65,1250.0,2533.5,5698.84,1871.55,0.94,-13.79,26.67,10.0,10.0,18.25,28.08,0.97,0,0,0,0,0,1
2013,10,-0.61,30.65,1500.0,2693.0,6246.33,1855.37,0.99,8.15,43.63,10.0,10.0,18.25,28.08,0.97,0,0,0,0,0,1
2013,11,-0.61,30.65,1500.0,2234.0,6751.01,1839.96,0.98,22.45,19.66,10.0,10.0,18.25,28.08,0.97,0,0,0,0,0,1
2013,12,-0.61,30.65,1500.0,1933.0,6789.56,1853.27,0.98,3.96,-3.35,10.0,10.0,18.25,28.08,0.97,0,0,0,0,0,1
2014,1,-0.61,30.65,1322.0,1822.0,6488.02,1864.85,0.92,-2.07,-4.11,10.0,10.0,18.25,28.08,0.97,0,0,0,0,0,1
2014,2,-0.61,30.65,1167.0,2000.0,6099.23,1778.74,0.9,-8.47,2.56,10.0,10.0,18.25,28.08,0.97,0,0,0,0,0,1
2014,3,-0.61,30.65,1208.0,1959.4,5926.96,1828.58,0.88,5.96,-2.03,10.0,10.0,18.25,28.08,0.97,0,0,0,0,0,1
2014,4,-0.61,30.65,1210.0,2040.0,6362.74,1948.67,0.91,-13.54,-2.47,10.0,10.0,18.25,28.08,0.97,0,0,0,0,0,1
2014,5,-0.61,30.65,1332.13,1963.0,6595.28,2035.55,0.93,-4.63,-13.78,10.0,10.0,18.25,28.08,0.97,0,0,0,0,0,1
2014,6,-0.61,30.65,1267.0,1917.0,6976.63,2183.06,0.94,11.14,-4.15,10.0,10.0,18.25,28.08,0.97,0,0,0,0,0,1
2014,7,-0.61,30.65,1430.0,1840.0,7241.92,1921.75,0.96,26.93,-8.61,10.0,10.0,18.25,28.08,0.97,0,0,0,0,0,1
2014,8,-0.61,30.65,1488.57,1850.0,7196.41,1881.32,0.97,11.17,-17.79,10.0,10.0,18.25,28.08,0.97,0,0,0,0,0,1
2014,9,-0.61,30.65,1361.15,1843.55,7141.15,1963.54,0.97,8.89,-27.23,9.7,9.9,18.25,28.08,0.97,0,0,0,0,0,1
2014,10,-0.61,30.65,1253.12,1800.0,7133.14,1910.28,0.95,-16.46,-33.16,9.7,9.9,18.25,28.08,0.97,0,0,0,0,0,1
2014,11,-0.61,30.65,1269.59,1835.51,6768.05,1913.2,0.97,-15.36,-17.84,9.5,9.8,18.25,28.08,0.97,0,0,0,0,0,1
2014,12,-0.61,30.65,1247.0,1864.82,7010.31,1898.25,0.99,-16.87,-3.53,9.2,9.6,18.25,28.08,0.97,0,0,0,0,0,1
2015,1,-0.61,30.65,1248.06,1900.0,7500.0,1889.35,1.02,-5.59,4.28,9.2,9.6,18.25,28.08,0.97,0,0,0,0,0,1
2015,2,-0.61,30.65,1050.0,2138.12,7500.0,1996.97,1.01,-10.03,6.91,9.2,9.6,18.25,28.08,0.97,0,0,0,0,0,1
2015,3,-0.61,30.65,1425.0,2324.94,7500.0,1784.66,1.06,17.96,18.66,9.2,9.6,18.25,28.08,0.97,0,0,0,0,0,1
2015,4,-0.61,30.65,1550.0,2481.51,7500.0,2028.21,1.12,28.1,21.64,9.2,9.6,18.25,28.08,0.97,0,0,0,0,0,1
2015,5,-0.61,30.65,1695.73,2553.53,7500.0,1797.43,1.13,27.29,30.08,9.2,9.6,18.25,28.08,0.97,0,0,0,0,0,1
2015,6,-0.61,30.65,1350.0,2750.0,7500.0,1837.97,1.11,6.55,43.45,9.2,9.6,18.25,28.08,0.97,0,0,0,0,0,1
2015,7,-0.61,30.65,1450.0,2325.0,7875.0,1994.53,1.11,1.4,26.36,9.2,9.6,18.25,28.08,0.97,0,0,0,0,0,1
2015,8,-0.61,30.65,1253.4,2587.27,7979.87,1967.53,1.11,-15.8,39.85,9.2,9.6,18.25,28.08,0.97,0,0,0,0,0,1
2015,9,-0.61,30.65,1090.78,2741.8,7250.0,1956.93,1.03,-19.86,48.72,9.5,9.8,18.25,28.08,0.97,0,0,0,0,0,1
2015,10,-0.61,30.65,972.33,2864.63,7798.91,1983.43,1.05,-22.41,59.15,9.5,9.8,18.25,28.08,0.97,0,0,0,0,0,1
2015,11,-0.61,30.65,900.0,3350.0,7787.83,1899.8,1.09,-29.11,82.51,9.7,9.9,18.25,28.08,0.97,0,0,0,0,0,1
2015,12,-0.61,30.65,742.52,2682.36,8000.0,2023.97,1.04,-40.46,43.84,9.7,9.9,18.25,28.08,0.97,0,0,0,0,0,1
2016,1,-0.61,30.65,584.07,2267.0,7132.62,2005.01,0.96,-53.2,19.32,9.7,9.9,18.25,28.08,0.97,0,0,0,0,0,1
2016,2,-0.61,30.65,750.0,2100.0,7324.49,2007.43,1.0,-28.57,-1.78,9.7,9.9,18.25,28.08,0.97,0,0,0,0,0,1
2016,3,-0.61,30.65,800.0,2425.0,7132.24,2249.89,1.06,-43.86,4.3,9.7,9.9,18.25,28.08,0.97,0,0,0,0,0,1
2016,4,-0.61,30.65,900.0,2500.0,7441.11,2068.66,1.1,-41.94,0.75,9.7,9.9,18.25,28.08,0.97,0,0,0,0,0,1
2016,5,-0.61,30.65,1000.0,2800.0,6648.89,2170.06,1.13,-41.03,9.65,9.7,9.9,18.25,28.08,0.97,0,0,0,0,0,1
2016,6,-0.61,30.65,1075.0,2725.0,6999.03,2270.09,1.13,-20.37,-0.91,9.7,9.9,18.25,28.08,0.97,0,0,0,0,0,1
2016,7,-0.61,30.65,1150.0,2275.0,7478.33,2307.53,1.15,-20.69,-2.15,9.7,9.9,18.25,28.08,0.97,0,0,0,0,0,1
2016,8,-0.61,30.65,1200.0,2500.0,8000.0,2264.37,1.18,-4.26,-3.37,9.7,9.9,18.25,28.08,0.97,0,0,0,0,0,1
2016,9,-0.61,30.65,1300.0,2600.0,8000.0,2179.15,1.19,19.18,-5.17,9.7,9.9,18.25,28.08,0.97,0,0,0,0,0,1
2016,10,-0.61,30.65,1200.0,2500.0,8000.0,2287.45,1.18,23.42,-12.73,9.7,9.9,18.25,28.08,0.97,0,0,0,0,0,1
2016,11,-0.61,30.65,1150.0,2600.0,8000.0,2251.91,1.17,27.78,-22.39,9.7,9.9,18.25,28.08,0.97,0,0,0,0,0,1
2016,12,-0.61,30.65,1200.0,2700.0,8000.0,2233.69,1.2,61.61,0.66,10.0,10.0,18.25,28.08,0.97,0,0,0,0,0,1
2017,1,-0.61,30.65,1250.0,2800.0,8000.0,2230.36,1.24,114.01,23.51,10.0,10.0,18.25,28.08,0.97,0,0,0,0,0,1
2017,2,-0.61,30.65,1300.0,2800.0,8000.0,2207.68,1.28,73.33,33.33,10.0,10.0,18.25,28.08,0.97,0,0,0,0,0,1
2017,3,-0.61,30.65,1400.0,2800.0,8000.0,2164.82,1.31,75.0,15.46,10.0,10.0,18.25,28.08,0.97,0,0,0,0,0,1
2017,4,-0.61,30.65,1500.0,2800.0,8000.0,2329.79,1.35,66.67,12.0,10.0,10.0,18.25,28.08,0.97,0,0,0,0,0,1
2017,5,-0.61,30.65,1575.0,2800.0,8000.0,2500.22,1.35,57.5,0.0,10.0,10.0,18.25,28.08,0.97,0,0,0,0,0,1
2017,6,-0.61,30.65,1425.0,2800.0,8000.0,2444.99,1.35,32.56,2.75,10.0,10.0,18.25,28.08,0.97,0,0,0,0,0,1
2017,7,-0.61,30.65,1525.0,2800.0,8000.0,2553.52,1.39,32.61,23.08,10.0,10.0,18.25,28.08,0.97,0,0,0,0,0,1
2017,8,-0.61,30.65,1350.0,2800.0,8000.0,2478.63,1.36,12.5,12.0,10.0,10.0,18.25,28.08,0.97,0,0,0,0,0,1
2017,9,-0.61,30.65,1275.0,2944.46,8000.0,2422.6,1.37,-1.92,13.25,10.0,10.0,18.25,28.08,0.97,0,0,0,0,0,1
2017,10,-0.61,30.65,1249.95,2710.55,7487.25,2583.72,1.27,4.16,8.42,9.7,9.9,18.25,28.08,0.97,0,0,0,0,0,1
2017,11,-0.61,30.65,1200.0,2500.0,6834.59,2554.44,1.17,4.35,-3.85,9.7,9.9,18.25,28.08,0.97,0,0,0,0,0,1
2017,12,-0.61,30.65,1105.56,2544.66,6338.68,2794.24,1.17,-7.87,-5.75,9.5,9.8,18.25,28.08,0.97,0,0,0,0,0,1
2018,1,-0.61,30.65,1000.0,2500.0,6000.0,2923.67,1.16,-20.0,-10.71,9.5,9.8,18.25,28.08,0.97,0,0,0,0,0,1
2018,2,-0.61,30.65,1000.0,2500.0,6000.0,2696.28,1.14,-23.08,-10.71,9.5,9.8,18.25,28.08,0.97,0,0,0,0,0,1
2018,3,-0.61,30.65,1200.0,2500.0,6000.0,2671.27,1.11,-14.29,-10.71,9.5,9.8,18.25,28.08,0.97,0,0,0,0,0,1
2018,4,-0.61,30.65,1000.0,2550.0,6000.0,2639.45,1.08,-33.33,-8.93,9.5,9.8,18.25,28.08,0.97,0,0,0,0,0,1
2018,5,-0.61,30.65,1000.0,2200.0,6000.0,2626.68,1.04,-36.51,-21.43,9.5,9.8,18.25,28.08,0.97,0,0,0,0,0,1
2018,6,-0.61,30.65,925.0,2300.0,5500.0,2508.99,1.0,-35.09,-17.86,9.5,9.8,18.25,28.08,0.97,0,0,0,0,0,1
2018,7,-0.61,30.65,1014.44,2331.34,5904.42,2396.29,1.04,-33.48,-16.74,9.2,9.6,18.25,28.08,0.97,0,0,0,0,0,1
2018,8,-0.61,30.65,1006.16,2344.07,5897.84,2476.46,1.04,-25.47,-16.28,9.0,9.4,18.25,28.08,0.97,0,0,0,0,0,1
2018,9,-0.61,30.65,954.9,2424.23,5988.16,2210.48,1.02,-25.11,-17.67,8.7,9.2,18.25,28.08,0.97,0,0,0,0,0,1
2018,10,-0.61,30.65,936.0,2325.0,6000.0,2202.46,1.01,-25.12,-14.22,8.9,9.4,18.25,28.08,0.97,0,0,0,0,0,1
2018,11,-0.61,30.65,1000.0,2300.0,6000.0,2124.46,1.0,-16.67,-8.0,8.9,9.4,18.25,28.08,0.97,0,0,0,0,0,1
2018,12,-0.61,30.65,1025.0,2300.0,6000.0,1967.64,1.0,-7.29,-9.61,9.2,9.6,18.25,28.08,0.97,0,0,0,0,0,1
2019,1,-0.61,30.65,1000.0,2300.0,6000.0,2093.14,0.98,0.0,-8.0,9.2,9.6,18.25,28.08,0.97,0,0,0,0,0,1
2019,2,-0.61,30.65,1000.0,2300.0,5732.66,2079.57,0.97,0.0,-8.0,9.2,9.6,18.25,28.08,0.97,0,0,0,0,0,1
2019,3,-0.61,30.65,1000.0,2500.0,5453.5,2123.79,0.97,-16.67,0.0,9.2,9.6,18.25,28.08,0.97,0,0,0,0,0,1
2019,4,-0.61,30.65,1075.0,2800.0,5000.0,2010.02,0.98,7.5,9.8,9.2,9.6,18.25,28.08,0.97,0,0,0,0,0,1
2019,5,-0.61,30.65,1200.0,2650.0,5293.3,2226.93,1.05,20.0,20.45,9.2,9.6,18.25,28.08,0.97,0,0,0,0,0,1
2019,6,-0.61,30.65,1300.0,2545.57,5313.55,2084.53,1.04,40.54,10.68,9.2,9.6,18.25,28.08,0.97,0,0,0,0,0,1
2019,7,-0.61,30.65,1300.0,2800.0,5330.75,2356.22,1.04,28.15,20.1,9.5,9.8,18.25,28.08,0.97,0,0,0,0,0,1
2019,8,-0.61,30.65,1550.0,2950.0,5000.0,2305.0,1.04,54.05,25.85,9.7,9.9,18.25,28.08,0.97,0,0,0,0,0,1
2019,9,-0.61,30.65,1575.0,3000.0,6000.0,2384.08,1.07,64.94,23.75,10.0,10.0,18.25,28.08,0.97,0,0,0,0,0,1
2019,10,-0.61,30.65,1500.0,3000.0,5750.0,2321.3,1.05,60.26,29.03,10.0,10.0,18.25,28.08,0.97,0,0,0,0,0,1
2019,11,-0.61,30.65,1425.0,3200.0,5000.0,2207.93,1.0,42.5,39.13,10.0,10.0,18.25,28.08,0.97,0,0,0,0,0,1
2019,12,-0.61,30.65,1200.0,3200.0,5000.0,2189.94,0.98,17.07,39.13,10.0,10.0,18.25,28.08,0.97,0,0,0,0,0,1
2020,1,-0.61,30.65,1100.0,3200.0,5593.55,2306.93,1.01,10.0,39.13,10.0,10.0,18.25,28.08,0.97,0,0,0,0,0,1
2020,2,-0.61,30.65,1150.0,3400.0,6000.0,2344.76,1.05,15.0,47.83,10.0,10.0,18.25,28.08,0.97,0,0,0,0,0,1
2020,3,-0.61,30.65,1248.44,3633.08,5982.84,2277.91,1.09,24.84,45.32,9.7,9.9,18.25,28.08,0.97,0,0,0,0,0,1
2020,4,-0.61,30.65,1450.0,4083.33,5750.0,2205.53,1.15,34.88,45.83,9.7,9.9,18.25,28.08,0.97,0,0,0,0,0,1
2020,5,-0.61,30.65,1258.33,4250.0,6875.0,2246.22,1.17,4.86,60.38,9.7,9.9,18.25,28.08,0.97,0,0,0,0,0,1
2020,6,-0.61,30.65,1200.0,3380.0,6555.0,1909.79,1.13,-7.69,32.78,9.7,9.9,18.25,28.08,0.97,0,0,0,0,0,1
2020,7,-0.61,30.65,1200.0,3638.0,6500.0,1967.32,1.13,-7.69,29.93,9.7,9.9,18.25,28.08,0.97,0,0,0,0,0,1
2020,8,-0.61,30.65,1200.0,3466.0,6500.0,1967.05,1.1,-22.58,17.49,9.7,9.9,18.25,28.08,0.97,0,0,0,0,0,1
2020,9,-0.61,30.65,1000.0,3800.0,6500.0,1855.73,1.06,-36.51,26.67,9.7,9.9,18.25,28.08,0.97,0,0,0,0,0,1
2020,10,-0.61,30.65,1000.0,3500.0,6830.89,1943.19,1.05,-33.33,16.67,9.7,9.9,18.25,28.08,0.97,0,0,0,0,0,1
2020,11,-0.61,30.65,1100.0,3400.0,6396.8,1984.68,1.09,-22.81,6.25,9.7,9.9,18.25,28.08,0.97,0,0,0,0,0,1
2020,12,-0.61,30.65,1100.0,3500.0,6000.0,1926.87,1.07,-8.33,9.37,9.7,9.9,18.25,28.08,0.97,0,0,0,0,0,1
2021,1,-0.61,30.65,900.2,3208.0,6200.0,1891.07,1.01,-18.16,0.25,9.7,9.9,18.25,28.08,0.97,0,0,0,0,0,1
2021,2,-0.61,30.65,742.41,3140.99,6405.57,1908.54,1.0,-35.44,-7.62,9.4,9.7,18.25,28.08,0.97,0,0,0,0,0,1
2021,3,-0.61,30.65,714.77,2946.98,6678.93,1905.69,0.98,-42.75,-18.88,9.4,9.7,18.25,28.08,0.97,0,0,0,0,0,1
2021,4,-0.61,30.65,678.87,3000.0,6500.0,1897.32,0.93,-53.18,-26.53,9.4,9.7,18.25,28.08,0.97,0,0,0,0,0,1
2021,5,-0.61,30.65,650.0,2500.0,7000.0,1895.4,0.91,-48.34,-41.18,9.4,9.7,18.25,28.08,0.97,0,0,0,0,0,1
2021,6,-0.61,30.65,1000.0,2500.0,8000.0,1954.54,1.02,-16.67,-26.04,9.5,9.7,18.25,28.08,0.97,0,0,0,0,0,1
2021,7,-0.61,30.65,1000.0,3000.0,8000.0,1916.1,1.04,-16.67,-17.54,9.5,9.7,18.25,28.08,0.97,0,0,0,0,0,1
2021,8,-0.61,30.65,800.0,2369.0,7950.0,1867.97,0.98,-33.33,-31.65,9.5,9.7,18.25,28.08,0.97,0,0,0,0,0,1
2021,9,-0.61,30.65,1125.0,2375.0,7857.0,1922.89,1.01,12.5,-37.5,9.5,9.7,18.25,28.08,0.97,0,0,0,0,0,1
2021,10,-0.61,30.65,1000.0,2453.0,8000.0,1860.72,1.05,0.0,-29.91,9.5,9.8,18.25,28.08,0.97,0,0,0,0,0,1
2021,11,-0.61,30.65,1183.0,2383.0,8181.96,1770.67,1.02,7.55,-29.91,9.5,9.8,18.25,28.08,0.97,0,0,0,0,0,1
2021,12,-0.61,30.65,1200.0,2450.0,8000.0,1827.99,1.01,9.09,-30.0,9.5,9.8,18.25,28.08,0.97,0,0,0,0,0,1
2022,1,-0.61,30.65,1322.14,2745.85,9107.52,1786.54,1.13,46.87,-14.41,9.2,9.6,18.25,28.08,0.97,0,0,0,0,0,1
2022,2,-0.61,30.65,1500.0,3000.0,10000.0,1900.83,1.23,102.05,-4.49,9.5,9.8,18.25,28.08,0.97,0,0,0,0,0,1
2022,3,-0.61,30.65,1375.0,3000.0,10000.0,1763.19,1.24,92.37,1.8,9.7,9.9,18.25,28.08,0.97,0,0,0,0,0,1
2022,4,-0.61,30.65,1600.0,3500.0,10000.0,1840.68,1.3,135.69,16.67,9.7,9.9,18.25,28.08,0.97,0,0,0,0,0,1
2022,5,-0.61,30.65,1957.0,3714.0,10429.0,1681.53,1.35,201.08,48.56,9.7,9.9,18.25,28.08,0.97,0,0,0,0,0,1
2022,6,-0.61,30.65,2071.0,3643.0,10286.0,1629.41,1.36,107.1,45.72,9.7,9.9,18.25,28.08,0.97,0,0,0,0,0,1
2022,7,-0.61,30.65,2500.0,4000.0,10000.0,1632.16,1.46,150.0,33.33,9.7,9.9,18.25,28.08,0.97,0,0,0,0,0,1
2022,8,-0.61,30.65,2500.0,4250.0,10000.0,1701.35,1.45,212.5,79.4,9.7,9.9,18.25,28.08,0.97,0,0,0,0,0,1
2022,9,-0.61,30.65,2500.0,4500.0,10000.0,1515.68,1.46,122.22,89.47,9.7,9.9,18.25,28.08,0.97,0,0,0,0,0,1
2022,10,-0.61,30.65,2500.0,4300.0,10000.0,1370.17,1.47,150.0,75.3,9.7,9.9,18.25,28.08,0.97,0,0,0,0,0,1
2022,11,-0.61,30.65,2500.0,4000.0,10000.0,1352.82,1.48,111.33,67.86,9.7,9.9,18.25,28.08,0.97,0,0,0,0,0,1
2022,12,-0.61,30.65,2500.0,4000.0,10000.0,1343.74,1.47,108.33,63.27,9.7,9.9,18.25,28.08,0.97,0,0,0,0,0,1
2023,1,-0.61,30.65,2500.0,4500.0,9750.0,1337.44,1.47,89.09,63.88,10.0,10.0,18.25,28.08,0.97,0,0,0,0,0,1
2023,2,-0.61,30.65,2500.0,4666.67,8333.33,1490.07,1.39,66.67,55.56,10.0,10.0,18.25,28.08,0.97,0,0,0,0,0,1
2023,3,-0.61,30.65,2500.0,4500.0,8000.0,1324.76,1.37,81.82,50.0,10.0,10.0,18.25,28.08,0.97,0,0,0,0,0,1
2023,4,-0.61,30.65,2500.0,4500.0,8000.0,1396.28,1.39,56.25,28.57,10.0,10.0,18.25,28.08,0.97,0,0,0,0,0,1
2023,5,-0.61,30.65,2500.0,5125.0,8000.0,1305.11,1.42,27.75,37.99,10.0,10.0,18.25,28.08,0.97,0,0,0,0,0,1
2023,6,-0.61,30.65,2500.0,5500.0,8000.0,1365.71,1.44,20.71,50.97,10.0,10.0,18.25,28.08,0.97,0,0,0,0,0,1
2023,7,-0.61,30.65,2500.0,5250.0,8000.0,1342.41,1.43,0.0,31.25,10.0,10.0,18.25,28.08,0.97,0,0,0,0,0,1
2023,8,-0.61,30.65,2500.0,5000.0,8000.0,1329.9,1.42,0.0,17.65,10.0,10.0,18.25,28.08,0.97,0,0,0,0,0,1
2023,9,-0.61,30.65,2500.0,5000.0,8000.0,1308.75,1.41,0.0,11.11,10.0,10.0,18.25,28.08,0.97,0,0,0,0,0,1
2023,10,-0.61,30.65,2500.0,5000.0,7600.0,1294.36,1.4,0.0,16.28,10.0,10.0,18.25,28.08,0.97,0,0,0,0,0,1
2023,11,-0.61,30.65,2500.0,4700.0,7000.0,1281.66,1.36,0.0,17.5,10.0,10.0,18.25,28.08,0.97,0,0,0,0,0,1
2023,12,-0.61,30.65,2482.11,4500.0,7000.0,1252.28,1.35,-0.72,12.5,10.0,10.0,18.25,28.08,0.97,0,0,0,0,0,1
2024,1,-0.61,30.65,2331.78,4125.0,7000.0,1270.01,1.3,-6.73,-8.33,10.0,10.0,18.25,28.08,0.97,0,0,0,0,0,1
2024,2,-0.61,30.65,2000.0,4000.0,7000.0,1316.19,1.24,-20.0,-14.29,10.0,10.0,18.25,28.08,0.97,0,0,0,0,0,1
2024,3,-0.61,30.65,2000.0,4000.0,7000.0,1290.88,1.24,-20.0,-11.11,10.0,10.0,18.25,28.08,0.97,0,0,0,0,0,1
2024,4,-0.61,30.65,2000.0,4000.0,7250.0,1367.5,1.25,-20.0,-11.11,10.0,10.0,18.25,28.08,0.97,0,0,0,0,0,1
2024,5,-0.61,30.65,2000.0,4000.0,8000.0,1310.49,1.27,-20.0,-21.95,10.0,10.0,18.25,28.08,0.97,0,0,0,0,0,1
2024,6,-0.61,30.65,2000.0,4000.0,8000.0,1303.62,1.27,-20.0,-27.27,10.0,10.0,18.25,28.08,0.97,0,0,0,0,0,1
2024,7,-0.61,30.65,1500.0,4000.0,8000.0,1423.03,1.23,-40.0,-23.81,10.0,10.0,18.25,28.08,0.97,0,0,0,0,0,1
2024,8,-0.61,30.65,1500.0,4278.0,8000.0,1433.44,1.26,-40.0,-14.44,10.0,10.0,18.25,28.08,0.97,0,0,0,0,0,1
2024,9,-0.61,30.65,1500.0,4875.0,8000.0,1452.72,1.31,-40.0,-2.5,10.0,10.0,18.25,28.08,0.97,0,0,0,0,0,1
2024,10,-0.61,30.65,1500.0,5000.0,8000.0,1393.98,1.31,-40.0,0.0,10.0,10.0,18.25,28.08,0.97,0,0,0,0,0,1
2024,11,-0.61,30.65,1500.0,5000.0,8003.81,1464.85,1.3,-40.0,6.38,10.0,10.0,18.25,28.08,0.97,0,0,0,0,0,1
2024,12,-0.61,30.65,1500.0,5000.0,8000.0,1539.56,1.3,-39.57,11.11,10.0,10.0,18.25,28.08,0.97,0,0,0,0,0,1
2025,1,-0.61,30.65,1500.0,5000.0,8000.0,1559.45,1.32,-35.67,21.21,10.0,10.0,18.25,28.08,0.97,0,0,0,0,0,1
2025,2,-0.61,30.65,1500.0,5000.0,8000.0,1616.82,1.31,-25.0,25.0,10.0,10.0,18.25,28.08,0.97,0,0,0,0,0,1
2025,3,-0.61,30.65,1522.0,5072.0,8115.0,1506.97,1.33,-23.9,26.8,10.0,10.0,18.25,28.08,0.97,0,0,0,0,0,1
2025,4,-0.61,30.65,1676.44,5229.0,8367.0,1562.33,1.37,-16.18,30.72,10.0,10.0,18.25,28.08,0.97,0,0,0,0,0,1
2025,5,-0.61,30.65,2006.29,5125.0,8500.0,1590.78,1.46,0.31,28.13,10.0,10.0,18.25,28.08,0.97,0,0,0,0,0,1
2025,6,-0.61,30.65,2335.78,4413.07,8000.0,1701.84,1.48,16.79,10.33,10.0,10.0,18.25,28.08,0.97,0,0,0,0,0,1
2025,7,-0.61,30.65,2500.0,3500.0,8000.0,1630.09,1.4,66.67,-12.5,10.0,10.0,18.25,28.08,0.97,0,0,0,0,0,1
2025,8,-0.61,30.65,2500.0,3833.0,8333.0,1658.8,1.45,66.67,-10.4,10.0,10.0,18.25,28.08,0.97,0,0,0,0,0,1
2025,9,-0.61,30.65,2500.0,4000.0,8500.0,1791.96,1.46,66.67,-17.95,10.0,10.0,18.25,28.08,0.97,0,0,0,0,0,1
2025,10,-0.61,30.65,2500.0,4000.0,8249.64,1648.55,1.44,66.67,-20.0,10.0,10.0,18.25,28.08,0.97,0,0,0,0,0,1
2025,11,-0.61,30.65,2500.0,3500.0,8139.33,1628.04,1.4,66.67,-30.0,10.0,10.0,18.25,28.08,0.97,0,0,0,0,0,1
2025,12,-0.61,30.65,2467.0,3416.66,8056.0,1794.18,1.39,64.47,-31.67,10.0,9.9,18.25,28.08,0.97,0,0,0,0,0,1
2026,1,-0.61,30.65,1631.82,3078.0,8000.0,1975.94,1.32,8.79,-38.44,10.0,9.9,18.25,28.08,0.97,0,0,0,0,0,1
2026,2,-0.61,30.65,1571.55,3078.0,8000.0,1686.65,1.32,4.77,-38.44,10.0,9.9,18.25,28.08,0.97,0,0,0,0,0,1
2026,3,-0.61,30.65,1904.67,3325.0,8000.0,1780.97,1.36,25.14,-34.44,10.0,9.9,18.25,28.08,0.97,0,0,0,0,0,1
2026,4,-0.61,30.65,2168.92,3604.0,8000.0,1916.36,1.39,29.38,-31.08,10.0,9.9,18.25,28.08,0.97,0,0,0,0,0,1
2026,5,-0.61,30.65,2272.79,4097.88,8947.15,1943.69,1.46,13.28,-20.04,9.7,9.8,18.25,28.08,0.97,0,0,0,0,0,1
2026,6,-0.61,30.65,2106.18,3909.64,8675.4,2053.13,1.42,-9.83,-11.41,9.4,9.6,18.25,28.08,0.97,0,0,0,0,0,1
2026,7,-0.61,30.65,2128.96,3809.38,8455.45,1900.81,1.41,-14.84,8.84,9.2,9.3,18.25,28.08,0.97,0,0,0,0,0,1
2026,8,-0.61,30.65,2140.0,3879.7,8529.17,1940.21,1.41,-14.4,1.22,8.9,9.1,18.25,28.08,0.97,0,0,0,0,0,1
2007,1,,,550.98,1214.02,3444.21,951.78,0.46,,,6.1,6.5,18.25,28.08,0.97,0,0,0,0,1,0
2007,2,,,538.66,1273.34,3388.82,948.41,0.46,,,6.1,6.5,18.25,28.08,0.97,0,0,0,0,1,0
2007,3,,,576.57,1331.15,3425.12,1001.33,0.46,,,6.1,6.5,18.25,28.08,0.97,0,0,0,0,1,0
2007,4,,,578.19,1382.55,3490.13,1001.4,0.47,,,6.1,6.5,18.25,28.08,0.97,0,0,0,0,1,0
2007,5,,,589.62,1444.66,3513.28,1032.05,0.48,,,6.1,6.5,18.25,28.08,0.97,0,0,0,0,1,0
2007,6,,,552.27,1316.36,3458.98,999.0,0.46,,,6.1,6.5,18.25,28.08,0.97,0,0,0,0,1,0
2007,7,,,576.8,1303.75,3496.93,972.48,0.46,,,6.1,6.5,18.25,28.08,0.97,0,0,0,0,1,0
2007,8,,,554.77,1299.65,3564.87,1000.86,0.47,,,6.1,6.5,18.25,28.08,0.97,0,0,0,0,1,0
2007,9,,,554.97,1354.86,3609.97,1019.93,0.48,,,6.1,6.5,18.25,28.08,0.97,0,0,0,0,1,0
2007,10,,,538.68,1328.1,3587.85,1010.45,0.47,,,6.1,6.5,18.25,28.08,0.97,0,0,0,0,1,0
2007,11,,,572.44,1272.2,3574.37,992.19,0.48,,,6.1,6.5,18.25,28.08,0.97,0,0,0,0,1,0
2007,12,,,566.21,1245.0,3522.74,968.94,0.47,,,6.1,6.5,18.25,28.08,0.97,0,0,0,0,1,0
2008,1,,,622.99,1369.82,3534.23,990.68,0.49,13.07,12.83,6.1,6.6,18.25,28.08,0.97,0,0,0,0,1,0
2008,2,,,603.16,1413.09,3507.73,985.93,0.48,11.97,10.98,6.1,6.6,18.25,28.08,0.97,0,0,0,0,1,0
2008,3,,,663.82,1485.52,3609.8,1002.96,0.49,15.13,11.6,6.1,6.7,18.25,28.08,0.97,0,0,0,0,1,0
2008,4,,,668.85,1587.84,3604.72,1021.9,0.51,15.68,14.85,6.1,6.7,18.25,28.08,0.97,0,0,0,0,1,0
2008,5,,,687.83,1661.98,3721.85,1061.48,0.51,16.66,15.04,6.1,6.8,18.25,28.08,0.97,0,0,0,0,1,0
2008,6,,,634.67,1490.39,3613.6,1007.46,0.5,14.92,13.22,6.1,6.8,18.25,28.08,0.97,0,0,0,0,1,0
2008,7,,,671.53,1563.67,3584.47,1024.4,0.5,16.42,19.94,6.2,6.9,18.25,28.08,0.97,0,0,0,0,1,0
2008,8,,,647.43,1600.87,3713.73,1053.79,0.51,16.7,23.18,6.2,7.0,18.25,28.08,0.97,0,0,0,0,1,0
2008,9,,,654.23,1906.11,3746.25,1143.41,0.54,17.88,40.69,6.2,7.0,18.25,28.08,0.97,0,0,0,0,1,0
2008,10,,,654.24,1985.37,3781.91,1206.83,0.54,21.45,49.49,6.2,7.1,18.25,28.08,0.97,0,0,0,0,1,0
2008,11,,,701.7,1836.06,4073.38,1196.73,0.57,22.58,44.32,6.2,7.1,18.25,28.08,0.97,0,0,0,0,1,0
2008,12,,,694.01,1787.64,4156.52,1197.41,0.56,22.57,43.59,6.2,7.2,18.25,28.08,0.97,0,0,0,0,1,0
2009,1,,,739.09,1971.33,4125.88,1186.11,0.58,18.64,43.91,6.2,7.2,18.25,28.08,0.97,0,0,0,0,1,0
2009,2,,,663.5,2023.27,4049.35,1237.85,0.57,10.0,43.18,6.2,7.2,18.25,28.08,0.97,0,0,0,0,1,0
2009,3,,,794.25,1976.15,4257.8,1250.13,0.58,19.65,33.03,6.2,7.2,18.25,28.08,0.97,0,0,0,0,1,0
2009,4,,,730.55,1897.38,4566.66,1305.39,0.61,9.22,19.49,6.2,7.2,18.25,28.08,0.97,0,0,0,0,1,0
2009,5,,,834.8,2269.42,5086.86,1408.96,0.67,21.37,36.55,6.2,7.2,18.25,28.08,0.97,0,0,0,0,1,0
2009,6,,,897.3,2371.89,5081.82,1384.17,0.68,41.38,59.15,6.2,7.2,18.25,28.08,0.97,0,0,0,0,1,0
2009,7,,,769.46,1931.01,4815.73,1368.63,0.66,14.58,23.49,6.2,7.2,18.25,28.08,0.97,0,0,0,0,1,0
2009,8,,,725.45,2165.75,4867.57,1398.68,0.66,12.05,35.29,6.2,7.2,18.25,28.08,0.97,0,0,0,0,1,0
2009,9,,,736.34,2444.75,4728.0,1463.46,0.66,12.55,28.26,6.2,7.2,18.25,28.08,0.97,0,0,0,0,1,0
2009,10,,,743.37,2203.68,4605.4,1339.78,0.64,13.62,11.0,6.2,7.2,18.25,28.08,0.97,0,0,0,0,1,0
2009,11,,,784.12,2054.87,4558.22,1291.0,0.63,11.75,11.92,6.2,7.2,18.25,28.08,0.97,0,0,0,0,1,0
2009,12,,,704.59,1754.13,4572.26,1237.04,0.62,1.53,-1.87,6.2,7.2,18.25,28.08,0.97,0,0,0,0,1,0
2010,1,,,756.54,1885.06,4570.85,1219.48,0.64,2.36,-4.38,6.3,7.2,18.25,28.08,0.97,0,0,0,0,1,0
2010,2,,,673.78,1947.77,4361.98,1207.88,0.61,1.55,-3.73,6.4,7.2,18.25,28.08,0.97,0,0,0,0,1,0
2010,3,,,795.39,1928.04,4550.62,1240.62,0.62,0.14,-2.43,6.6,7.3,18.25,28.08,0.97,0,0,0,0,1,0
2010,4,,,776.11,2014.08,4298.8,1237.06,0.6,6.24,6.15,6.7,7.3,18.25,28.08,0.97,0,0,0,0,1,0
2010,5,,,859.82,2344.58,4242.05,1334.61,0.62,3.0,3.31,6.8,7.3,18.25,28.08,0.97,0,0,0,0,1,0
2010,6,,,870.46,2289.72,4160.6,1290.12,0.6,-2.99,-3.46,7.0,7.4,18.25,28.08,0.97,0,0,0,0,1,0
2010,7,,,699.74,1777.14,3976.09,1238.83,0.56,-9.06,-7.97,7.1,7.4,18.25,28.08,0.97,0,0,0,0,1,0
2010,8,,,603.53,1937.6,3777.34,1274.73,0.55,-16.81,-10.53,7.2,7.4,18.25,28.08,0.97,0,0,0,0,1,0
2010,9,,,523.81,1896.69,3818.08,1327.37,0.54,-28.86,-22.42,7.4,7.5,18.25,28.08,0.97,0,0,0,0,1,0
2010,10,,,580.26,1837.21,3827.69,1287.66,0.54,-21.94,-16.63,7.5,7.5,18.25,28.08,0.97,0,0,0,0,1,0
2010,11,,,656.73,1732.0,4024.3,1253.74,0.55,-16.25,-15.71,7.7,7.6,18.25,28.08,0.97,0,0,0,0,1,0
2010,12,,,606.0,1690.27,4024.23,1247.68,0.55,-13.99,-3.64,7.8,7.6,18.25,28.08,0.97,0,0,0,0,1,0
2011,1,,,750.24,2074.8,4095.02,1241.66,0.58,-0.83,10.06,7.8,7.6,18.25,28.08,0.97,0,0,0,0,1,0
2011,2,,,700.76,2256.84,4014.45,1277.31,0.59,4.0,15.87,7.8,7.6,18.25,28.08,0.97,0,0,0,0,1,0
2011,3,,,911.21,2444.14,4347.65,1364.48,0.65,14.56,26.77,7.8,7.6,18.25,28.08,0.97,0,0,0,0,1,0
2011,4,,,887.29,2217.32,4486.17,1390.28,0.67,14.32,10.09,7.8,7.6,18.25,28.08,0.97,0,0,0,0,1,0
2011,5,,,960.63,2520.01,4756.18,1395.83,0.72,11.72,7.48,7.8,7.7,18.25,28.08,0.97,0,0,0,0,1,0
2011,6,,,1024.95,2533.55,4545.4,1338.61,0.7,17.75,10.65,7.7,7.7,18.25,28.08,0.97,0,0,0,0,1,0
2011,7,,,926.66,2044.38,4808.21,1353.3,0.69,32.43,15.04,7.8,7.8,18.25,28.08,0.97,0,0,0,0,1,0
2011,8,,,883.58,2134.29,4844.03,1367.98,0.7,46.4,10.15,7.8,7.8,18.25,28.08,0.97,0,0,0,0,1,0
2011,9,,,728.3,1891.11,4627.34,1343.12,0.67,39.04,-0.29,7.8,7.9,18.25,28.08,0.97,0,0,0,0,1,0
2011,10,,,746.06,1724.57,4459.92,1270.0,0.65,28.57,-6.13,7.8,8.0,18.25,28.08,0.97,0,0,0,0,1,0
2011,11,,,789.28,1745.17,4667.46,1218.68,0.68,20.18,0.76,7.8,8.1,18.25,28.08,0.97,0,0,0,0,1,0
2011,12,,,793.45,1869.14,4766.66,1266.14,0.68,30.93,10.58,7.8,8.1,18.25,28.08,0.97,0,0,0,0,1,0
2012,1,,,782.98,1921.23,4719.67,1231.86,0.68,4.36,-7.4,7.8,8.2,18.25,28.08,0.97,0,0,0,0,1,0
2012,2,,,699.85,2065.45,4591.75,1261.82,0.68,-0.13,-8.48,7.9,8.3,18.25,28.08,0.97,0,0,0,0,1,0
2012,3,,,857.68,2158.39,4817.35,1340.03,0.69,-5.87,-11.69,7.9,8.4,18.25,28.08,0.97,0,0,0,0,1,0
2012,4,,,956.44,2402.13,5193.57,1488.41,0.76,7.79,8.33,7.9,8.4,18.25,28.08,0.97,0,0,0,0,1,0
2012,5,,,1026.16,2651.91,5347.62,1629.43,0.82,6.82,5.23,7.9,8.4,18.25,28.08,0.97,0,0,0,0,1,0
2012,6,,,979.35,2628.76,5687.27,1506.99,0.83,-4.45,3.76,7.9,8.4,18.25,28.08,0.97,0,0,0,0,1,0
2012,7,,,961.38,2347.23,5781.01,1469.9,0.81,3.75,14.81,7.9,8.4,18.25,28.08,0.97,0,0,0,0,1,0
2012,8,,,798.06,2100.6,5798.97,1423.58,0.79,-9.68,-1.58,7.9,8.4,18.25,28.08,0.97,0,0,0,0,1,0
2012,9,,,726.89,2100.16,5450.42,1410.65,0.75,-0.19,11.05,7.9,8.4,18.25,28.08,0.97,0,0,0,0,1,0
2012,10,,,753.93,1978.81,5387.82,1373.53,0.74,1.05,14.74,7.9,8.4,18.25,28.08,0.97,0,0,0,0,1,0
2012,11,,,828.38,1964.07,5238.85,1354.39,0.73,4.95,12.54,7.9,8.4,18.25,28.08,0.97,0,0,0,0,1,0
2012,12,,,880.31,2105.57,5267.13,1389.01,0.75,10.95,12.65,7.9,8.5,18.25,28.08,0.97,0,0,0,0,1,0
2013,1,,,870.47,2203.35,5207.48,1377.14,0.74,11.17,14.68,7.9,8.5,18.25,28.08,0.97,0,0,0,0,1,0
2013,2,,,829.06,2273.83,5318.32,1478.6,0.76,18.46,10.09,7.9,8.5,18.25,28.08,0.97,0,0,0,0,1,0
2013,3,,,963.61,2461.81,4946.18,1496.33,0.76,12.35,14.06,7.9,8.5,18.25,28.08,0.97,0,0,0,0,1,0
2013,4,,,932.17,2400.23,5172.05,1501.83,0.78,-2.54,-0.08,7.9,8.5,18.25,28.08,0.97,0,0,0,0,1,0
2013,5,,,942.87,2585.19,5439.15,1629.14,0.79,-8.12,-2.52,7.9,8.5,18.25,28.08,0.97,0,0,0,0,1,0
2013,6,,,956.8,2432.66,5030.45,1540.77,0.77,-2.3,-7.46,7.9,8.5,18.25,28.08,0.97,0,0,0,0,1,0
2013,7,,,999.4,2581.12,4935.12,1465.88,0.75,3.95,9.96,7.9,8.5,18.25,28.08,0.97,0,0,0,0,1,0
2013,8,,,839.29,2621.42,4915.03,1535.52,0.76,5.17,24.79,7.9,8.5,18.25,28.08,0.97,0,0,0,0,1,0
2013,9,,,840.49,2771.7,5106.05,1622.98,0.79,15.63,31.98,7.9,8.5,18.25,28.08,0.97,0,0,0,0,1,0
2013,10,,,866.85,2430.82,5069.62,1523.61,0.78,14.98,22.84,7.9,8.5,18.25,28.08,0.97,0,0,0,0,1,0
2013,11,,,863.09,2137.55,5592.29,1420.6,0.77,4.19,8.83,7.9,8.5,18.25,28.08,0.97,0,0,0,0,1,0
2013,12,,,872.47,2192.26,5434.11,1408.97,0.78,-0.89,4.12,7.9,8.5,18.25,28.08,0.97,0,0,0,0,1,0
2014,1,,,887.15,2406.85,5459.52,1455.98,0.78,1.92,9.24,7.9,8.5,18.25,28.08,0.97,0,0,0,0,1,0
2014,2,,,858.23,2513.93,5210.86,1487.84,0.76,3.52,10.56,7.9,8.4,18.25,28.08,0.97,0,0,0,0,1,0
2014,3,,,921.6,2455.66,5089.78,1540.43,0.77,-4.36,-0.25,7.9,8.4,18.25,28.08,0.97,0,0,0,0,1,0
2014,4,,,944.07,2498.64,5380.31,1553.22,0.8,1.28,4.1,7.9,8.4,18.25,28.08,0.97,0,0,0,0,1,0
2014,5,,,951.42,2545.74,5540.37,1599.08,0.83,0.91,-1.53,7.9,8.4,18.25,28.08,0.97,0,0,0,0,1,0
2014,6,,,980.6,2505.27,5712.48,1577.24,0.82,2.49,2.99,7.9,8.4,18.25,28.08,0.97,0,0,0,0,1,0
2014,7,,,944.77,2235.85,5758.98,1438.83,0.79,-5.47,-13.38,7.9,8.4,18.25,28.08,0.97,0,0,0,0,1,0
2014,8,,,761.76,2062.46,5791.81,1436.41,0.78,-9.24,-21.32,7.9,8.4,18.25,28.08,0.97,0,0,0,0,1,0
2014,9,,,713.8,2118.76,5577.13,1461.88,0.77,-15.07,-23.56,7.8,8.4,18.25,28.08,0.97,0,0,0,0,1,0
2014,10,,,722.22,1998.0,5621.11,1452.09,0.77,-16.68,-17.81,7.8,8.3,18.25,28.08,0.97,0,0,0,0,1,0
2014,11,,,698.06,1809.71,5320.8,1411.52,0.76,-19.12,-15.34,7.8,8.3,18.25,28.08,0.97,0,0,0,0,1,0
2014,12,,,729.96,1860.2,5359.13,1401.38,0.76,-16.33,-15.15,7.7,8.3,18.25,28.08,0.97,0,0,0,0,1,0
2015,1,,,682.81,1982.66,5232.22,1555.46,0.78,-23.03,-17.62,7.7,8.2,18.25,28.08,0.97,0,0,0,0,1,0
2015,2,,,925.85,2472.68,5356.43,1678.82,0.81,7.88,-1.64,7.7,8.2,18.25,28.08,0.97,0,0,0,0,1,0
2015,3,,,925.64,2412.21,5193.05,1685.49,0.82,0.44,-1.77,7.6,8.1,18.25,28.08,0.97,0,0,0,0,1,0
2015,4,,,1091.7,2510.47,5347.83,1742.67,0.86,15.64,0.47,7.6,8.1,18.25,28.08,0.97,0,0,0,0,1,0
2015,5,,,1241.35,2681.25,5530.2,1692.6,0.87,30.47,5.32,7.6,8.1,18.25,28.08,0.97,0,0,0,0,1,0
2015,6,,,1180.81,2719.56,5258.02,1702.78,0.88,20.42,8.55,7.6,8.1,18.25,28.08,0.97,0,0,0,0,1,0
2015,7,,,1093.83,2399.76,5637.65,1632.93,0.86,15.78,7.33,7.6,8.1,18.25,28.08,0.97,0,0,0,0,1,0
2015,8,,,1092.1,2501.08,5679.92,1642.06,0.86,43.37,21.27,7.6,8.1,18.25,28.08,0.97,0,0,0,0,1,0
2015,9,,,1051.17,2435.64,5413.07,1715.94,0.85,47.26,14.96,7.6,8.1,18.25,28.08,0.97,0,0,0,0,1,0
2015,10,,,1122.33,2829.09,5665.56,1738.04,0.86,55.4,41.6,7.7,8.1,18.25,28.08,0.97,0,0,0,0,1,0
2015,11,,,1224.0,2772.54,5748.46,1726.72,0.88,75.34,53.2,7.7,8.2,18.25,28.08,0.97,0,0,0,0,1,0
2015,12,,,1216.9,2627.27,5612.26,1711.75,0.89,66.71,41.24,7.8,8.2,18.25,28.08,0.97,0,0,0,0,1,0
2016,1,,,1072.46,2614.64,5722.61,1710.21,0.87,57.07,31.88,7.8,8.3,18.25,28.08,0.97,0,0,0,0,1,0
2016,2,,,1110.95,2737.86,5827.2,1752.67,0.89,19.99,10.72,7.8,8.3,18.25,28.08,0.97,0,0,0,0,1,0
2016,3,,,1092.83,2427.81,5978.29,1736.6,0.9,18.06,0.65,7.8,8.3,18.25,28.08,0.97,0,0,0,0,1,0
2016,4,,,1225.46,2853.88,5627.36,1772.07,0.92,12.25,13.68,7.8,8.3,18.25,28.08,0.97,0,0,0,0,1,0
2016,5,,,1374.2,2920.29,6101.0,1810.33,0.91,10.7,8.92,7.8,8.3,18.25,28.08,0.97,0,0,0,0,1,0
2016,6,,,1186.17,2725.26,5756.3,1705.03,0.92,0.45,0.21,7.7,8.3,18.25,28.08,0.97,0,0,0,0,1,0
2016,7,,,1112.2,2484.67,5969.58,1685.53,0.93,1.68,3.54,7.7,8.3,18.25,28.08,0.97,0,0,0,0,1,0
2016,8,,,1144.03,2657.95,5588.02,1692.48,0.92,4.76,6.27,7.7,8.3,18.25,28.08,0.97,0,0,0,0,1,0
2016,9,,,1073.61,2544.8,5748.94,1717.48,0.92,2.13,4.48,7.7,8.3,18.25,28.08,0.97,0,0,0,0,1,0
2016,10,,,1156.03,2766.5,5573.46,1722.48,0.92,3.0,-2.21,7.7,8.3,18.25,28.08,0.97,0,0,0,0,1,0
2016,11,,,1201.0,2548.57,5732.24,1737.7,0.92,-1.88,-8.08,7.7,8.3,18.25,28.08,0.97,0,0,0,0,1,0
2016,12,,,1324.1,2701.85,6062.86,1742.64,0.95,8.81,2.84,7.7,8.3,18.25,28.08,0.97,0,0,0,0,1,0
2017,1,,,1253.12,2767.99,6351.73,1809.69,0.96,16.85,5.86,7.7,8.3,18.25,28.08,0.97,0,0,0,0,1,0
2017,2,,,1316.57,2952.83,6359.77,1868.37,0.99,18.51,7.85,7.7,8.3,18.25,28.08,0.97,0,0,0,0,1,0
2017,3,,,1341.32,2801.19,6476.28,1819.11,1.01,22.74,15.38,7.7,8.3,18.25,28.08,0.97,0,0,0,0,1,0
2017,4,,,1571.1,3535.95,6597.79,1882.42,1.12,28.2,23.9,7.7,8.3,18.25,28.08,0.97,0,0,0,0,1,0
2017,5,,,1728.52,2967.72,6411.14,1812.03,1.13,25.78,1.62,7.7,8.3,18.25,28.08,0.97,0,0,0,0,1,0
2017,6,,,1594.09,2836.69,6240.97,1732.43,1.08,34.39,4.09,7.7,8.3,18.25,28.08,0.97,0,0,0,0,1,0
2017,7,,,1533.72,2654.23,6378.76,1724.55,1.08,37.9,6.82,7.7,8.3,18.25,28.08,0.97,0,0,0,0,1,0
2017,8,,,1391.11,2607.24,7032.6,1792.51,1.04,21.6,-1.91,7.7,8.3,18.25,28.08,0.97,0,0,0,0,1,0
2017,9,,,1162.98,2460.2,6312.88,1782.24,1.03,8.32,-3.32,7.7,8.3,18.25,28.08,0.97,0,0,0,0,1,0
2017,10,,,1181.23,2768.96,6382.72,1786.72,1.03,2.18,0.09,7.6,8.2,18.25,28.08,0.97,0,0,0,0,1,0
2017,11,,,1168.7,2620.33,6205.34,1710.47,0.98,-2.69,2.82,7.6,8.2,18.25,28.08,0.97,0,0,0,0,1,0
2017,12,,,1280.94,2726.71,6374.67,1730.55,1.01,-3.26,0.92,7.6,8.2,18.25,28.08,0.97,0,0,0,0,1,0
2018,1,,,1214.0,2664.21,6203.93,1801.49,1.0,-3.12,-3.75,7.6,8.2,18.25,28.08,0.97,0,0,0,0,1,0
2018,2,,,1221.28,2658.1,6098.56,1754.94,0.98,-7.24,-9.98,7.6,8.2,18.25,28.08,0.97,0,0,0,0,1,0
2018,3,,,1170.92,2514.66,5915.64,1788.16,0.98,-12.7,-10.23,7.6,8.2,18.25,28.08,0.97,0,0,0,0,1,0
2018,4,,,1266.86,2762.03,6009.64,1815.06,0.97,-19.36,-21.89,7.6,8.2,18.25,28.08,0.97,0,0,0,0,1,0
2018,5,,,1294.2,2750.27,5785.99,1754.56,0.96,-25.13,-7.33,7.6,8.2,18.25,28.08,0.97,0,0,0,0,1,0
2018,6,,,1288.5,2577.77,5819.59,1755.64,0.94,-19.17,-9.13,7.7,8.2,18.25,28.08,0.97,0,0,0,0,1,0
2018,7,,,1129.03,2339.23,5945.24,1698.93,0.92,-26.39,-11.87,7.6,8.2,18.25,28.08,0.97,0,0,0,0,1,0
2018,8,,,1073.68,2375.04,5958.11,1669.76,0.88,-22.82,-8.91,7.5,8.1,18.25,28.08,0.97,0,0,0,0,1,0
2018,9,,,1005.28,2275.38,5962.08,1715.12,0.86,-13.56,-7.51,7.4,8.0,18.25,28.08,0.97,0,0,0,0,1,0
2018,10,,,1045.4,2647.22,6151.68,1746.89,0.86,-11.5,-4.4,7.5,8.1,18.25,28.08,0.97,0,0,0,0,1,0
2018,11,,,1024.49,2285.0,6226.79,1750.65,0.85,-12.34,-12.8,7.5,8.1,18.25,28.08,0.97,0,0,0,0,1,0
2018,12,,,1014.07,2491.14,6212.85,1750.22,0.84,-20.83,-8.64,7.5,8.1,18.25,28.08,0.97,0,0,0,0,1,0
2019,1,,,1079.19,2654.77,5918.07,1862.34,0.86,-11.1,-0.35,7.5,8.1,18.25,28.08,0.97,0,0,0,0,1,0
2019,2,,,1155.55,3083.87,5949.79,1867.0,0.88,-5.38,16.02,7.6,8.2,18.25,28.08,0.97,0,0,0,0,1,0
2019,3,,,1070.77,3038.05,6112.68,1903.77,0.89,-8.55,20.81,7.6,8.2,18.25,28.08,0.97,0,0,0,0,1,0
2019,4,,,1442.35,3347.85,6521.95,2009.79,0.95,13.85,21.21,7.7,8.3,18.25,28.08,0.97,0,0,0,0,1,0
2019,5,,,1590.53,3466.65,6159.45,2056.91,1.01,22.9,26.05,7.8,8.3,18.25,28.08,0.97,0,0,0,0,1,0
2019,6,,,1528.96,3697.02,6419.93,2021.43,1.01,18.66,43.42,7.8,8.4,18.25,28.08,0.97,0,0,0,0,1,0
2019,7,,,1599.36,3623.64,6420.47,2053.52,1.02,41.66,54.91,8.0,8.5,18.25,28.08,0.97,0,0,0,0,1,0
2019,8,,,1537.9,3442.9,6858.11,2141.65,1.01,43.24,44.96,8.1,8.6,18.25,28.08,0.97,0,0,0,0,1,0
2019,9,,,1350.86,3549.24,6370.56,2063.45,0.99,34.38,55.98,8.3,8.8,18.25,28.08,0.97,0,0,0,0,1,0
2019,10,,,1433.25,3385.71,7141.83,2091.38,0.99,37.1,27.9,8.3,8.7,18.25,28.08,0.97,0,0,0,0,1,0
2019,11,,,1583.02,3406.98,6715.93,2157.96,0.99,54.52,49.1,8.3,8.7,18.25,28.08,0.97,0,0,0,0,1,0
2019,12,,,1394.9,3670.85,6444.18,2125.01,0.97,37.55,47.36,8.3,8.8,18.25,28.08,0.97,0,0,0,0,1,0
2020,1,,,1362.07,3844.24,6149.87,2019.53,0.97,26.21,44.81,8.4,8.8,18.25,28.08,0.97,0,0,0,0,1,0
2020,2,,,1315.49,3793.83,6080.53,2107.18,0.97,13.84,23.02,8.4,8.8,18.25,28.08,0.97,0,0,0,0,1,0
2020,3,,,1360.23,4065.76,5972.12,2103.47,0.98,27.03,33.83,8.2,8.7,18.25,28.08,0.97,0,0,0,0,1,0
2020,4,,,1269.17,4827.3,5785.61,2101.4,1.04,-12.01,44.19,8.2,8.7,18.25,28.08,0.97,0,0,0,0,1,0
2020,5,,,1360.46,4864.44,5939.51,2171.29,1.04,-14.47,40.32,8.2,8.7,18.25,28.08,0.97,0,0,0,0,1,0
2020,6,,,1292.83,4404.21,6313.54,2098.27,1.01,-15.44,19.13,8.2,8.7,18.25,28.08,0.97,0,0,0,0,1,0
2020,7,,,1331.21,4049.25,6147.88,2133.72,1.0,-16.77,11.75,8.2,8.7,18.25,28.08,0.97,0,0,0,0,1,0
2020,8,,,1288.98,3721.01,6068.1,2082.56,0.97,-16.19,8.08,8.2,8.6,18.25,28.08,0.97,0,0,0,0,1,0
2020,9,,,1266.23,3986.33,6024.74,2050.8,0.97,-6.27,12.32,8.2,8.6,18.25,28.08,0.97,0,0,0,0,1,0
2020,10,,,1176.39,3773.79,5921.24,2092.72,0.97,-17.92,11.46,8.2,8.6,18.25,28.08,0.97,0,0,0,0,1,0
2020,11,,,1066.56,3421.14,6314.89,1991.71,0.95,-32.63,0.42,8.2,8.6,18.25,28.08,0.97,0,0,0,0,1,0
2020,12,,,1037.0,3300.0,6975.0,2000.0,0.93,-25.66,-10.1,8.2,8.6,18.25,28.08,0.97,0,0,0,0,1,0
2021,1,,,1059.0,3508.0,6775.0,2000.0,0.92,-22.25,-8.75,8.2,8.6,18.25,28.08,0.97,0,0,0,0,1,0
2021,2,,,1099.0,3524.0,6878.0,2000.0,0.91,-16.46,-7.11,8.1,8.5,18.25,28.08,0.97,0,0,0,0,1,0
2021,3,,,1062.0,3419.0,7000.0,2000.0,0.92,-21.92,-15.91,8.2,8.6,18.25,28.08,0.97,0,0,0,0,1,0
2021,4,,,1347.02,4000.0,6884.0,2000.0,0.93,6.13,-17.14,8.3,8.7,18.25,28.08,0.97,0,0,0,0,1,0
2021,5,,,1245.68,3120.0,7400.0,2000.0,0.93,-8.44,-35.86,8.4,8.8,18.25,28.08,0.97,0,0,0,0,1,0
2021,6,,,1319.0,2430.0,7783.0,1965.0,0.94,2.02,-44.83,8.5,8.9,18.25,28.08,0.97,0,0,0,0,1,0
2021,7,,,1282.0,2476.0,7667.0,1976.0,0.94,-3.7,-38.85,8.6,9.0,18.25,28.08,0.97,0,0,0,0,1,0
2021,8,,,1206.0,2591.0,7879.0,2000.0,0.94,-6.44,-30.37,8.7,9.1,18.25,28.08,0.97,0,0,0,0,1,0
2021,9,,,1147.0,2511.0,7316.0,1944.0,0.95,-9.42,-37.01,8.8,9.2,18.25,28.08,0.97,0,0,0,0,1,0
2021,10,,,1152.0,2493.0,8000.0,2000.62,0.96,-2.07,-33.94,8.9,9.3,18.25,28.08,0.97,0,0,0,0,1,0
2021,11,,,1200.0,2700.0,7667.0,2000.0,0.97,12.51,-21.08,9.0,9.4,18.25,28.08,0.97,0,0,0,0,1,0
2021,12,,,1415.0,2577.0,8071.0,2000.0,0.97,36.45,-21.91,9.0,9.4,18.25,28.08,0.97,0,0,0,0,1,0
2022,1,,,1400.0,2833.0,9000.0,2000.0,0.99,32.2,-19.24,8.9,9.3,18.25,28.08,0.97,0,0,0,0,1,0
2022,2,,,1350.0,2826.91,9000.0,1994.35,1.04,22.84,-19.78,9.0,9.4,18.25,28.08,0.97,0,0,0,0,1,0
2022,3,,,1376.0,2664.57,9348.0,1994.47,1.09,29.57,-22.07,9.0,9.4,18.25,28.08,0.97,0,0,0,0,1,0
2022,4,,,1678.0,2987.42,10167.0,1994.6,1.18,24.57,-25.31,9.0,9.4,18.25,28.08,0.97,0,0,0,0,1,0
2022,5,,,2296.0,3094.05,10769.0,2000.0,1.23,84.32,-0.83,9.0,9.4,18.25,28.08,0.97,0,0,0,0,1,0
2022,6,,,2870.68,3552.53,10000.0,2000.0,1.29,117.64,46.19,9.1,9.4,18.25,28.08,0.97,0,0,0,0,1,0
2022,7,,,2862.0,4024.0,10000.0,2000.0,1.35,123.24,62.52,9.1,9.4,18.25,28.08,0.97,0,0,0,0,1,0
2022,8,,,2038.46,3907.69,9836.86,2000.0,1.34,69.03,50.82,9.1,9.4,18.25,28.08,0.97,0,0,0,0,1,0
2022,9,,,1967.0,4833.0,9697.84,2000.0,1.36,71.49,92.47,9.2,9.5,18.25,28.08,0.97,0,0,0,0,1,0
2022,10,,,1967.0,4333.0,9560.73,2000.0,1.36,70.75,73.81,9.2,9.5,18.25,28.08,0.97,0,0,0,0,1,0
2022,11,,,2067.0,4533.0,9400.0,2000.0,1.33,72.25,67.89,9.3,9.6,18.25,28.08,0.97,0,0,0,0,1,0
2022,12,,,1936.0,3829.0,9571.0,1886.0,1.32,36.82,48.58,9.4,9.6,18.25,28.08,0.97,0,0,0,0,1,0
2023,1,,,1938.0,4663.0,8625.0,1950.0,1.3,38.43,64.6,9.5,9.7,18.25,28.08,0.97,0,0,0,0,1,0
2023,2,,,2000.0,4938.0,8000.0,1975.0,1.29,48.15,74.68,9.6,9.7,18.25,28.08,0.97,0,0,0,0,1,0
2023,3,,,2267.0,6006.46,8161.0,1920.07,1.31,64.75,125.42,9.6,9.8,18.25,28.08,0.97,0,0,0,0,1,0
2023,4,,,2040.0,5500.0,7850.0,1920.0,1.35,21.57,84.11,9.7,9.8,18.25,28.08,0.97,0,0,0,0,1,0
2023,5,,,2119.0,4927.0,7750.0,1877.0,1.35,-7.71,59.24,9.6,9.8,18.25,28.08,0.97,0,0,0,0,1,0
2023,6,,,2183.0,5175.0,8667.0,1733.0,1.35,-23.96,45.67,9.7,9.8,18.25,28.08,0.97,0,0,0,0,1,0
2023,7,,,1677.0,5091.0,7591.0,1927.0,1.31,-41.4,26.52,9.7,9.8,18.25,28.08,0.97,0,0,0,0,1,0
2023,8,,,1569.0,4892.0,7192.0,1708.0,1.27,-23.03,25.19,9.8,9.8,18.25,28.08,0.97,0,0,0,0,1,0
2023,9,,,1656.0,4906.0,7083.0,1913.0,1.26,-15.81,1.51,9.8,9.8,18.25,28.08,0.97,0,0,0,0,1,0
2023,10,,,1720.0,5208.0,7620.0,1856.0,1.24,-12.56,20.19,9.8,9.8,18.25,28.08,0.97,0,0,0,0,1,0
2023,11,,,1692.0,4543.0,7214.0,1878.0,1.2,-18.14,0.22,9.8,9.8,18.25,28.08,0.97,0,0,0,0,1,0
2023,12,,,1288.0,4313.0,7594.0,1975.0,1.17,-33.47,12.64,9.8,9.8,18.25,28.08,0.97,0,0,0,0,1,0
2024,1,,,1209.0,4573.0,7545.0,1894.51,1.14,-37.62,-1.93,9.8,9.8,18.25,28.08,0.97,0,0,0,0,1,0
2024,2,,,1295.0,4378.0,7818.0,1846.0,1.13,-35.25,-11.34,9.8,9.8,18.25,28.08,0.97,0,0,0,0,1,0
2024,3,,,1031.0,4283.0,7222.0,1905.0,1.12,-54.52,-28.69,9.8,9.8,18.25,28.08,0.97,0,0,0,0,1,0
2024,4,,,1140.0,4400.0,7100.0,1865.6,1.13,-44.12,-20.0,9.8,9.8,18.25,28.08,0.97,0,0,0,0,1,0
2024,5,,,1279.0,4395.0,7500.0,1747.0,1.13,-39.64,-10.8,9.8,9.9,18.25,28.08,0.97,0,0,0,0,1,0
2024,6,,,1153.0,3959.0,7433.0,1852.79,1.11,-47.18,-23.5,9.8,9.9,18.25,28.08,0.97,0,0,0,0,1,0
2024,7,,,1169.0,4313.0,7313.0,1913.0,1.11,-30.29,-15.28,9.8,9.9,18.25,28.08,0.97,0,0,0,0,1,0
2024,8,,,1141.0,4135.0,7000.0,1894.0,1.11,-27.28,-15.47,9.8,9.9,18.25,28.08,0.97,0,0,0,0,1,0
2024,9,,,1120.0,4050.0,7050.0,1876.14,1.11,-32.37,-17.45,9.8,9.9,18.25,28.08,0.97,0,0,0,0,1,0
2024,10,,,1120.0,4050.0,7050.0,1857.0,1.11,-34.88,-22.24,9.9,9.9,18.25,28.08,0.97,0,0,0,0,1,0
2024,11,,,1346.93,4167.0,7667.0,1817.0,1.12,-20.39,-8.28,9.9,9.9,18.25,28.08,0.97,0,0,0,0,1,0
2024,12,,,1500.0,3889.93,8000.0,1821.44,1.13,16.46,-9.81,9.9,9.9,18.25,28.08,0.97,0,0,0,0,1,0
2025,1,,,1657.0,3700.0,7652.0,1804.1,1.13,37.06,-19.09,9.9,9.9,18.25,28.08,0.97,0,0,0,0,1,0
2025,2,,,1630.0,3600.0,7848.0,1905.78,1.14,25.87,-17.77,9.9,9.9,18.25,28.08,0.97,0,0,0,0,1,0
2025,3,,,1629.0,3571.0,7929.0,1879.23,1.16,58.0,-16.62,9.9,9.9,18.25,28.08,0.97,0,0,0,0,1,0
2025,4,,,1845.0,4000.0,8000.0,2000.0,1.21,61.84,-9.09,9.9,9.9,18.25,28.08,0.97,0,0,0,0,1,0
2025,5,,,1976.0,3967.0,7881.0,1943.0,1.28,54.5,-9.74,9.9,9.9,18.25,28.08,0.97,0,0,0,0,1,0
2025,6,,,2171.0,3932.0,7932.0,2000.0,1.3,88.29,-0.68,9.9,9.9,18.25,28.08,0.97,0,0,0,0,1,0
2025,7,,,1954.35,3083.0,7944.0,2000.0,1.26,67.18,-28.52,9.8,9.8,18.25,28.08,0.97,0,0,0,0,1,0
2025,8,,,1806.62,2925.0,7925.0,2000.0,1.21,58.34,-29.26,9.8,9.8,18.25,28.08,0.97,0,0,0,0,1,0
2025,9,,,1641.25,2971.0,7821.0,2000.0,1.2,46.54,-26.64,9.8,9.8,18.25,28.08,0.97,0,0,0,0,1,0
2025,10,,,1451.78,2969.0,7906.0,2000.0,1.18,29.62,-26.69,9.8,9.8,18.25,28.08,0.97,0,0,0,0,1,0
2025,11,,,1683.8,2967.0,7917.0,2000.0,1.18,25.01,-28.8,9.8,9.8,18.25,28.08,0.97,0,0,0,0,1,0
2025,12,,,1637.0,3074.64,7881.0,2000.0,1.18,9.13,-20.96,9.7,9.8,18.25,28.08,0.97,0,0,0,0,1,0
2026,1,,,1601.0,3085.0,7755.0,2016.47,1.18,-3.38,-16.62,9.7,9.7,18.25,28.08,0.97,0,0,0,0,1,0
2026,2,,,1557.0,3110.0,7591.0,2056.0,1.19,-4.48,-13.61,9.6,9.7,18.25,28.08,0.97,0,0,0,0,1,0
2026,3,,,1703.0,3459.0,7344.0,2033.0,1.23,4.54,-3.14,9.5,9.6,18.25,28.08,0.97,0,0,0,0,1,0
2026,4,,,1720.0,3890.0,7833.0,1960.0,1.27,-6.78,-2.75,9.4,9.5,18.25,28.08,0.97,0,0,0,0,1,0
2026,5,,,1500.0,3750.0,7625.0,2000.0,1.25,-24.09,-5.47,9.2,9.4,18.25,28.08,0.97,0,0,0,0,1,0
2026,6,,,2000.0,3360.0,7796.49,2000.0,1.25,-7.88,-14.55,9.1,9.4,18.25,28.08,0.97,0,0,0,0,1,0
2026,7,,,1900.0,3900.0,8100.0,2000.0,1.25,-2.78,26.5,8.9,9.3,18.25,28.08,0.97,0,0,0,0,1,0
2026,8,,,1869.71,3723.95,7933.43,2022.03,1.25,3.49,27.31,8.7,9.1,18.25,28.08,0.97,0,0,0,0,1,0
