year,month,lat,lon,c_maize,c_beans,c_oil,c_salt,c_food_price_index,inflation_maize,inflation_beans,trust_maize,trust_beans,data_coverage,data_coverage_recent,index_confidence_score,mkt_name_Gulu,mkt_name_Hoima,mkt_name_Jinja,mkt_name_Lira,mkt_name_Market Average,mkt_name_Mbarara,log_c_maize,log_c_beans
-1.6443000043271032,-1.5799251700720662,-0.5630206378485483,1.454330517555298,488.84,1028.23,-1.5157029313449768,-1.5011191110102071,-1.6914383229355408,,,-1.2129124454254296,-1.216579655763545,0.0,1.0658141036401503e-14,-1.1102230246251565e-16,0,0,0,0,0,0,6.194078807169699,6.936566228836248
-1.6443000043271032,-1.2890809109948371,-0.5630206378485483,1.454330517555298,438.31,1036.79,-1.567393202848656,-1.6544473145115246,-1.7667704280643273,,,-1.2129124454254296,-1.216579655763545,0.0,1.0658141036401503e-14,-1.1102230246251565e-16,0,0,0,0,0,0,6.0852053142100155,6.944848731119245
-1.6443000043271032,-0.9982366519176081,-0.5630206378485483,1.454330517555298,472.15,1084.99,-1.5996386746960018,-1.6211935251076588,-1.729104375499934,,,-1.2129124454254296,-1.216579655763545,0.0,1.0658141036401503e-14,-1.1102230246251565e-16,0,0,0,0,0,0,6.159412462954242,6.990247292348355
-1.6443000043271032,-0.7073923928403791,-0.5630206378485483,1.454330517555298,480.59,1143.03,-1.5605280378747048,-1.4941128094691407,-1.6914383229355408,,,-1.2129124454254296,-1.216579655763545,0.0,1.0658141036401503e-14,-1.1102230246251565e-16,0,0,0,0,0,0,6.177093129659433,7.04231239537213
-1.6443000043271032,-0.4165481337631501,-0.5630206378485483,1.454330517555298,484.22,1175.52,-1.5590782918622133,-1.5850378720058131,-1.6914383229355408,,,-1.2129124454254296,-1.216579655763545,0.0,1.0658141036401503e-14,-1.1102230246251565e-16,0,0,0,0,0,0,6.1846023963357855,7.070316207597936
-1.6443000043271032,-0.12570387468592106,-0.5630206378485483,1.454330517555298,471.86,1071.41,-1.5253765728991806,-1.398612736597817,-1.6914383229355408,,,-1.2129124454254296,-1.216579655763545,0.0,1.0658141036401503e-14,-1.1102230246251565e-16,0,0,0,0,0,0,6.158799361593613,6.977663731197104
-1.6443000043271032,0.16514038439130796,-0.5630206378485483,1.454330517555298,472.33,1033.48,-1.5591953117197237,-1.514504284103587,-1.729104375499934,,,-1.2129124454254296,-1.216579655763545,0.0,1.0658141036401503e-14,-1.1102230246251565e-16,0,0,0,0,0,0,6.159792819648879,6.941654163987597
-1.6443000043271032,0.455984643468537,-0.5630206378485483,1.454330517555298,475.26,1100.83,-1.5255521026854464,-1.4586630151046418,-1.6914383229355408,,,-1.2129124454254296,-1.216579655763545,0.0,1.0658141036401503e-14,-1.1102230246251565e-16,0,0,0,0,0,0,6.165963923595797,7.004727712840018
-1.6443000043271032,0.7468289025457661,-0.5630206378485483,1.454330517555298,483.45,1142.36,-1.4888338718399203,-1.4811197801187306,-1.6914383229355408,,,-1.2129124454254296,-1.216579655763545,0.0,1.0658141036401503e-14,-1.1102230246251565e-16,0,0,0,0,0,0,6.1830142268310135,7.041726574835045
-1.6443000043271032,1.037673161622995,-0.5630206378485483,1.454330517555298,474.97,1134.4,-1.5635120442412231,-1.567705118566534,-1.6914383229355408,,,-1.2129124454254296,-1.216579655763545,0.0,1.0658141036401503e-14,-1.1102230246251565e-16,0,0,0,0,0,0,6.165354827035164,7.034740290736626
-1.6443000043271032,1.3285174207002242,-0.5630206378485483,1.454330517555298,492.87,1034.26,-1.50200510691305,-1.4532514314516543,-1.6914383229355408,,,-1.2129124454254296,-1.216579655763545,0.0,1.0658141036401503e-14,-1.1102230246251565e-16,0,0,0,0,0,0,6.202272324661071,6.94240788188156
-1.6443000043271032,1.619361679777453,-0.5630206378485483,1.454330517555298,492.34,1023.22,-1.5708127831292413,-1.454454005596762,-1.6914383229355408,,,-1.2129124454254296,-1.216579655763545,0.0,1.0658141036401503e-14,-1.1102230246251565e-16,0,0,0,0,0,0,6.201198591512258,6.93168662627384
-1.4682315828111336,-1.5799251700720662,-0.5630206378485483,1.454330517555298,546.38,1082.88,-1.5408166929873757,-1.5074195538139268,-1.6537722703711475,-0.000759984204953892,-0.15295347257702555,-1.2129124454254296,-1.216579655763545,0.0,1.0658141036401503e-14,-1.1102230246251565e-16,0,0,0,0,0,0,6.305143259585438,6.988302474764761
-1.4682315828111336,-1.2890809109948371,-0.5630206378485483,1.454330517555298,482.2,1082.98,-1.5061788151642588,-1.453512860613634,-1.6537722703711475,-0.047439557112300704,-0.1868764335545057,-1.2129124454254296,-1.216579655763545,0.0,1.0658141036401503e-14,-1.1102230246251565e-16,0,0,0,0,0,0,6.180430646620605,6.988394731644883
-1.4682315828111336,-0.9982366519176081,-0.5630206378485483,1.454330517555298,528.58,1134.03,-1.5226721139700485,-1.511157990830242,-1.6537722703711475,0.004014063024206571,-0.18414699991263953,-1.2129124454254296,-1.216579655763545,0.0,1.0658141036401503e-14,-1.1102230246251565e-16,0,0,0,0,0,0,6.272084239559255,7.034414361284253
-1.4682315828111336,-0.7073923928403791,-0.5630206378485483,1.454330517555298,539.85,1251.24,-1.4483515022444722,-1.4134357700820879,-1.578440165242361,0.014092607174656473,0.00886295047647181,-1.2129124454254296,-1.216579655763545,0.0,1.0658141036401503e-14,-1.1102230246251565e-16,0,0,0,0,0,0,6.293141976076298,7.132689226579967
-1.4682315828111336,-0.4165481337631501,-0.5630206378485483,1.454330517555298,541.74,1269.09,-1.4570174728034462,-1.3851229918396446,-1.578440165242361,0.0021574891017553163,-0.05001483236949954,-1.2129124454254296,-1.216579655763545,0.0,1.0658141036401503e-14,-1.1102230246251565e-16,0,0,0,0,0,0,6.296630383899581,7.146843043083483
-1.4682315828111336,-0.12570387468592106,-0.5630206378485483,1.454330517555298,526.59,1141.77,-1.4600859935115003,-1.3487581954082155,-1.6161062178067542,-0.005268806588049889,-0.10421358611512875,-1.2129124454254296,-1.216579655763545,0.0,1.0658141036401503e-14,-1.1102230246251565e-16,0,0,0,0,0,0,6.268319466910692,7.041210418699481
-1.4682315828111336,0.16514038439130796,-0.5630206378485483,1.454330517555298,542.6,1180.91,-1.4851997551538987,-1.3168899805628433,-1.6161062178067542,0.08172494292109649,0.19602411449015544,-1.2129124454254296,-1.216579655763545,0.0,1.0658141036401503e-14,-1.1102230246251565e-16,0,0,0,0,0,0,6.298213682276988,7.074887052935105
-1.4682315828111336,0.455984643468537,-0.5630206378485483,1.454330517555298,544.7,1244.96,-1.4029868041495566,-1.4162330621152746,-1.578440165242361,0.07456387207735575,0.15001366167012486,-1.2129124454254296,-1.216579655763545,0.0,1.0658141036401503e-14,-1.1102230246251565e-16,0,0,0,0,0,0,6.302069374192186,7.127661596103363
-1.4682315828111336,0.7468289025457661,-0.5630206378485483,1.454330517555298,570.93,1478.46,-1.3359214235896333,-1.1543071847274304,-1.427775954984788,0.167127343353856,0.7867515384083446,-1.2129124454254296,-1.216579655763545,0.0,1.0658141036401503e-14,-1.1102230246251565e-16,0,0,0,0,0,0,6.349016606268668,7.299432435313916
-1.4682315828111336,1.037673161622995,-0.5630206378485483,1.454330517555298,553.41,1651.17,-1.315963036780893,-1.450192710256487,-1.427775954984788,0.12495659282960521,1.4156910333126604,-1.2129124454254296,-1.216579655763545,0.0,1.0658141036401503e-14,-1.1102230246251565e-16,0,0,0,0,0,0,6.317904485231057,7.409844854355516
-1.4682315828111336,1.3285174207002242,-0.5630206378485483,1.454330517555298,624.35,1516.1,-1.1120884405847704,-1.1958482785660658,-1.3524438498560014,0.3946902612771717,1.4562426188489588,-1.2129124454254296,-1.216579655763545,0.0,1.0658141036401503e-14,-1.1102230246251565e-16,0,0,0,0,0,0,6.438311492994916,7.324555896754047
-1.4682315828111336,1.619361679777453,-0.5630206378485483,1.454330517555298,624.02,1501.74,-1.1514526204306736,-1.1668296415862762,-1.3524438498560014,0.396546835199623,1.4632611624994722,-1.2129124454254296,-1.216579655763545,0.0,1.0658141036401503e-14,-1.1102230246251565e-16,0,0,0,0,0,0,6.4377836492244125,7.315045387430319
-1.2921631612951643,-1.5799251700720662,-0.5630206378485483,1.454330517555298,638.9,1571.26,-1.048585664575723,-1.0426769325619354,-1.314777797291608,0.13609603636431292,1.3981446741863781,-1.2129124454254296,-1.216579655763545,0.0,1.0658141036401503e-14,-1.1102230246251565e-16,0,0,0,0,0,0,6.461311914145415,7.360269353715041
-1.2921631612951643,-1.2890809109948371,-0.5630206378485483,1.454330517555298,513.16,1554.05,-1.1458031617541928,-1.1390135787515958,-1.3901099024203947,-0.14265527684944562,1.3357576195151497,-1.2129124454254296,-1.216579655763545,0.0,1.0658141036401503e-14,-1.1102230246251565e-16,0,0,0,0,0,0,6.242534501063031,7.349262978437231
-1.2921631612951643,-0.9982366519176081,-0.5630206378485483,1.454330517555298,630.7,1571.86,-1.1019532207037195,-1.0395920684505708,-1.3524438498560014,0.1994847745737214,1.1450871836762098,-1.2129124454254296,-1.216579655763545,0.0,1.0658141036401503e-14,-1.1102230246251565e-16,0,0,0,0,0,0,6.448414597904655,7.360650897190189
-1.2921631612951643,-0.7073923928403791,-0.5630206378485483,1.454330517555298,500.26,1613.17,-0.8103397357874795,-0.43216141058985064,-1.2394456921628219,-0.5073394401880926,0.767645502915281,-1.2129124454254296,-1.216579655763545,0.0,1.0658141036401503e-14,-1.1102230246251565e-16,0,0,0,0,0,0,6.2171249285464665,7.386576171659954
-1.2921631612951643,-0.4165481337631501,-0.5630206378485483,1.454330517555298,594.09,1799.33,-0.5215347274514927,-0.05732427814280973,-1.013449376776462,-0.056722426724557164,1.26869153574358,-1.2129124454254296,-1.216579655763545,0.0,1.0658141036401503e-14,-1.1102230246251565e-16,0,0,0,0,0,0,6.388712654611115,7.495725260414088
-1.2921631612951643,-0.12570387468592106,-0.5630206378485483,1.454330517555298,701.26,1782.86,-0.5073038125575731,-0.00305158411574478,-0.9381172716476756,0.5668211863730133,1.8290052705095454,-1.2129124454254296,-1.216579655763545,0.0,1.0658141036401503e-14,-1.1102230246251565e-16,0,0,0,0,0,0,6.5543037058260065,7.4865348347242815
-1.2921631612951643,0.16514038439130796,-0.5630206378485483,1.454330517555298,598.39,1565.05,-0.6096051724345564,-0.18019598427344816,-1.126447534469642,-0.04027848626856001,0.9080163759255437,-1.2129124454254296,-1.216579655763545,0.0,1.0658141036401503e-14,-1.1102230246251565e-16,0,0,0,0,0,0,6.395912471393378,7.356311804521249
-1.2921631612951643,0.455984643468537,-0.5630206378485483,1.454330517555298,566.46,1802.26,-0.6619455542577384,-0.2757483429771679,-1.0887814819052488,-0.20683968959704752,1.384887425068742,-1.2129124454254296,-1.216579655763545,0.0,1.0658141036401503e-14,-1.1102230246251565e-16,0,0,0,0,0,0,6.341170262289905,7.497351416911176
-1.2921631612951643,0.7468289025457661,-0.5630206378485483,1.454330517555298,610.68,1971.61,-0.6644159734718491,-0.14158289704899013,-1.013449376776462,-0.1283331351619642,0.9403796605362432,-1.2129124454254296,-1.216579655763545,0.0,1.0658141036401503e-14,-1.1102230246251565e-16,0,0,0,0,0,0,6.416209269948102,7.587112817958529
-1.2921631612951643,1.037673161622995,-0.5630206378485483,1.454330517555298,599.1,1786.35,-0.7979161275817785,-0.39263332129846257,-1.0887814819052488,-0.09411913001964752,-0.041046693260510546,-1.2129124454254296,-1.216579655763545,0.0,1.0658141036401503e-14,-1.1102230246251565e-16,0,0,0,0,0,0,6.397096307995467,7.488489354963095
-1.2921631612951643,1.3285174207002242,-0.5630206378485483,1.454330517555298,667.49,1595.28,-0.7582528969889039,-0.36285653974893095,-1.126447534469642,-0.12965925939228656,-0.1568526634939773,-1.2129124454254296,-1.216579655763545,0.0,1.0658141036401503e-14,-1.1102230246251565e-16,0,0,0,0,0,0,6.505021437566986,7.375431201218694
-1.2921631612951643,1.619361679777453,-0.5630206378485483,1.454330517555298,636.04,1425.18,-0.8259098779395755,-0.43108955102573265,-1.1641135870340353,-0.2617412327323929,-0.5592491661233971,-1.2129124454254296,-1.216579655763545,0.0,1.0658141036401503e-14,-1.1102230246251565e-16,0,0,0,0,0,0,6.456832447949189,7.262754820217234
-1.1160947397791947,-1.5799251700720662,-0.5630206378485483,1.454330517555298,627.18,1442.63,-0.6524929502121657,-0.256742442901216,-1.0887814819052488,-0.36146577485263387,-0.6797341654572061,-1.2129124454254296,-1.216579655763545,0.0,1.0658141036401503e-14,-1.1102230246251565e-16,0,0,0,0,0,0,6.44282674960315,7.2749160539325874
-1.1160947397791947,-1.2890809109948371,-0.5630206378485483,1.454330517555298,547.22,1466.68,-0.9036370677393469,-0.6827674052639573,-1.2394456921628219,-0.1368203302360273,-0.5795249588915463,-1.2129124454254296,-1.216579655763545,0.0,1.0658141036401503e-14,-1.1102230246251565e-16,0,0,0,0,0,0,6.306676666238585,7.291438201761346
-1.1160947397791947,-0.9982366519176081,-0.5630206378485483,1.454330517555298,650.25,1508.42,-0.8542286834571233,-0.8107892658856034,-1.2017796395984286,-0.23070992574284988,-0.5179177424037087,-1.2129124454254296,-1.216579655763545,0.0,1.0658141036401503e-14,-1.1102230246251565e-16,0,0,0,0,0,0,6.478893593067577,7.319480750061115
-1.1160947397791947,-0.7073923928403791,-0.5630206378485483,1.454330517555298,538.98,1637.57,-1.0415384687123108,-0.6964401504355157,-1.2771117447272147,-0.10764559716893551,-0.30151264651288695,-1.2129124454254296,-1.216579655763545,0.0,1.0658141036401503e-14,-1.1102230246251565e-16,0,0,0,0,0,0,6.291532101835395,7.4015791892281415
-1.1160947397791947,-0.4165481337631501,-0.5630206378485483,1.454330517555298,525.87,1746.18,-1.1538190219936642,-0.8967210314284559,-1.3524438498560014,-0.617407751304848,-0.4754165614089347,-1.2129124454254296,-1.216579655763545,0.0,1.0658141036401503e-14,-1.1102230246251565e-16,0,0,0,0,0,0,6.2669538387941275,7.465758338598623
-1.1160947397791947,-0.12570387468592106,-0.5630206378485483,1.454330517555298,525.57,1615.07,-1.1129335840001244,-1.0384156372216604,-1.3901099024203947,-0.9773178674143346,-0.7273042946440174,-1.2129124454254296,-1.216579655763545,0.0,1.0658141036401503e-14,-1.1102230246251565e-16,0,0,0,0,0,0,6.266384276202788,7.387752554974577
-1.1160947397791947,0.16514038439130796,-0.5630206378485483,1.454330517555298,451.99,1444.57,-1.2603330967410262,-1.2661988660549053,-1.5407741126779677,-0.9619348263425951,-0.6606281299641424,-1.2129124454254296,-1.216579655763545,0.0,1.0658141036401503e-14,-1.1102230246251565e-16,0,0,0,0,0,0,6.1158700501841885,7.276258986434014
-1.1160947397791947,0.455984643468537,-0.5630206378485483,1.454330517555298,429.22,1659.83,-1.3337305518129083,-1.5330134687717771,-1.5407741126779677,-0.955569430037048,-0.668426511798046,-1.2129124454254296,-1.216579655763545,0.0,1.0658141036401503e-14,-1.1102230246251565e-16,0,0,0,0,0,0,6.064296705757652,7.41507275639224
-1.1160947397791947,0.7468289025457661,-0.5630206378485483,1.454330517555298,425.57,1722.88,-1.2490081749752848,-1.5783452854591231,-1.5031080601135745,-1.116826136444246,-0.8524683230781683,-1.2129124454254296,-1.216579655763545,0.0,1.0658141036401503e-14,-1.1102230246251565e-16,0,0,0,0,0,0,6.055776480076393,7.452332843232613
-1.1160947397791947,1.037673161622995,-0.5630206378485483,1.454330517555298,411.62,1649.15,-1.334770728324113,-1.4165990629420468,-1.5407741126779677,-1.1428181713585641,-0.6598482917807521,-1.2129124454254296,-1.216579655763545,0.0,1.0658141036401503e-14,-1.1102230246251565e-16,0,0,0,0,0,0,6.0225270725598,7.408621471853555
-1.1160947397791947,1.3285174207002242,-0.5630206378485483,1.454330517555298,544.72,1552.23,-1.15613991583429,-1.428311089398754,-1.4654420075491812,-0.8006781199353971,-0.4656685841165553,-1.2129124454254296,-1.216579655763545,0.0,1.0658141036401503e-14,-1.1102230246251565e-16,0,0,0,0,0,0,6.302106023694673,7.348091912633638
-1.1160947397791947,1.619361679777453,-0.5630206378485483,1.454330517555298,551.43,1538.61,-1.2183424712043311,-1.522530159376376,-1.4654420075491812,-0.6656786732885817,-0.05001483236949954,-1.2129124454254296,-1.216579655763545,0.0,1.0658141036401503e-14,-1.1102230246251565e-16,0,0,0,0,0,0,6.314326728532607,7.339284416582054
-0.9400263182632251,-1.5799251700720662,-0.5630206378485483,1.454330517555298,612.9,1734.3,-1.0771450109114873,-1.4352912480236224,-1.314777797291608,-0.373400892925535,0.4280259740487841,-1.2129124454254296,-1.216579655763545,0.0,1.0658141036401503e-14,-1.1102230246251565e-16,0,0,0,0,0,0,6.419832048433451,7.458935588096458
-0.9400263182632251,-1.2890809109948371,-0.5630206378485483,1.454330517555298,649.34,1869.89,-1.1092084518693723,-1.4888580833133411,-1.2771117447272147,0.18197993473346633,0.7114971537111758,-1.2129124454254296,-1.216579655763545,0.0,1.0658141036401503e-14,-1.1102230246251565e-16,0,0,0,0,0,0,6.477495303055713,7.534169532455976
-0.9400263182632251,-0.9982366519176081,-0.5630206378485483,1.454330517555298,715.7,2011.04,-0.8583763872955521,-1.1832212500424273,-1.0511154293408553,-0.04584820803591387,0.9388199841694626,-1.2129124454254296,-1.216579655763545,0.0,1.0658141036401503e-14,-1.1102230246251565e-16,0,0,0,0,0,0,6.574657342999874,7.606904411737717
-0.9400263182632251,-0.7073923928403791,-0.5630206378485483,1.454330517555298,724.72,1936.36,-0.79715549850796,-0.748725982831532,-0.9757833242120688,0.6010351915153299,0.35121191298483484,-1.2129124454254296,-1.216579655763545,0.0,1.0658141036401503e-14,-1.1102230246251565e-16,0,0,0,0,0,0,6.587164265501962,7.5690815005522465
-0.9400263182632251,-0.4165481337631501,-0.5630206378485483,1.454330517555298,836.43,2028.88,-0.7101447333456862,-0.12743957938586747,-0.7874530613901028,1.253223087987863,0.27088858009562894,-1.2129124454254296,-1.216579655763545,0.0,1.0658141036401503e-14,-1.1102230246251565e-16,0,0,0,0,0,0,6.730337678116491,7.61573195698808
-0.9400263182632251,-0.12570387468592106,-0.5630206378485483,1.454330517555298,832.98,2040.53,-0.7366627332782112,-0.5119495908261715,-0.862785166518889,1.2383704966082527,0.6666564581662309,-1.2129124454254296,-1.216579655763545,0.0,1.0658141036401503e-14,-1.1102230246251565e-16,0,0,0,0,0,0,6.726209421255855,7.621454805728808
-0.9400263182632251,0.16514038439130796,-0.5630206378485483,1.454330517555298,869.95,1780.53,-0.7603267489081186,-0.509832014614133,-0.9004512190832823,2.1396045235353234,0.5465613779241172,-1.2129124454254296,-1.216579655763545,0.0,1.0658141036401503e-14,-1.1102230246251565e-16,0,0,0,0,0,0,6.769584569923471,7.485227824645895
-0.9400263182632251,0.455984643468537,-0.5630206378485483,1.454330517555298,820.78,1789.67,-0.6523824314578501,-0.8043058226684974,-0.9004512190832823,2.1067166426233292,-0.05547369965323196,-1.2129124454254296,-1.216579655763545,0.0,1.0658141036401503e-14,-1.1102230246251565e-16,0,0,0,0,0,0,6.711472719331553,7.490345130477381
-0.9400263182632251,0.7468289025457661,-0.5630206378485483,1.454330517555298,700.49,1742.39,-0.7107558370460193,-0.6304815728679409,-0.9757833242120688,1.400422877553644,-0.3163295719973036,-1.2129124454254296,-1.216579655763545,0.0,1.0658141036401503e-14,-1.1102230246251565e-16,0,0,0,0,0,0,6.553206644273412,7.463586772642705
-0.9400263182632251,1.037673161622995,-0.5630206378485483,1.454330517555298,646.41,1655.65,-0.8001330037712835,-0.7014857332617308,-1.0511154293408553,1.1999128939289043,-0.34518358478274647,-1.2129124454254296,-1.216579655763545,0.0,1.0658141036401503e-14,-1.1102230246251565e-16,0,0,0,0,0,0,6.472979787773838,7.4125527700097855
-0.9400263182632251,1.3285174207002242,-0.5630206378485483,1.454330517555298,689.52,1624.92,-0.6836332345163564,-0.07643474988355356,-0.9757833242120688,0.39203801281652695,-0.17790829444551673,-1.2129124454254296,-1.216579655763545,0.0,1.0658141036401503e-14,-1.1102230246251565e-16,0,0,0,0,0,0,6.537444936948348,7.393829088405367
-0.9400263182632251,1.619361679777453,-0.5630206378485483,1.454330517555298,702.67,1636.86,-0.6234525222399692,0.05326025737476473,-0.9381172716476756,0.414582124732007,-0.11123212976564191,-1.2129124454254296,-1.216579655763545,0.0,1.0658141036401503e-14,-1.1102230246251565e-16,0,0,0,0,0,0,6.5563094962604165,7.401145790674769
-0.7639578967472556,-1.5799251700720662,-0.5630206378485483,1.454330517555298,718.35,1632.7,-0.6595401460755771,0.10967667053006677,-0.9004512190832823,0.14325710720805362,-0.5888830170922303,-1.2129124454254296,-1.216579655763545,0.0,1.0658141036401503e-14,-1.1102230246251565e-16,0,0,0,0,0,0,6.5783480264830425,7.398602660032463
-0.7639578967472556,-1.2890809109948371,-0.5630206378485483,1.454330517555298,655.44,1727.66,-0.7811367802354073,-0.2675394672909931,-0.9757833242120688,-0.28799849249277554,-0.6571188581388859,-1.2129124454254296,-1.216579655763545,0.0,1.0658141036401503e-14,-1.1102230246251565e-16,0,0,0,0,0,0,6.486831295811427,7.455101820886234
-0.7639578967472556,-0.9982366519176081,-0.5630206378485483,1.454330517555298,724.53,1796.0,-0.6537541642320011,0.014594884317910737,-0.9004512190832823,-0.28030697195690585,-0.7772139383809996,-1.2129124454254296,-1.216579655763545,0.0,1.0658141036401503e-14,-1.1102230246251565e-16,0,0,0,0,0,0,6.586902422261879,7.493873886783559
-0.7639578967472556,-0.7073923928403791,-0.5630206378485483,1.454330517555298,828.45,2064.77,-0.32245144431010697,-0.20362003718686356,-0.674454903696923,0.06660712669542165,-0.10187407156495772,-1.2129124454254296,-1.216579655763545,0.0,1.0658141036401503e-14,-1.1102230246251565e-16,0,0,0,0,0,0,6.720762830538284,7.63325831724809
-0.7639578967472556,-0.4165481337631501,-0.5630206378485483,1.454330517555298,972.99,2478.58,-0.17602059594526384,-0.006763878215861537,-0.41079253574617,0.12018254560044465,0.5040601969293432,-1.2129124454254296,-1.216579655763545,0.0,1.0658141036401503e-14,-1.1102230246251565e-16,0,0,0,0,0,0,6.881401036649378,7.815844469978168
-0.7639578967472556,-0.12570387468592106,-0.5630206378485483,1.454330517555298,938.22,2395.44,-0.004846548820139653,0.044397808783640295,-0.41079253574617,0.022049352556590608,0.31767887109904985,-1.2129124454254296,-1.216579655763545,0.0,1.0658141036401503e-14,-1.1102230246251565e-16,0,0,0,0,0,0,6.845049743566013,7.781739581774688
-0.7639578967472556,0.16514038439130796,-0.5630206378485483,1.454330517555298,880.25,1962.72,0.037943712409544396,0.2028238809435696,-0.48612464087495655,-0.2816330961872282,0.03849680144530505,-1.2129124454254296,-1.216579655763545,0.0,1.0658141036401503e-14,-1.1102230246251565e-16,0,0,0,0,0,0,6.781341354126479,7.58259591255944
-0.7639578967472556,0.455984643468537,-0.5630206378485483,1.454330517555298,796.74,1801.65,0.15455400041878706,0.25110984716129076,-0.48612464087495655,-0.3906405079197256,-0.3342658502152816,-1.2129124454254296,-1.216579655763545,0.0,1.0658141036401503e-14,-1.1102230246251565e-16,0,0,0,0,0,0,6.68178272982438,7.497013083449819
-0.7639578967472556,0.7468289025457661,-0.5630206378485483,1.454330517555298,650.19,1760.34,-0.1901474931880631,0.11882669119936963,-0.7121209562613162,-0.5033610674971255,-0.32022876291425534,-1.2129124454254296,-1.216579655763545,0.0,1.0658141036401503e-14,-1.1102230246251565e-16,0,0,0,0,0,0,6.478801458305066,7.473830161978298
-0.7639578967472556,1.037673161622995,-0.5630206378485483,1.454330517555298,622.89,1781.42,-0.28495958218437223,-0.04370381880364737,-0.7497870088257096,-0.40947147199030304,-0.06405191967052583,-1.2129124454254296,-1.216579655763545,0.0,1.0658141036401503e-14,-1.1102230246251565e-16,0,0,0,0,0,0,6.435974070778639,7.485727270495865
-0.7639578967472556,1.3285174207002242,-0.5630206378485483,1.454330517555298,670.95,1743.68,-0.44681754843101934,-0.05834385187453171,-0.862785166518889,-0.3842751116141783,-0.07535957332968587,-1.2129124454254296,-1.216579655763545,0.0,1.0658141036401503e-14,-1.1102230246251565e-16,0,0,0,0,0,0,6.5101839329930735,7.4643264367313344
-0.7639578967472556,1.619361679777453,-0.5630206378485483,1.454330517555298,706.16,1795.76,-0.35166740206856895,0.029836204461349908,-0.7497870088257096,-0.2996683857196122,0.018221008677156002,-1.2129124454254296,-1.216579655763545,0.0,1.0658141036401503e-14,-1.1102230246251565e-16,0,0,0,0,0,0,6.561256948637822,7.4937403219376275
-0.5878894752312861,-1.5799251700720662,-0.5630206378485483,1.454330517555298,817.32,1919.11,-0.4327101544978056,-0.09300935875309052,-0.7497870088257096,0.05255020985400469,0.3235276574744774,-1.2129124454254296,-1.216579655763545,0.0,1.0658141036401503e-14,-1.1102230246251565e-16,0,0,0,0,0,0,6.707253458148752,7.560137755047389
-0.5878894752312861,-1.2890809109948371,-0.5630206378485483,1.454330517555298,702.94,2075.57,-0.2198380314797625,0.2551881420881799,-0.5991227985681364,-0.12064161462609457,0.4249066213152228,-1.2129124454254296,-1.216579655763545,0.0,1.0658141036401503e-14,-1.1102230246251565e-16,0,0,0,0,0,0,6.556693125253265,7.638472773073292
-0.5878894752312861,-0.9982366519176081,-0.5630206378485483,1.454330517555298,747.93,2119.46,-0.31381797926710747,0.09786007240856713,-0.6367888511325297,-0.22726200274401173,0.3418538547841507,-1.2129124454254296,-1.216579655763545,0.0,1.0658141036401503e-14,-1.1102230246251565e-16,0,0,0,0,0,0,6.618645521205829,7.659388325261133
-0.5878894752312861,-0.7073923928403791,-0.5630206378485483,1.454330517555298,792.05,2126.08,-0.12520797337291398,0.025888624115450697,-0.5614567460037431,-0.42936333544513827,-0.24458445912539148,-1.2129124454254296,-1.216579655763545,0.0,1.0658141036401503e-14,-1.1102230246251565e-16,0,0,0,0,0,0,6.675886271349569,7.662505426152551
-0.5878894752312861,-0.4165481337631501,-0.5630206378485483,1.454330517555298,805.74,2188.83,-0.30391679910107794,0.02207175835054141,-0.5237906934393498,-0.7688511384076607,-0.8162058475505171,-1.2129124454254296,-1.216579655763545,0.0,1.0658141036401503e-14,-1.1102230246251565e-16,0,0,0,0,0,0,6.69300143544155,7.691579194226749
-0.5878894752312861,-0.12570387468592106,-0.5630206378485483,1.454330517555298,785.35,2186.76,-0.4293880907651458,0.149962904391197,-0.5991227985681364,-0.7449809022618582,-0.7000099582253552,-1.2129124454254296,-1.216579655763545,0.0,1.0658141036401503e-14,-1.1102230246251565e-16,0,0,0,0,0,0,6.667401985936735,7.690633468311677
-0.5878894752312861,0.16514038439130796,-0.5630206378485483,1.454330517555298,749.6,1831.95,-0.5426828161449232,0.072632158277489,-0.7874530613901028,-0.70652329958251,-0.6200765444278443,-1.2129124454254296,-1.216579655763545,0.0,1.0658141036401503e-14,-1.1102230246251565e-16,0,0,0,0,0,0,6.62087288670092,7.51368196978081
-0.5878894752312861,0.455984643468537,-0.5630206378485483,1.454330517555298,708.01,2004.62,-0.419545420527871,0.35832194648932225,-0.674454903696923,-0.6083901065386559,0.07904838698160314,-1.2129124454254296,-1.216579655763545,0.0,1.0658141036401503e-14,-1.1102230246251565e-16,0,0,0,0,0,0,6.5638696308050175,7.603708518872544
-0.5878894752312861,0.7468289025457661,-0.5630206378485483,1.454330517555298,707.89,2160.64,-0.4117440966938357,0.46707647787303663,-0.6367888511325297,-0.07767518956365037,0.526285585155968,-1.2129124454254296,-1.216579655763545,0.0,1.0658141036401503e-14,-1.1102230246251565e-16,0,0,0,0,0,0,6.563700366399507,7.678622471845974
-0.5878894752312861,1.037673161622995,-0.5630206378485483,1.454330517555298,743.06,2049.52,-0.1922733539328374,0.2895137910561649,-0.5991227985681364,0.19868910003552795,0.22643780364237906,-1.2129124454254296,-1.216579655763545,0.0,1.0658141036401503e-14,-1.1102230246251565e-16,0,0,0,0,0,0,6.612121676742736,7.625848698503152
-0.5878894752312861,1.3285174207002242,-0.5630206378485483,1.454330517555298,774.69,1900.3,-0.20506752502065548,0.38284400188305423,-0.6367888511325297,0.09710798399283578,-0.010243085016591739,-1.2129124454254296,-1.216579655763545,0.0,1.0658141036401503e-14,-1.1102230246251565e-16,0,0,0,0,0,0,6.653752955831932,7.550293141715541
-0.5878894752312861,1.619361679777453,-0.5630206378485483,1.454330517555298,770.96,1816.81,-0.011867740270770956,0.1927065723749407,-0.5991227985681364,-0.06945321933565177,-0.3147698956305229,-1.2129124454254296,-1.216579655763545,0.0,1.0658141036401503e-14,-1.1102230246251565e-16,0,0,0,0,0,0,6.648932735210909,7.5053877588247815
-0.4118210537153165,-1.5799251700720662,-0.5630206378485483,1.454330517555298,817.61,1974.62,-0.2029156598631011,0.25079613216691493,-0.5991227985681364,-0.3118687286385779,-0.24770381185895288,-1.2129124454254296,-1.216579655763545,0.0,1.0658141036401503e-14,-1.1102230246251565e-16,0,0,0,0,0,0,6.7076077799621885,7.58863755212201
-0.4118210537153165,-1.2890809109948371,-0.5630206378485483,1.454330517555298,729.29,2140.34,-0.40479441737834954,-0.07416031617432713,-0.6367888511325297,-0.21347031074865927,-0.2387356727499639,-1.2129124454254296,-1.216579655763545,0.0,1.0658141036401503e-14,-1.1102230246251565e-16,0,0,0,0,0,0,6.593441715529439,7.669187080278673
-0.4118210537153165,-0.9982366519176081,-0.5630206378485483,1.454330517555298,761.02,2138.18,-0.3018494482850584,-0.12712586439149168,-0.5614567460037431,-0.2665152799615534,-0.3260775492896829,-1.2129124454254296,-1.216579655763545,0.0,1.0658141036401503e-14,-1.1102230246251565e-16,0,0,0,0,0,0,6.635972802061367,7.66817785701452
-0.4118210537153165,-0.7073923928403791,-0.5630206378485483,1.454330517555298,847.81,2160.36,-0.18096143437348644,0.30912097820467105,-0.44845858831056323,-0.12621133639344845,-0.2976134555959352,-1.2129124454254296,-1.216579655763545,0.0,1.0658141036401503e-14,-1.1102230246251565e-16,0,0,0,0,0,0,6.743835368568734,7.678492932174268
-0.4118210537153165,-0.4165481337631501,-0.5630206378485483,1.454330517555298,888.15,2177.87,0.055620211996829136,0.398765037847641,-0.3354604306173834,-0.04160461049888234,-0.379886383943617,-1.2129124454254296,-1.216579655763545,0.0,1.0658141036401503e-14,-1.1102230246251565e-16,0,0,0,0,0,0,6.79026595018967,7.686561672770191
-0.4118210537153165,-0.12570387468592106,-0.5630206378485483,1.454330517555298,801.13,2097.29,0.013993648239055917,0.5649294132021808,-0.41079253574617,-0.25961943396387716,-0.5198673378621845,-1.2129124454254296,-1.216579655763545,0.0,1.0658141036401503e-14,-1.1102230246251565e-16,0,0,0,0,0,0,6.68727068949367,7.648878006286533
-0.4118210537153165,0.16514038439130796,-0.5630206378485483,1.454330517555298,807.8,1736.66,0.12771744642970578,0.1397148812415782,-0.5614567460037431,-0.10711514747680657,-0.5631483570403489,-1.2129124454254296,-1.216579655763545,0.0,1.0658141036401503e-14,-1.1102230246251565e-16,0,0,0,0,0,0,6.695551667706262,7.460294659530197
-0.4118210537153165,0.455984643468537,-0.5630206378485483,1.454330517555298,637.95,1588.74,-0.17340065135766716,0.1937000031904647,-0.7497870088257096,-0.5755022256266616,-1.169472544626345,-1.2129124454254296,-1.216579655763545,0.0,1.0658141036401503e-14,-1.1102230246251565e-16,0,0,0,0,0,0,6.459826204054712,7.371325759830516
-0.4118210537153165,0.7468289025457661,-0.5630206378485483,1.454330517555298,561.45,1772.23,-0.2104439373629451,0.1539104847370962,-0.7121209562613162,-0.8616798345302255,-1.0614649562267817,-1.2129124454254296,-1.216579655763545,0.0,1.0658141036401503e-14,-1.1102230246251565e-16,0,0,0,0,0,0,6.332302241238835,7.480558021293087
-0.4118210537153165,1.037673161622995,-0.5630206378485483,1.454330517555298,552.2,1712.04,-0.20976782263066207,0.17822339680124427,-0.7497870088257096,-0.9942922575624606,-1.0025871733808103,-1.2129124454254296,-1.216579655763545,0.0,1.0658141036401503e-14,-1.1102230246251565e-16,0,0,0,0,0,0,6.3157195997906035,7.446024848897961
-0.4118210537153165,1.3285174207002242,-0.5630206378485483,1.454330517555298,581.99,1689.94,-0.2393608443744357,0.2843897794813552,-0.7497870088257096,-0.972543820185174,-0.7920308638654162,-1.2129124454254296,-1.216579655763545,0.0,1.0658141036401503e-14,-1.1102230246251565e-16,0,0,0,0,0,0,6.368170033544722,7.433039866305745
-0.4118210537153165,1.619361679777453,-0.5630206378485483,1.454330517555298,605.21,1706.15,-0.26397402107081686,0.13087857556665114,-0.7497870088257096,-0.8831630470614474,-0.5978511562012194,-1.2129124454254296,-1.216579655763545,0.0,1.0658141036401503e-14,-1.1102230246251565e-16,0,0,0,0,0,0,6.407226460693515,7.442580592396008
-0.235752632199347,-1.5799251700720662,-0.5630206378485483,1.454330517555298,717.11,1915.14,-0.3355121606289206,0.14073445497330017,-0.674454903696923,-0.63889096383607,-0.47775607595910574,-1.2129124454254296,-1.216579655763545,0.0,1.0658141036401503e-14,-1.1102230246251565e-16,0,0,0,0,0,0,6.576622760656409,7.558068024754933
-0.235752632199347,-1.2890809109948371,-0.5630206378485483,1.454330517555298,740.11,2326.59,-0.35464490733189236,0.13223800720894752,-0.5614567460037431,-0.27367635080529407,-0.021160819584056665,-1.2129124454254296,-1.216579655763545,0.0,1.0658141036401503e-14,-1.1102230246251565e-16,0,0,0,0,0,0,6.608149062321951,7.752588676502449
-0.235752632199347,-0.9982366519176081,-0.5630206378485483,1.454330517555298,699.53,2315.15,-0.21489069194834473,0.12146712573536844,-0.5237906934393498,-0.5272313036429279,-0.03753742143525398,-1.2129124454254296,-1.216579655763545,0.0,1.0658141036401503e-14,-1.1102230246251565e-16,0,0,0,0,0,0,6.551837191412494,7.747661603434983
-0.235752632199347,-0.7073923928403791,-0.5630206378485483,1.454330517555298,901.1,2255.82,-0.25321469528304363,0.8505146297492227,-0.37312648318177666,-0.14610319984828374,-0.18804619082959123,-1.2129124454254296,-1.216579655763545,0.0,1.0658141036401503e-14,-1.1102230246251565e-16,0,0,0,0,0,0,6.804725378662593,7.721712021754155
-0.235752632199347,-0.4165481337631501,-0.5630206378485483,1.454330517555298,892.76,2233.56,-0.2648386677957563,0.036685648505227764,-0.41079253574617,-0.2991379360274833,-0.26057114188489366,-1.2129124454254296,-1.216579655763545,0.0,1.0658141036401503e-14,-1.1102230246251565e-16,0,0,0,0,0,0,6.795437282756812,7.71179961965767
-0.235752632199347,-0.12570387468592106,-0.5630206378485483,1.454330517555298,942.3,2443.08,-0.36411051358385543,0.07945545940516947,-0.37312648318177666,0.15439655074276143,0.2825861528464841,-1.2129124454254296,-1.216579655763545,0.0,1.0658141036401503e-14,-1.1102230246251565e-16,0,0,0,0,0,0,6.8493843656558075,7.801424052979988
-0.235752632199347,0.16514038439130796,-0.5630206378485483,1.454330517555298,797.65,2218.88,-0.28869771652151416,0.19615743731307764,-0.44845858831056323,-0.346347958626959,0.7224148882786408,-1.2129124454254296,-1.216579655763545,0.0,1.0658141036401503e-14,-1.1102230246251565e-16,0,0,0,0,0,0,6.682922802235965,7.705208419351298
-0.235752632199347,0.455984643468537,-0.5630206378485483,1.454330517555298,720.5,2325.56,-0.19309899403860642,0.402032902372392,-0.44845858831056323,0.03027132278458916,1.4480543179233605,-1.2129124454254296,-1.216579655763545,0.0,1.0658141036401503e-14,-1.1102230246251565e-16,0,0,0,0,0,0,6.581332378213926,7.752146060765176
-0.235752632199347,0.7468289025457661,-0.5630206378485483,1.454330517555298,779.02,2410.2,-0.1251819689601339,-0.009665741913840778,-0.37312648318177666,0.7148166504769877,1.0433183007437692,-1.2129124454254296,-1.216579655763545,0.0,1.0658141036401503e-14,-1.1102230246251565e-16,0,0,0,0,0,0,6.659319560380553,7.7878798278722305
-0.235752632199347,1.037673161622995,-0.5630206378485483,1.454330517555298,889.77,2289.63,-0.1284325205576486,0.21113732829453635,-0.41079253574617,1.3083898559692728,0.9551965860206599,-1.2129124454254296,-1.216579655763545,0.0,1.0658141036401503e-14,-1.1102230246251565e-16,0,0,0,0,0,0,6.792086257222935,7.736582167883002
-0.235752632199347,1.3285174207002242,-0.5630206378485483,1.454330517555298,939.25,2303.91,-0.17431730690816621,0.17014523569605938,-0.3354604306173834,1.315285701966949,1.05618563076971,-1.2129124454254296,-1.216579655763545,0.0,1.0658141036401503e-14,-1.1102230246251565e-16,0,0,0,0,0,0,6.846145797350446,7.742796909115306
-0.235752632199347,1.619361679777453,-0.5630206378485483,1.454330517555298,914.58,2153.45,0.007505547250416247,0.40788891560074586,-0.37312648318177666,1.0428997850587378,0.6619774290658887,-1.2129124454254296,-1.216579655763545,0.0,1.0658141036401503e-14,-1.1102230246251565e-16,0,0,0,0,0,0,6.8195577442400115,7.675290749545941
-0.05968421068337747,-1.5799251700720662,-0.5630206378485483,1.454330517555298,812.61,2266.03,-0.09332006220129455,0.2862197836152159,-0.37312648318177666,0.040349866935039065,0.35394134662670107,-1.2129124454254296,-1.216579655763545,0.0,1.0658141036401503e-14,-1.1102230246251565e-16,0,0,0,0,0,0,6.70148113571093,7.726225883768006
-0.05968421068337747,-1.2890809109948371,-0.5630206378485483,1.454330517555298,823.43,2424.64,0.06810883123448068,0.3750534128560477,-0.2601283254885972,-0.014286451354241884,-0.1962344917551899,-1.2129124454254296,-1.216579655763545,0.0,1.0658141036401503e-14,-1.1102230246251565e-16,0,0,0,0,0,0,6.7146922384560925,7.793850686077253
-0.05968421068337747,-0.9982366519176081,-0.5630206378485483,1.454330517555298,871.74,2460.29,0.0769308282701354,0.816685696189,-0.14713016779541738,0.3400539429878908,-0.11591115886598401,-1.2129124454254296,-1.216579655763545,0.0,1.0658141036401503e-14,-1.1102230246251565e-16,0,0,0,0,0,0,6.771637687884555,7.808440881725795
-0.05968421068337747,-0.7073923928403791,-0.5630206378485483,1.454330517555298,920.03,2509.87,0.12557208237534595,0.7729747403059296,-0.14713016779541738,-0.25723241034929695,0.07865846788990798,-1.2129124454254296,-1.216579655763545,0.0,1.0658141036401503e-14,-1.1102230246251565e-16,0,0,0,0,0,0,6.825492609014711,7.828384585615049
-0.05968421068337747,-0.4165481337631501,-0.5630206378485483,1.454330517555298,926.7,2467.45,0.050679373568607126,1.0427957783855721,-0.22246227292420395,-0.2121441865183369,0.04785485964598924,-1.2129124454254296,-1.216579655763545,0.0,1.0658141036401503e-14,-1.1102230246251565e-16,0,0,0,0,0,0,6.8327084046592255,7.81134570227806
-0.05968421068337747,-0.12570387468592106,-0.5630206378485483,1.454330517555298,965.28,2454.49,0.08300935975748816,1.0835525847382672,-0.18479622035981066,-0.24821476558310493,-0.34206423204918507,-1.2129124454254296,-1.216579655763545,0.0,1.0658141036401503e-14,-1.1102230246251565e-16,0,0,0,0,0,0,6.873453647285116,7.8060816129806785
-0.05968421068337747,0.16514038439130796,-0.5630206378485483,1.454330517555298,961.05,2269.28,0.264195105802958,1.288382333149661,-0.0717980626666308,0.23051608156326442,-0.27187879554405375,-1.2129124454254296,-1.216579655763545,0.0,1.0658141036401503e-14,-1.1102230246251565e-16,0,0,0,0,0,0,6.869066424367025,7.727658450886328
-0.05968421068337747,0.455984643468537,-0.5630206378485483,1.454330517555298,848.04,2346.13,-0.03332138081436804,0.8193784165573942,-0.18479622035981066,0.15651834951127713,-0.3260775492896829,-1.2129124454254296,-1.216579655763545,0.0,1.0658141036401503e-14,-1.1102230246251565e-16,0,0,0,0,0,0,6.744106299453567,7.7609485841764565
-0.05968421068337747,0.7468289025457661,-0.5630206378485483,1.454330517555298,972.54,2462.35,-0.004645014621093482,0.8084506775866271,-0.0717980626666308,0.34588888960130915,-0.2761679055527006,-1.2129124454254296,-1.216579655763545,0.0,1.0658141036401503e-14,-1.1102230246251565e-16,0,0,0,0,0,0,6.880938912822779,7.809277491151114
-0.05968421068337747,1.037673161622995,-0.5630206378485483,1.454330517555298,1069.62,2332.98,0.22605313335772034,1.0261688836836398,-0.0717980626666308,0.2230897858734593,-0.28669572102847035,-1.2129124454254296,-1.216579655763545,0.0,1.0658141036401503e-14,-1.1102230246251565e-16,0,0,0,0,0,0,6.975993198898185,7.755330243829496
-0.05968421068337747,1.3285174207002242,-0.5630206378485483,1.454330517555298,1083.6,2380.93,0.13877582296445037,0.9079767595524447,-0.03413201010223751,0.0947209603782555,-0.23015745273267008,-1.2129124454254296,-1.216579655763545,0.0,1.0658141036401503e-14,-1.1102230246251565e-16,0,0,0,0,0,0,6.98896653440696,7.775666362413747
-0.05968421068337747,1.619361679777453,-0.5630206378485483,1.454330517555298,1099.28,2444.93,0.15140746647239273,1.0106922772944187,0.003534042462155777,0.22282456102739479,0.1675600207964077,-1.2129124454254296,-1.216579655763545,0.0,1.0658141036401503e-14,-1.1102230246251565e-16,0,0,0,0,0,0,7.00331997184981,7.802180697685525
0.11638421083259207,-1.5799251700720662,-0.5630206378485483,1.454330517555298,1161.02,2673.91,-0.12023462942871671,0.9694126126177639,0.04120009502654906,0.8243545119016141,0.3414639356924555,-1.2129124454254296,-1.216579655763545,0.0,1.0658141036401503e-14,-1.1102230246251565e-16,0,0,0,0,0,0,7.0579151489676955,7.8916710139042925
0.11638421083259207,-1.2890809109948371,-0.5630206378485483,1.454330517555298,1084.62,2682.94,0.017289707558935646,0.9732033354664746,0.07886614759094235,0.5283635836936649,0.054873403296502365,-1.2129124454254296,-1.216579655763545,0.0,1.0658141036401503e-14,-1.1102230246251565e-16,0,0,0,0,0,0,6.989906531342852,7.895041143147217
0.11638421083259207,-0.9982366519176081,-0.5630206378485483,1.454330517555298,1193.31,2691.02,-0.04924258253899555,1.0169927200981383,0.11653220015533564,0.6654848291089962,0.005353678651215246,-1.2129124454254296,-1.216579655763545,0.0,1.0658141036401503e-14,-1.1102230246251565e-16,0,0,0,0,0,0,7.0853238917449115,7.898047120157526
0.11638421083259207,-0.7073923928403791,-0.5630206378485483,1.454330517555298,1440.74,3080.61,0.38547968700942714,1.4345473776127244,0.34252851554169494,1.1882430007020677,0.526285585155968,-1.2129124454254296,-1.216579655763545,0.0,1.0658141036401503e-14,-1.1102230246251565e-16,0,0,0,0,0,0,7.273605996456208,8.033207466666038
0.11638421083259207,-0.4165481337631501,-0.5630206378485483,1.454330517555298,1220.13,2944.13,0.2276784091564777,1.9718888771465855,0.30486246297730163,0.5267722346172781,0.39293325579621846,-1.2129124454254296,-1.216579655763545,0.0,1.0658141036401503e-14,-1.1102230246251565e-16,0,0,0,0,0,0,7.107531938549635,7.987908237726032
0.11638421083259207,-0.12570387468592106,-0.5630206378485483,1.454330517555298,1154.66,2522.42,0.2601579207188447,2.051284913639936,0.1541982527197285,0.20744151995565555,-0.25238284095929503,-1.2129124454254296,-1.216579655763545,0.0,1.0658141036401503e-14,-1.1102230246251565e-16,0,0,0,0,0,0,7.052426888324186,7.833370403276609
0.11638421083259207,0.16514038439130796,-0.5630206378485483,1.454330517555298,1058.17,2456.22,0.3914216953296837,2.4591666921612596,0.1918643052841218,-0.04478730865165601,-0.039097097802034644,-1.2129124454254296,-1.216579655763545,0.0,1.0658141036401503e-14,-1.1102230246251565e-16,0,0,0,0,0,0,6.965240861518793,7.806785908602245
0.11638421083259207,0.455984643468537,-0.5630206378485483,1.454330517555298,913.07,2507.36,0.5425333379949479,2.249448218420837,0.11653220015533564,-0.10950217109138681,-0.09251601336427354,-1.2129124454254296,-1.216579655763545,0.0,1.0658141036401503e-14,-1.1102230246251565e-16,0,0,0,0,0,0,6.81790715495482,7.827384432121692
0.11638421083259207,0.7468289025457661,-0.5630206378485483,1.454330517555298,989.89,2532.82,0.5367213517385913,2.3344388389805624,0.1541982527197285,-0.26571960542336,-0.24887356913403846,-1.2129124454254296,-1.216579655763545,0.0,1.0658141036401503e-14,-1.1102230246251565e-16,0,0,0,0,0,0,6.898603529178226,7.837483324419617
0.11638421083259207,1.037673161622995,-0.5630206378485483,1.454330517555298,1062.6,2386.62,0.47662515380373954,2.8117562029237955,0.1541982527197285,-0.3304344678630908,-0.2707090382689682,-1.2129124454254296,-1.216579655763545,0.0,1.0658141036401503e-14,-1.1102230246251565e-16,0,0,0,0,0,0,6.969414659368865,7.778052332871909
0.11638421083259207,1.3285174207002242,-0.5630206378485483,1.454330517555298,991.03,2443.13,0.2827622565279623,2.230573032925876,0.04120009502654906,-0.5394316465618935,-0.2586215464264178,-1.2129124454254296,-1.216579655763545,0.0,1.0658141036401503e-14,-1.1102230246251565e-16,0,0,0,0,0,0,6.899753348763078,7.80144451036623
0.11638421083259207,1.619361679777453,-0.5630206378485483,1.454330517555298,1033.81,2487.88,0.1335099293764769,3.2560289207927466,0.11653220015533564,-0.47100363627726016,-0.2917646692205076,-1.2129124454254296,-1.216579655763545,0.0,1.0658141036401503e-14,-1.1102230246251565e-16,0,0,0,0,0,0,6.941973113968312,7.819588089071963
0.2924526323485616,-1.5799251700720662,-0.5630206378485483,1.454330517555298,1066.25,2646.53,0.26664602170748436,2.9841425923334617,0.1541982527197285,-0.5293531024114437,-0.400162176711766,-1.2129124454254296,-1.216579655763545,0.0,1.0658141036401503e-14,-1.1102230246251565e-16,0,0,0,0,0,0,6.972840525638071,7.881382408856121
0.2924526323485616,-1.2890809109948371,-0.5630206378485483,1.454330517555298,931.64,2491.38,0.05305227623479263,2.2679312601728294,-0.03413201010223751,-0.6868966609737392,-0.6387926608292127,-1.2129124454254296,-1.216579655763545,0.0,1.0658141036401503e-14,-1.1102230246251565e-16,0,0,0,0,0,0,6.838019274297239,7.820993356243713
0.2924526323485616,-0.9982366519176081,-0.5630206378485483,1.454330517555298,980.65,2521.12,-0.008318137926284868,2.425442330265829,-0.03413201010223751,-0.7855603037097222,-0.6064293762185132,-1.2129124454254296,-1.216579655763545,0.0,1.0658141036401503e-14,-1.1102230246251565e-16,0,0,0,0,0,0,6.889234829344758,7.832855096677606
0.2924526323485616,-0.7073923928403791,-0.5630206378485483,1.454330517555298,852.28,2551.98,0.09376868554526196,2.079336262720399,-0.03413201010223751,-1.3961078993501335,-1.0294915907077773,-1.2129124454254296,-1.216579655763545,0.0,1.0658141036401503e-14,-1.1102230246251565e-16,0,0,0,0,0,0,6.749087746852292,7.8450165832899215
0.2924526323485616,-0.4165481337631501,-0.5630206378485483,1.454330517555298,795.15,2521.88,0.14384018235337825,1.7158974417356891,-0.0717980626666308,-1.2367077668653865,-0.9195344068497382,-1.2129124454254296,-1.216579655763545,0.0,1.0658141036401503e-14,-1.1102230246251565e-16,0,0,0,0,0,0,6.679787610302435,7.833156385084246
0.2924526323485616,-0.12570387468592106,-0.5630206378485483,1.454330517555298,805.43,2365.49,0.02511053470255587,1.435279379266269,-0.14713016779541738,-1.1152347873678592,-0.6029201043932566,-1.2129124454254296,-1.216579655763545,0.0,1.0658141036401503e-14,-1.1102230246251565e-16,0,0,0,0,0,0,6.692617099006065,7.769163123687681
0.2924526323485616,0.16514038439130796,-0.5630206378485483,1.454330517555298,657.08,2119.32,0.1720549702198063,1.9648825756055186,-0.14713016779541738,-1.318131794607179,-0.8953594231646376,-1.2129124454254296,-1.216579655763545,0.0,1.0658141036401503e-14,-1.1102230246251565e-16,0,0,0,0,0,0,6.489326504482114,7.6593222996714765
0.2924526323485616,0.455984643468537,-0.5630206378485483,1.454330517555298,627.88,2207.25,-0.02264656936812969,1.1436290061612902,-0.2977943780529905,-1.1412268222821773,-0.827123582117982,-1.2129124454254296,-1.216579655763545,0.0,1.0658141036401503e-14,-1.1102230246251565e-16,0,0,0,0,0,0,6.443940459485501,7.6999556256252415
0.2924526323485616,0.7468289025457661,-0.5630206378485483,1.454330517555298,641.1,2192.35,0.036389948745932155,1.737203918437065,-0.2977943780529905,-1.2473167607079654,-0.8844416885971725,-1.2129124454254296,-1.216579655763545,0.0,1.0658141036401503e-14,-1.1102230246251565e-16,0,0,0,0,0,0,6.464744054800002,7.693185334406577
0.2924526323485616,1.037673161622995,-0.5630206378485483,1.454330517555298,684.71,2080.32,-0.14576446167559695,1.5437986244042017,-0.37312648318177666,-1.256069180628093,-0.860656624003767,-1.2129124454254296,-1.216579655763545,0.0,1.0658141036401503e-14,-1.1102230246251565e-16,0,0,0,0,0,0,6.530454797821138,7.64075758679679
0.2924526323485616,1.3285174207002242,-0.5630206378485483,1.454330517555298,634.72,2173.46,-0.26345393281521495,1.2450896639257596,-0.41079253574617,-1.2664129496246075,-0.7908611065903307,-1.2129124454254296,-1.216579655763545,0.0,1.0658141036401503e-14,-1.1102230246251565e-16,0,0,0,0,0,0,6.454758214828619,7.684535636835162
0.2924526323485616,1.619361679777453,-0.5630206378485483,1.454330517555298,722.37,2210.26,-0.3175821180170295,0.6091370844930128,-0.41079253574617,-1.1120520892150856,-0.7955401356906728,-1.2129124454254296,-1.216579655763545,0.0,1.0658141036401503e-14,-1.1102230246251565e-16,0,0,0,0,0,0,6.583920847825877,7.701317767792768
0.46852105386453113,-1.5799251700720662,-0.5630206378485483,1.454330517555298,761.49,2308.43,-0.3491189696161173,0.9264336583882383,-0.41079253574617,-1.0709422380750926,-0.8587070285452909,-1.2129124454254296,-1.216579655763545,0.0,1.0658141036401503e-14,-1.1102230246251565e-16,0,0,0,0,0,0,6.6365893936414695,7.744756019820494
0.46852105386453113,-1.2890809109948371,-0.5630206378485483,1.454330517555298,902.55,2614.0,-0.2344200059462131,0.6865724022715127,-0.2601283254885972,-0.3956797799949505,-0.16855023624483254,-1.2129124454254296,-1.216579655763545,0.0,1.0658141036401503e-14,-1.1102230246251565e-16,0,0,0,0,0,0,6.806331448844173,7.869019376499023
0.46852105386453113,-0.9982366519176081,-0.5630206378485483,1.454330517555298,932.01,2547.9,-0.2731340754726134,1.1670792019909029,-0.2977943780529905,-0.4444811516708131,-0.3190590056391698,-1.2129124454254296,-1.216579655763545,0.0,1.0658141036401503e-14,-1.1102230246251565e-16,0,0,0,0,0,0,6.838415918903517,7.843417172535549
0.46852105386453113,-0.7073923928403791,-0.5630206378485483,1.454330517555298,959.06,2742.55,0.021190369475953298,0.8202411327919282,-0.10946411523102409,0.019397104095945864,-0.06912086786256308,-1.2129124454254296,-1.216579655763545,0.0,1.0658141036401503e-14,-1.1102230246251565e-16,0,0,0,0,0,0,6.866995782508838,7.917007981228165
0.46852105386453113,-0.4165481337631501,-0.5630206378485483,1.454330517555298,1308.37,3322.42,-0.0614126477200902,0.7796934697688181,0.1541982527197285,1.3990967533233216,0.8772127676816249,-1.2129124454254296,-1.216579655763545,0.0,1.0658141036401503e-14,-1.1102230246251565e-16,0,0,0,0,0,0,7.17730138448746,8.108749652182448
0.46852105386453113,-0.12570387468592106,-0.5630206378485483,1.454330517555298,1265.49,2872.72,-0.10919575620355644,1.139446139569609,0.07886614759094235,1.2020346926974201,0.4755961032355955,-1.2129124454254296,-1.216579655763545,0.0,1.0658141036401503e-14,-1.1102230246251565e-16,0,0,0,0,0,0,7.144004573634798,7.963362636701457
0.46852105386453113,0.16514038439130796,-0.5630206378485483,1.454330517555298,1218.0,2856.45,-0.1270087789579374,1.100414765685982,0.04120009502654906,1.9512948828295493,0.9957481715569579,-1.2129124454254296,-1.216579655763545,0.0,1.0658141036401503e-14,-1.1102230246251565e-16,0,0,0,0,0,0,7.105786129481271,7.957684897703103
0.46852105386453113,0.455984643468537,-0.5630206378485483,1.454330517555298,1148.72,2926.05,-0.09461378173710586,0.9289695212594447,0.003534042462155777,1.8871104700819474,0.9095760522923244,-1.2129124454254296,-1.216579655763545,0.0,1.0658141036401503e-14,-1.1102230246251565e-16,0,0,0,0,0,0,7.047273713450783,7.981750368882848
0.46852105386453113,0.7468289025457661,-0.5630206378485483,1.454330517555298,1206.54,2916.17,-0.3609509774310708,0.6873828326736514,-0.0717980626666308,2.0263535142657947,0.9271224114186074,-1.2129124454254296,-1.216579655763545,0.0,1.0658141036401503e-14,-1.1102230246251565e-16,0,0,0,0,0,0,7.09634051127206,7.978369247223386
0.46852105386453113,1.037673161622995,-0.5630206378485483,1.454330517555298,1135.56,2971.53,-0.3301877571121917,0.9816474973984313,-0.0717980626666308,1.4335759833117028,1.3100229594632684,-1.2129124454254296,-1.216579655763545,0.0,1.0658141036401503e-14,-1.1102230246251565e-16,0,0,0,0,0,0,7.035761435563821,7.997168721028726
0.46852105386453113,1.3285174207002242,-0.5630206378485483,1.454330517555298,1153.86,2992.1,-0.3303242802792874,0.6846116835566621,-0.10946411523102409,1.856344387938469,1.1084347890568633,-1.2129124454254296,-1.216579655763545,0.0,1.0658141036401503e-14,-1.1102230246251565e-16,0,0,0,0,0,0,7.051734403487899,8.004064918587572
0.46852105386453113,1.619361679777453,-0.5630206378485483,1.454330517555298,1169.81,3046.57,-0.3078174610180956,0.7037744411298026,-0.0717980626666308,1.329873068500495,1.1150634136156814,-1.2129124454254296,-1.216579655763545,0.0,1.0658141036401503e-14,-1.1102230246251565e-16,0,0,0,0,0,0,7.065451095949687,8.02209983073888
0.6445894753805007,-1.5799251700720662,-0.5630206378485483,1.454330517555298,1177.63,3081.09,-0.2967330800705703,0.6581027665318822,0.003534042462155777,1.1365241557194958,0.9446687705448901,-1.2129124454254296,-1.216579655763545,0.0,1.0658141036401503e-14,-1.1102230246251565e-16,0,0,0,0,0,0,7.072108026008257,8.033363217270699
0.6445894753805007,-1.2890809109948371,-0.5630206378485483,1.454330517555298,977.13,3156.29,-0.49714908936693714,0.8139929758206046,-0.0717980626666308,-0.09385390517358305,0.4486916859086284,-1.2129124454254296,-1.216579655763545,0.0,1.0658141036401503e-14,-1.1102230246251565e-16,0,0,0,0,0,0,6.885642585536539,8.057469343699331
0.6445894753805007,-0.9982366519176081,-0.5630206378485483,1.454330517555298,1013.95,3136.1,-0.45192091443911764,0.6238555463124911,-0.10946411523102409,-0.07979698833216613,0.5399327533652992,-1.2129124454254296,-1.216579655763545,0.0,1.0658141036401503e-14,-1.1102230246251565e-16,0,0,0,0,0,0,6.922594629178777,8.051054085272654
0.6445894753805007,-0.7073923928403791,-0.5630206378485483,1.454330517555298,1079.55,3636.57,-0.24269591031348584,0.6564819057276053,0.07886614759094235,0.020192778634139305,0.91074580956741,-1.2129124454254296,-1.216579655763545,0.0,1.0658141036401503e-14,-1.1102230246251565e-16,0,0,0,0,0,0,6.985225449749036,8.199071155280839
0.6445894753805007,-0.4165481337631501,-0.5630206378485483,1.454330517555298,1034.93,3791.05,-0.19609600261151477,0.48597780628419657,0.11653220015533564,-0.8672495562975792,0.18978540902303265,-1.2129124454254296,-1.216579655763545,0.0,1.0658141036401503e-14,-1.1102230246251565e-16,0,0,0,0,0,0,6.94305485296907,8.24066204894199
0.6445894753805007,-0.12570387468592106,-0.5630206378485483,1.454330517555298,1002.39,3353.29,-0.07947271239588236,-0.1278840089612338,0.04120009502654906,-0.8643320829908699,0.29194421104716833,-1.2129124454254296,-1.216579655763545,0.0,1.0658141036401503e-14,-1.1102230246251565e-16,0,0,0,0,0,0,6.911139545885282,8.117995402569038
0.6445894753805007,0.16514038439130796,-0.5630206378485483,1.454330517555298,880.2,3210.98,0.04253999236843001,-0.052435552813781885,0.04120009502654906,-1.0483981261596127,0.12349916343485304,-1.2129124454254296,-1.216579655763545,0.0,1.0658141036401503e-14,-1.1102230246251565e-16,0,0,0,0,0,0,6.781284614928188,8.074642848397204
0.6445894753805007,0.455984643468537,-0.5630206378485483,1.454330517555298,875.35,3342.33,-0.14230587477584147,0.05945612851369298,0.07886614759094235,-0.9441647616562757,0.19446443812337477,-1.2129124454254296,-1.216579655763545,0.0,1.0658141036401503e-14,-1.1102230246251565e-16,0,0,0,0,0,0,6.775765554519185,8.114722595278401
0.6445894753805007,0.7468289025457661,-0.5630206378485483,1.454330517555298,909.57,3533.5,-0.033087341099347196,-0.13460273842412174,0.1541982527197285,-0.9656479741874977,0.4650682877598258,-1.2129124454254296,-1.216579655763545,0.0,1.0658141036401503e-14,-1.1102230246251565e-16,0,0,0,0,0,0,6.814070777047189,8.170327125611008
0.6445894753805007,1.037673161622995,-0.5630206378485483,1.454330517555298,906.41,3258.04,-0.15241509024411234,0.1263035652319997,0.07886614759094235,-0.8481533673809373,0.01549157503528977,-1.2129124454254296,-1.216579655763545,0.0,1.0658141036401503e-14,-1.1102230246251565e-16,0,0,0,0,0,0,6.8105943876672645,8.08918795246583
0.6445894753805007,1.3285174207002242,-0.5630206378485483,1.454330517555298,771.91,3004.67,0.0711383453233643,0.10332394189395062,0.04120009502654906,-1.1908238684962333,-0.34401382750766096,-1.2129124454254296,-1.216579655763545,0.0,1.0658141036401503e-14,-1.1102230246251565e-16,0,0,0,0,0,0,6.65016261231351,8.008255783847485
0.6445894753805007,1.619361679777453,-0.5630206378485483,1.454330517555298,831.93,2847.19,-0.17834148978588973,0.09184720168302478,-0.03413201010223751,-1.0788989834570266,-0.6153975153275022,-1.2129124454254296,-1.216579655763545,0.0,1.0658141036401503e-14,-1.1102230246251565e-16,0,0,0,0,0,0,6.724949605022375,7.954438983789767
0.8206578968964702,-1.5799251700720662,-0.5630206378485483,1.454330517555298,788.25,2853.04,-0.18817765891996932,0.11616011374717285,-0.10946411523102409,-1.1897629691119753,-0.6489305572132873,-1.2129124454254296,-1.216579655763545,0.0,1.0658141036401503e-14,-1.1102230246251565e-16,0,0,0,0,0,0,6.671083127438101,7.956490813355526
0.8206578968964702,-1.2890809109948371,-0.5630206378485483,1.454330517555298,817.12,2822.14,-0.15180398654377925,0.5118070074878284,-0.18479622035981066,-0.7473679258764385,-0.7733147474640478,-1.2129124454254296,-1.216579655763545,0.0,1.0658141036401503e-14,-1.1102230246251565e-16,0,0,0,0,0,0,6.707009025109966,7.945605019655767
0.8206578968964702,-0.9982366519176081,-0.5630206378485483,1.454330517555298,834.85,2746.1,-0.037150530596240586,0.6698670788209858,-0.2601283254885972,-0.7813167061726908,-0.8454497794276552,-1.2129124454254296,-1.216579655763545,0.0,1.0658141036401503e-14,-1.1102230246251565e-16,0,0,0,0,0,0,6.72844917114864,7.918301088781796
0.8206578968964702,-0.7073923928403791,-0.5630206378485483,1.454330517555298,719.77,2836.14,0.07707385254042623,0.2355025261910798,-0.2601283254885972,-1.196924039955716,-1.218602350179937,-1.2129124454254296,-1.216579655763545,0.0,1.0658141036401503e-14,-1.1102230246251565e-16,0,0,0,0,0,0,6.580320085006221,7.950551781493997
0.8206578968964702,-0.4165481337631501,-0.5630206378485483,1.454330517555298,854.25,2654.73,0.21622996643003112,0.5875691786296561,-0.22246227292420395,-0.7760122092514014,-1.5289779471692957,-1.2129124454254296,-1.216579655763545,0.0,1.0658141036401503e-14,-1.1102230246251565e-16,0,0,0,0,0,0,6.751393823857714,7.884474848802434
0.8206578968964702,-0.12570387468592106,-0.5630206378485483,1.454330517555298,937.14,2413.52,0.5862272525687406,0.27767105001846726,-0.14713016779541738,-0.4855910028108061,-1.453333643380432,-1.2129124454254296,-1.216579655763545,0.0,1.0658141036401503e-14,-1.1102230246251565e-16,0,0,0,0,0,0,6.843899191600338,7.789255788567756
0.8206578968964702,0.16514038439130796,-0.5630206378485483,1.454330517555298,885.39,2302.84,0.7037411939220926,0.12350627319881301,-0.0717980626666308,-0.297281362105032,-1.4630816206728114,-1.2129124454254296,-1.216579655763545,0.0,1.0658141036401503e-14,-1.1102230246251565e-16,0,0,0,0,0,0,6.787157034340934,7.742332574959961
0.8206578968964702,0.455984643468537,-0.5630206378485483,1.454330517555298,884.79,2308.55,0.778965458991778,0.32412701210232775,-0.03413201010223751,-0.2842853446478729,-1.5664101799720322,-1.2129124454254296,-1.216579655763545,0.0,1.0658141036401503e-14,-1.1102230246251565e-16,0,0,0,0,0,0,6.7864799021953,7.744807979344038
0.8206578968964702,0.7468289025457661,-0.5630206378485483,1.454330517555298,961.12,2316.45,0.936071118802859,-0.1548112126451821,0.003534042462155777,-0.1625471403042809,-1.7032717811570386,-1.2129124454254296,-1.216579655763545,0.0,1.0658141036401503e-14,-1.1102230246251565e-16,0,0,0,0,0,0,6.869139183011044,7.748222722234236
0.8206578968964702,1.037673161622995,-0.5630206378485483,1.454330517555298,918.04,2091.01,0.9857850549352485,0.03014991945572572,-0.03413201010223751,-0.2789808477265835,-1.7570806158109724,-1.2129124454254296,-1.216579655763545,0.0,1.0658141036401503e-14,-1.1102230246251565e-16,0,0,0,0,0,0,6.82332964697975,7.645880605288112
0.8206578968964702,1.3285174207002242,-0.5630206378485483,1.454330517555298,1017.37,2157.65,0.9520053227338756,0.3752102703532356,0.07886614759094235,0.5304853824621806,-1.4595723488475547,-1.2129124454254296,-1.216579655763545,0.0,1.0658141036401503e-14,-1.1102230246251565e-16,0,0,0,0,0,0,6.925958588836011,7.677238305284292
0.8206578968964702,1.619361679777453,-0.5630206378485483,1.454330517555298,1030.04,2160.35,0.9634407632539325,-0.016750472203501086,0.11653220015533564,0.3185707304566686,-1.3008752785276188,-1.2129124454254296,-1.216579655763545,0.0,1.0658141036401503e-14,-1.1102230246251565e-16,0,0,0,0,0,0,6.938323280548555,7.678488305447052
0.9967263184124397,-1.5799251700720662,-0.5630206378485483,1.454330517555298,1062.07,2122.97,1.0161387057528413,-0.2661277498163007,0.04120009502654906,0.608461487205135,-1.3581933850068093,-1.2129124454254296,-1.216579655763545,0.0,1.0658141036401503e-14,-1.1102230246251565e-16,0,0,0,0,0,0,6.968916227537906,7.661042257968295
0.9967263184124397,-1.2890809109948371,-0.5630206378485483,1.454330517555298,1040.9,2441.51,1.2398351655906086,0.05111653824652823,0.22953035784851508,0.41352122534774916,-0.8863912840556484,-1.2129124454254296,-1.216579655763545,0.0,1.0658141036401503e-14,-1.1102230246251565e-16,0,0,0,0,0,0,6.948801248418138,7.800781478074371
0.9967263184124397,-0.9982366519176081,-0.5630206378485483,1.454330517555298,1050.0,2050.0,1.7202861950128678,-0.15091591813167887,0.04120009502654906,0.3705548002853049,-1.348835326806125,-0.9207381439027102,-0.8929107680575872,0.0,1.0658141036401503e-14,-1.1102230246251565e-16,0,0,0,0,0,0,6.957497370876951,7.62608275807238
0.9967263184124397,-0.7073923928403791,-0.5630206378485483,1.454330517555298,1358.0,2317.0,2.337890998540663,-0.3335764736071617,0.5308587783636614,2.0388190820308245,-1.0739423671610273,-0.6869987026845346,-0.5692418803516291,0.0,1.0658141036401503e-14,-1.1102230246251565e-16,0,0,0,0,0,0,7.214504414151143,7.748460023899697
0.9967263184124397,-0.4165481337631501,-0.5630206378485483,1.454330517555298,1517.0,2683.0,2.316437357997066,0.3172775680584493,0.8698532514432001,1.7446847277453268,-0.3190590056391698,-0.45325926146635875,-0.31030677018686253,0.0,1.0658141036401503e-14,-1.1102230246251565e-16,0,0,0,0,0,0,7.325148957955575,7.895063498091573
0.9967263184124397,-0.12570387468592106,-0.5630206378485483,1.454330517555298,1867.0,2917.0,2.5329240943915456,-0.28557807946761893,1.0958495668295598,2.318631294628841,0.4529807959172753,-0.2195198202481835,-0.05137166002209593,0.0,1.0658141036401503e-14,-1.1102230246251565e-16,0,0,0,0,0,0,7.532623618788788,7.978653729082731
0.9967263184124397,0.16514038439130796,-0.5630206378485483,1.454330517555298,1925.0,3550.0,2.5329240943915456,-0.4460171561747948,1.4348440399090994,2.8013405144661774,1.7514113712622055,-0.04421523933455195,0.1428296726014782,0.0,1.0658141036401503e-14,-1.1102230246251565e-16,0,0,0,0,0,0,7.563200592358071,8.174984532943087
0.9967263184124397,0.455984643468537,-0.5630206378485483,1.454330517555298,1717.0,4283.0,2.2618280911588187,-0.4254426811269627,1.4348440399090994,2.181775274059574,2.9745875619099675,0.13108934157908014,0.3370310052250534,0.0,1.0658141036401503e-14,-1.1102230246251565e-16,0,0,0,0,0,0,7.4489161025442,8.36264243156764
0.9967263184124397,0.7468289025457661,-0.5630206378485483,1.454330517555298,1925.0,4450.0,2.1266051447022067,-0.6718919521255857,1.4348440399090994,2.3470103531577395,3.2307644051536966,0.3063939224927112,0.5312323378486276,0.0,1.0658141036401503e-14,-1.1102230246251565e-16,0,0,0,0,0,0,7.563200592358071,8.400884069015854
0.9967263184124397,1.037673161622995,-0.5630206378485483,1.454330517555298,1820.0,4040.0,1.8828137748886034,-0.445781869929013,1.246513777087133,2.2929044845605873,3.274045424331861,0.48169850340634324,0.6606998929310114,0.0,1.0658141036401503e-14,-1.1102230246251565e-16,0,0,0,0,0,0,7.507141079727608,8.304247465078474
0.9967263184124397,1.3285174207002242,-0.5630206378485483,1.454330517555298,1960.0,3700.0,1.6877806790377208,-0.2845323628196984,1.1711816719583463,2.144378570764484,2.4267512380782477,0.5985682240154306,0.7901674480133942,0.0,1.0658141036401503e-14,-1.1102230246251565e-16,0,0,0,0,0,0,7.581209826196346,8.216358332386156
0.9967263184124397,1.619361679777453,-0.5630206378485483,1.454330517555298,1612.5,3500.0,1.639022405075,-0.3876400243046428,1.133515619393953,1.1869168764717453,2.0574978582429178,0.7738728049290627,0.9196350030957781,0.0,1.0658141036401503e-14,-1.1102230246251565e-16,0,0,0,0,0,0,7.386161011492017,8.160803920954665
1.1727947399284093,-1.5799251700720662,-0.5630206378485483,1.454330517555298,1440.0,3920.0,1.2977144873359554,-0.5123417345691419,1.0581835142651665,0.6307403742745505,2.9402746818407923,0.89074252553815,0.9843687806369694,0.0,1.0658141036401503e-14,-1.1102230246251565e-16,0,0,0,0,0,0,7.273092595999522,8.27410200229233
1.1727947399284093,-1.2890809109948371,-0.5630206378485483,1.454330517555298,1633.33,3866.67,1.2327034553856613,-0.8309977401066638,1.0581835142651665,1.1967301957761307,1.9155673088658742,1.0660471064517822,1.0491025581781608,0.0,1.0658141036401503e-14,-1.1102230246251565e-16,0,0,0,0,0,0,7.398988213413432,8.260407537525138
1.1727947399284093,-0.9982366519176081,-0.5630206378485483,1.454330517555298,1690.0,3880.0,1.2977144873359554,-0.7506082727977886,1.0581835142651665,1.3036158087401124,3.1204173022039625,1.0660471064517822,1.0491025581781608,0.0,1.0658141036401503e-14,-1.1102230246251565e-16,0,0,0,0,0,0,7.43307534889858,8.263848131368906
1.1727947399284093,-0.7073923928403791,-0.5630206378485483,1.454330517555298,1750.0,4050.0,1.0701758755099258,-0.6372264452470269,1.0581835142651665,0.4527745025652908,2.55581445742935,1.0660471064517822,1.0491025581781608,0.0,1.0658141036401503e-14,-1.1102230246251565e-16,0,0,0,0,0,0,7.467942332285852,8.30671904320269
1.1727947399284093,-0.4165481337631501,-0.5630206378485483,1.454330517555298,1742.27,4002.8,0.9554249030144613,-0.7932735120329378,1.133515619393953,0.08092926838290304,1.557621582689704,0.89074252553815,0.9843687806369694,0.0,1.0658141036401503e-14,-1.1102230246251565e-16,0,0,0,0,0,0,7.463517938859057,8.294999189137616
1.1727947399284093,-0.12570387468592106,-0.5630206378485483,1.454330517555298,1833.0,3933.0,0.5825931358827191,-1.0158543005427791,1.133515619393953,-0.36120055000656937,0.9976977670154338,0.89074252553815,0.9843687806369694,0.0,1.0658141036401503e-14,-1.1102230246251565e-16,0,0,0,0,0,0,7.51425465281641,8.277411998949004
1.1727947399284093,0.16514038439130796,-0.5630206378485483,1.454330517555298,1659.83,4140.0,0.4061466940664257,-0.8126192700194635,0.9451853565719867,-0.6781442410536117,0.28765510103852143,0.89074252553815,0.9843687806369694,0.0,1.0658141036401503e-14,-1.1102230246251565e-16,0,0,0,0,0,0,7.41507275639224,8.328692583545568
1.1727947399284093,0.455984643468537,-0.5630206378485483,1.454330517555298,1506.4,4240.0,0.19373614937522907,-1.05049366450514,0.7191890411856278,-0.6383605141439411,-0.39938233852837574,0.89074252553815,0.9843687806369694,0.0,1.0658141036401503e-14,-1.1102230246251565e-16,0,0,0,0,0,0,7.318141591409369,8.352554369474591
1.1727947399284093,0.7468289025457661,-0.5630206378485483,1.454330517555298,1365.54,4050.0,-0.0037088557610095046,-0.7833914897100908,0.4555266732348748,-1.0836730306861873,-0.7109276927928199,0.89074252553815,0.9843687806369694,0.0,1.0658141036401503e-14,-1.1102230246251565e-16,0,0,0,0,0,0,7.220037276802132,8.30671904320269
1.1727947399284093,1.037673161622995,-0.5630206378485483,1.454330517555298,1238.0,3686.82,-0.16503373154566436,-1.0201678817154507,0.22953035784851508,-1.1611186857370126,-0.7011797155004406,0.89074252553815,0.9843687806369694,0.0,1.0658141036401503e-14,-1.1102230246251565e-16,0,0,0,0,0,0,7.122059881629142,8.212790776543955
1.1727947399284093,1.3285174207002242,-0.5630206378485483,1.454330517555298,1060.0,3420.0,-0.3841534147341311,-1.3645223738756145,0.003534042462155777,-1.5308421211508845,-0.6555591817721053,0.89074252553815,0.9843687806369694,0.0,1.0658141036401503e-14,-1.1102230246251565e-16,0,0,0,0,0,0,6.966967138613983,8.137688184977605
1.1727947399284093,1.619361679777453,-0.5630206378485483,1.454330517555298,1000.0,3250.0,-0.47029303206827094,-1.5760708517498967,-0.14713016779541738,-1.3202535933756947,-0.6387926608292127,0.89074252553815,0.9843687806369694,0.0,1.0658141036401503e-14,-1.1102230246251565e-16,0,0,0,0,0,0,6.90875477931522,8.086717920303906
1.348863161444379,-1.5799251700720662,-0.5630206378485483,1.454330517555298,944.0,3180.0,-0.7009001646023547,-1.0894466096401723,-0.10946411523102409,-1.2263639978688723,-1.0965576744793473,0.89074252553815,0.9843687806369694,0.0,1.0658141036401503e-14,-1.1102230246251565e-16,0,0,0,0,0,0,6.851184927493743,8.064950891749143
1.348863161444379,-1.2890809109948371,-0.5630206378485483,1.454330517555298,800.0,3000.0,-0.6834902102460655,-1.5952336093230366,-0.3354604306173834,-1.6661067926437645,-1.234199113847744,0.89074252553815,0.9843687806369694,0.0,1.0658141036401503e-14,-1.1102230246251565e-16,0,0,0,0,0,0,6.68586094706836,8.006700845440367
1.348863161444379,-0.9982366519176081,-0.5630206378485483,1.454330517555298,875.0,2900.0,-0.5091371236585718,-1.5422680611058721,-0.3354604306173834,-1.5918438357457128,-1.3453260549808685,0.89074252553815,0.9843687806369694,0.0,1.0658141036401503e-14,-1.1102230246251565e-16,0,0,0,0,0,0,6.775366090936392,7.972810784121404
1.348863161444379,-0.7073923928403791,-0.5630206378485483,1.454330517555298,913.0,3000.0,-0.38204055619574656,-1.2762377458749408,-0.2601283254885972,-1.5815000667491983,-1.371450634124445,0.89074252553815,0.9843687806369694,0.0,1.0658141036401503e-14,-1.1102230246251565e-16,0,0,0,0,0,0,6.81783057145415,8.006700845440367
1.348863161444379,-0.4165481337631501,-0.5630206378485483,1.454330517555298,910.0,3580.0,-0.16332394140537154,-1.4251216536225975,-0.14713016779541738,-1.5799087176728117,-0.7721449901889623,1.0660471064517822,1.0491025581781608,0.0,1.0658141036401503e-14,-1.1102230246251565e-16,0,0,0,0,0,0,6.814542897259958,8.183397369998433
1.348863161444379,-0.12570387468592106,-0.5630206378485483,1.454330517555298,872.0,3480.0,0.038580820522656996,-1.263741431932293,-0.18479622035981066,-1.7035034959388549,-0.8095772229916991,1.0660471064517822,1.0491025581781608,0.0,1.0658141036401503e-14,-1.1102230246251565e-16,0,0,0,0,0,0,6.771935555839602,8.15507488781144
1.348863161444379,0.16514038439130796,-0.5630206378485483,1.454330517555298,870.0,3480.0,0.053123788369937745,-1.1663067832623166,-0.10946411523102409,-1.575134670443651,-0.9819214615209662,1.0660471064517822,1.0491025581781608,0.0,1.0658141036401503e-14,-1.1102230246251565e-16,0,0,0,0,0,0,6.769641976852503,8.15507488781144
1.348863161444379,0.455984643468537,-0.5630206378485483,1.454330517555298,868.0,3511.0,0.08302886306707308,-1.1506733193759076,-0.0717980626666308,-1.436952525644062,-1.030661347982863,1.0660471064517822,1.0491025581781608,0.0,1.0658141036401503e-14,-1.1102230246251565e-16,0,0,0,0,0,0,6.767343125265392,8.163940954755008
1.348863161444379,0.7468289025457661,-0.5630206378485483,1.454330517555298,920.0,3575.0,0.22503246015610093,-0.9603528894544077,0.04120009502654906,-1.1783583007312033,-0.8177655239172977,1.0660471064517822,1.0491025581781608,0.0,1.0658141036401503e-14,-1.1102230246251565e-16,0,0,0,0,0,0,6.825460036255307,8.182000136293405
1.348863161444379,1.037673161622995,-0.5630206378485483,1.454330517555298,1058.0,3160.0,0.257537976131248,-1.095302622868526,0.003534042462155777,-0.6985665542005759,-0.9175848113912624,1.0660471064517822,1.0491025581781608,0.0,1.0658141036401503e-14,-1.1102230246251565e-16,0,0,0,0,0,0,6.9650803456014065,8.058643712215618
1.348863161444379,1.3285174207002242,-0.5630206378485483,1.454330517555298,1175.0,2850.0,0.257537976131248,-1.2046061554923981,0.07886614759094235,-0.02516067004288518,-1.0103855552147138,1.0660471064517822,1.0491025581781608,0.0,1.0658141036401503e-14,-1.1102230246251565e-16,0,0,0,0,0,0,7.069874128458572,7.955425088912672
1.348863161444379,1.619361679777453,-0.5630206378485483,1.454330517555298,1100.0,3225.0,0.6638569258205869,-0.7106618968472316,0.30486246297730163,-0.04770478195836517,-0.3904141994193867,1.0660471064517822,1.0491025581781608,0.0,1.0658141036401503e-14,-1.1102230246251565e-16,0,0,0,0,0,0,7.00397413672268,8.078998258685154
1.5249315829603483,-1.5799251700720662,-0.5630206378485483,1.454330517555298,1070.0,3580.0,1.167692423435367,-0.07972875732450256,0.4931927257992681,0.04114554147323246,0.130127787993671,1.0660471064517822,1.0491025581781608,0.0,1.0658141036401503e-14,-1.1102230246251565e-16,0,0,0,0,0,0,6.976348070447749,8.183397369998433
1.5249315829603483,-1.2890809109948371,-0.5630206378485483,1.454330517555298,1115.0,3218.0,0.7973635810337109,-0.48962354039307265,0.30486246297730163,0.7315258157790494,-0.07691924969646657,1.0660471064517822,1.0491025581781608,0.0,1.0658141036401503e-14,-1.1102230246251565e-16,0,0,0,0,0,0,7.017506142941256,8.076826031298808
1.5249315829603483,-0.9982366519176081,-0.5630206378485483,1.454330517555298,1131.0,3265.0,0.763323804704537,-0.3537588049120241,0.34252851554169494,0.46311827156180513,0.13051770708536617,1.0660471064517822,1.0491025581781608,0.0,1.0658141036401503e-14,-1.1102230246251565e-16,0,0,0,0,0,0,7.0317412587631285,8.09132127353041
1.5249315829603483,-0.7073923928403791,-0.5630206378485483,1.454330517555298,1500.0,3267.0,0.5825931358827191,-0.3051852666161251,0.5685248309280546,1.3922009073256456,-0.013362437750153137,1.0660471064517822,1.0491025581781608,0.0,1.0658141036401503e-14,-1.1102230246251565e-16,0,0,0,0,0,0,7.313886831633462,8.091933455979893
1.5249315829603483,-0.4165481337631501,-0.5630206378485483,1.454330517555298,1480.0,3108.41,1.0701758755099258,-0.6509776191671791,0.6438569360568412,1.348438807725008,-0.8739138731214028,1.0660471064517822,1.0491025581781608,0.0,1.0658141036401503e-14,-1.1102230246251565e-16,0,0,0,0,0,0,7.300472814267799,8.042188276565014
1.5249315829603483,-0.12570387468592106,-0.5630206378485483,1.454330517555298,1531.0,2956.65,0.8263845056963224,-0.1308904443240044,0.6815229886212345,1.6913745336863681,-0.9468287432684004,1.0660471064517822,1.0491025581781608,0.0,1.0658141036401503e-14,-1.1102230246251565e-16,0,0,0,0,0,0,7.3343293503005365,7.992150313078659
1.5249315829603483,0.16514038439130796,-0.5630206378485483,1.454330517555298,1270.0,2814.18,0.8426372636838959,-0.182731847144655,0.606190883492448,0.9065742141815999,-1.1063056517717267,1.0660471064517822,1.0491025581781608,0.0,1.0658141036401503e-14,-1.1102230246251565e-16,0,0,0,0,0,0,7.147559271189454,7.942781481691148
1.5249315829603483,0.455984643468537,-0.5630206378485483,1.454330517555298,1235.68,2675.0,0.8263845056963224,-0.09562365037289135,0.34252851554169494,0.8105628199062616,-1.2887877866850683,1.0660471064517822,1.0491025581781608,0.0,1.0658141036401503e-14,-1.1102230246251565e-16,0,0,0,0,0,0,7.120185648546409,7.892078421248119
1.5249315829603483,0.7468289025457661,-0.5630206378485483,1.454330517555298,1081.0,2663.0,0.9076482956341901,0.18342583712464794,0.30486246297730163,0.15121385258998776,-1.355074032273248,1.0660471064517822,1.0491025581781608,0.0,1.0658141036401503e-14,-1.1102230246251565e-16,0,0,0,0,0,0,6.9865664594064265,7.88758403166028
1.5249315829603483,1.037673161622995,-0.5630206378485483,1.454330517555298,1135.0,2540.0,0.7451207157584546,-0.2779704908539984,0.1541982527197285,-0.11984594008790116,-1.1254116872647904,1.0660471064517822,1.0491025581781608,0.0,1.0658141036401503e-14,-1.1102230246251565e-16,0,0,0,0,0,0,7.035268599281097,7.840312983320164
1.5249315829603483,1.3285174207002242,-0.5630206378485483,1.454330517555298,1100.0,2288.0,0.5422862960735366,0.028058486159885185,0.07886614759094235,-0.48214307981196797,-1.129310878181742,1.0660471064517822,1.0491025581781608,0.0,1.0658141036401503e-14,-1.1102230246251565e-16,0,0,0,0,0,0,7.00397413672268,7.735870319952567
1.5249315829603483,1.619361679777453,-0.5630206378485483,1.454330517555298,1250.0,2575.0,0.7451207157584546,0.40987577723179447,0.3801945681060882,0.04883706200910213,-1.1464673182163296,1.0660471064517822,1.0491025581781608,0.0,1.0658141036401503e-14,-1.1102230246251565e-16,0,0,0,0,0,0,7.1316985104669115,7.853993087224244
1.7010000044763178,-1.5799251700720662,-0.5630206378485483,1.454330517555298,1207.44,2886.76,1.0453741668208887,0.08748133467795781,0.5685248309280546,0.027884299170008932,-1.1152737908807158,0.89074252553815,0.9843687806369694,0.0,1.0658141036401503e-14,-1.1102230246251565e-16,0,0,0,0,0,0,7.09708555058665,7.968236394066438
1.7010000044763178,-1.2890809109948371,-0.5630206378485483,1.454330517555298,1259.0,2805.06,1.3198247393022506,0.12047369491984385,0.606190883492448,0.02974087309246023,-0.860656624003767,0.7738728049290627,0.9196350030957781,0.0,1.0658141036401503e-14,-1.1102230246251565e-16,0,0,0,0,0,0,7.138866999945524,7.939536643185046
1.7010000044763178,-0.9982366519176081,-0.5630206378485483,1.454330517555298,1279.9,2984.53,1.6795307790832281,0.21890177440534486,0.7568550937500211,0.036371494244071996,-0.695330929125013,0.5985682240154306,0.7901674480133942,0.0,1.0658141036401503e-14,-1.1102230246251565e-16,0,0,0,0,0,0,7.1553182348370905,8.00153256450464
1.7010000044763178,-0.7073923928403791,-0.5630206378485483,1.454330517555298,1537.38,2971.84,1.348884670584032,0.8123459721001298,0.8321871988788077,-0.24688864135278255,-0.7124873691596005,0.48169850340634324,0.6606998929310114,0.0,1.0658141036401503e-14,-1.1102230246251565e-16,0,0,0,0,0,0,7.338485193670042,7.997273003857307
1.7010000044763178,-0.4165481337631501,-0.5630206378485483,1.454330517555298,1291.94,2933.77,1.220006800845769,0.29108236602804516,0.6438569360568412,-0.6500304073707778,-0.5795249588915463,0.3063939224927112,0.5312323378486276,0.0,1.0658141036401503e-14,-1.1102230246251565e-16,0,0,0,0,0,0,7.164673973982875,7.984384364625946
1.7010000044763178,-0.12570387468592106,-0.5630206378485483,1.454330517555298,1479.87,2985.76,1.039523173945362,0.4252478119562235,0.7191890411856278,-0.4015147266083689,-0.3221783583727312,0.13108934157908014,0.3370310052250534,0.0,1.0658141036401503e-14,-1.1102230246251565e-16,0,0,0,0,0,0,7.300385031887017,8.001944466812596
1.7010000044763178,0.16514038439130796,-0.5630206378485483,1.454330517555298,1327.49,2878.23,0.8333991960437591,0.31897685761132005,0.5685248309280546,-0.19278277275563055,-0.2714888764523586,-0.04421523933455195,0.1428296726014782,0.0,1.0658141036401503e-14,-1.1102230246251565e-16,0,0,0,0,0,0,7.191798237885124,7.965278176271527
1.7010000044763178,0.455984643468537,-0.5630206378485483,1.454330517555298,1359.49,2908.68,0.8912005045507656,0.39131430673120887,0.5685248309280546,-0.04717433226623624,-0.01960114321727593,-0.2195198202481835,-0.05137166002209593,0.0,1.0658141036401503e-14,-1.1102230246251565e-16,0,0,0,0,0,0,7.215600207957405,7.975798388483136
-1.6443000043271032,-1.5799251700720662,1.4343276403802345,-0.09424873742880877,599.75,1330.17,-1.961204029990758,-1.6042006295789535,-1.5407741126779677,,,-1.2129124454254296,-1.216579655763545,0.0,1.0658141036401503e-14,-1.1102230246251565e-16,1,0,0,0,0,0,6.398178874616578,7.1938135337553115
-1.6443000043271032,-1.2890809109948371,1.4343276403802345,-0.09424873742880877,592.9,1409.54,-1.9515368895397494,-1.7204320349952973,-1.5407741126779677,,,-1.2129124454254296,-1.216579655763545,0.0,1.0658141036401503e-14,-1.1102230246251565e-16,1,0,0,0,0,0,6.386710955021814,7.251727888777986
-1.6443000043271032,-0.9982366519176081,1.4343276403802345,-0.09424873742880877,626.59,1464.35,-1.9211117265870115,-1.6487220158641613,-1.5031080601135745,,,-1.2129124454254296,-1.216579655763545,0.0,1.0658141036401503e-14,-1.1102230246251565e-16,1,0,0,0,0,0,6.441887087016192,7.289849400767062
-1.6443000043271032,-0.7073923928403791,1.4343276403802345,-0.09424873742880877,615.69,1510.3,-1.9103458996960427,-1.6024751971098847,-1.4654420075491812,,,-1.2129124454254296,-1.216579655763545,0.0,1.0658141036401503e-14,-1.1102230246251565e-16,1,0,0,0,0,0,6.424366466526266,7.320725486576075
-1.6443000043271032,-0.4165481337631501,1.4343276403802345,-0.09424873742880877,648.86,1591.86,-1.8769432314799819,-1.6283305412297144,-1.427775954984788,,,-1.2129124454254296,-1.216579655763545,0.0,1.0658141036401503e-14,-1.1102230246251565e-16,1,0,0,0,0,0,6.476756955075701,7.373286421553316
-1.6443000043271032,-0.12570387468592106,1.4343276403802345,-0.09424873742880877,581.5,1433.6,-1.9173800933530647,-1.5186871506952686,-1.5407741126779677,,,-1.2129124454254296,-1.216579655763545,0.0,1.0658141036401503e-14,-1.1102230246251565e-16,1,0,0,0,0,0,6.367329185439855,7.268641343692334
-1.6443000043271032,0.16514038439130796,1.4343276403802345,-0.09424873742880877,607.32,1414.44,-1.951660410500455,-1.615494369376493,-1.5407741126779677,,,-1.2129124454254296,-1.216579655763545,0.0,1.0658141036401503e-14,-1.1102230246251565e-16,1,0,0,0,0,0,6.410701059300065,7.2551957158047475
-1.6443000043271032,0.455984643468537,1.4343276403802345,-0.09424873742880877,580.62,1417.05,-1.9184982831026096,-1.5764891384090645,-1.5407741126779677,,,-1.2129124454254296,-1.216579655763545,0.0,1.0658141036401503e-14,-1.1102230246251565e-16,1,0,0,0,0,0,6.36581731352352,7.25703796740131
-1.6443000043271032,0.7468289025457661,1.4343276403802345,-0.09424873742880877,576.08,1472.05,-1.8446717552198557,-1.5295887467498377,-1.4654420075491812,,,-1.2129124454254296,-1.216579655763545,0.0,1.0658141036401503e-14,-1.1102230246251565e-16,1,0,0,0,0,0,6.3579809050775715,7.295090360217831
-1.6443000043271032,1.037673161622995,1.4343276403802345,-0.09424873742880877,549.88,1425.84,-1.8974087043379342,-1.629637687039615,-1.5407741126779677,,,-1.2129124454254296,-1.216579655763545,0.0,1.0658141036401503e-14,-1.1102230246251565e-16,1,0,0,0,0,0,6.311516999590213,7.263217487854876
-1.6443000043271032,1.3285174207002242,1.4343276403802345,-0.09424873742880877,588.06,1369.71,-1.8571343700447271,-1.4763879122868913,-1.5031080601135745,,,-1.2129124454254296,-1.216579655763545,0.0,1.0658141036401503e-14,-1.1102230246251565e-16,1,0,0,0,0,0,6.378528046035594,7.223084132753147
-1.6443000043271032,1.619361679777453,1.4343276403802345,-0.09424873742880877,587.72,1351.72,-1.9075244209094002,-1.5041255463729777,-1.5031080601135745,,,-1.2129124454254296,-1.216579655763545,0.0,1.0658141036401503e-14,-1.1102230246251565e-16,1,0,0,0,0,0,6.377950688618344,7.209872659230173
-1.4682315828111336,-1.5799251700720662,1.4343276403802345,-0.09424873742880877,665.8,1504.05,-1.8681082322379368,-1.616330942694829,-1.427775954984788,-0.02091707250585365,0.14923382348673456,-1.2129124454254296,-1.216579655763545,0.0,1.0658141036401503e-14,-1.1102230246251565e-16,1,0,0,0,0,0,6.502490150876639,7.31658139922248
-1.4682315828111336,-1.2890809109948371,1.4343276403802345,-0.09424873742880877,641.44,1553.9,-1.8706956713095586,-1.6584471806898204,-1.3901099024203947,-0.09571047909603435,0.038886720537000215,-1.2129124454254296,-1.216579655763545,0.0,1.0658141036401503e-14,-1.1102230246251565e-16,1,0,0,0,0,0,6.465273427194696,7.3491665138637705
-1.4682315828111336,-0.9982366519176081,1.4343276403802345,-0.09424873742880877,721.73,1634.31,-1.8717878566463233,-1.5754957075935405,-1.3524438498560014,0.08968168830303057,0.09230563609923906,-1.2129124454254296,-1.216579655763545,0.0,1.0658141036401503e-14,-1.1102230246251565e-16,1,0,0,0,0,0,6.583035708427793,7.399587667805565
-1.4682315828111336,-0.7073923928403791,1.4343276403802345,-0.09424873742880877,718.65,1742.57,-1.8903680095777173,-1.6005667642274302,-1.314777797291608,0.13052631459695901,0.23930513366831982,-1.2129124454254296,-1.216579655763545,0.0,1.0658141036401503e-14,-1.1102230246251565e-16,1,0,0,0,0,0,6.578764982708679,7.463690014435074
-1.4682315828111336,-0.4165481337631501,1.4343276403802345,-0.09424873742880877,774.06,1857.04,-1.8043909198234533,-1.432258669744653,-1.2394456921628219,0.19895432488159248,0.2892147774053021,-1.2129124454254296,-1.216579655763545,0.0,1.0658141036401503e-14,-1.1102230246251565e-16,1,0,0,0,0,0,6.6529404457114625,7.527277447667345
-1.4682315828111336,-0.12570387468592106,1.4343276403802345,-0.09424873742880877,719.52,1677.33,-1.8453348677457486,-1.407553613937536,-1.314777797291608,0.31671415653421736,0.30247202652293803,-1.2129124454254296,-1.216579655763545,0.0,1.0658141036401503e-14,-1.1102230246251565e-16,1,0,0,0,0,0,6.5799731735553575,7.425554530385262
-1.4682315828111336,0.16514038439130796,1.4343276403802345,-0.09424873742880877,734.19,1735.52,-1.8408946142635436,-1.455186007250307,-1.314777797291608,0.2411250754058433,0.5247259087891873,-1.2129124454254296,-1.216579655763545,0.0,1.0658141036401503e-14,-1.1102230246251565e-16,1,0,0,0,0,0,6.60012896920795,7.4596383895379015
-1.4682315828111336,0.455984643468537,1.4343276403802345,-0.09424873742880877,720.07,1787.16,-1.8302263039205005,-1.4818779246884728,-1.2771117447272147,0.32414045222402255,0.6580782381489371,-1.2129124454254296,-1.216579655763545,0.0,1.0658141036401503e-14,-1.1102230246251565e-16,1,0,0,0,0,0,6.580736219950915,7.488942437188488
-1.4682315828111336,0.7468289025457661,1.4343276403802345,-0.09424873742880877,673.71,2083.67,-1.805242564342002,-1.4640484558414313,-1.2017796395984286,0.13662648605644184,1.2597233966345907,-1.2129124454254296,-1.216579655763545,0.0,1.0658141036401503e-14,-1.1102230246251565e-16,1,0,0,0,0,0,6.514282968925649,7.642365848325054
-1.4682315828111336,1.037673161622995,1.4343276403802345,-0.09424873742880877,712.2,2196.52,-1.7415122497211288,-1.544934638558069,-1.1641135870340353,0.4700141175594813,1.7471222612535586,-1.2129124454254296,-1.216579655763545,0.0,1.0658141036401503e-14,-1.1102230246251565e-16,1,0,0,0,0,0,6.569761885988985,7.695084730769338
-1.4682315828111336,1.3285174207002242,1.4343276403802345,-0.09424873742880877,768.73,2049.05,-1.5783605639386704,-1.1791429551155381,-1.0887814819052488,0.5018410990872179,1.5736082654492065,-1.2129124454254296,-1.216579655763545,0.0,1.0658141036401503e-14,-1.1102230246251565e-16,1,0,0,0,0,0,6.6460398040052215,7.6256194620789195
-1.4682315828111336,1.619361679777453,1.4343276403802345,-0.09424873742880877,742.26,1962.44,-1.582020685037472,-1.273806454668526,-1.126447534469642,0.3846117171267219,1.4012640269199392,-1.2129124454254296,-1.216579655763545,0.0,1.0658141036401503e-14,-1.1102230246251565e-16,1,0,0,0,0,0,6.611045916210839,7.582453315873552
-1.2921631612951643,-1.5799251700720662,1.4343276403802345,-0.09424873742880877,808.68,2175.53,-1.500243307947197,-1.2534934087826737,-1.013449376776462,0.2562428916315181,1.3802083959683997,-1.2129124454254296,-1.216579655763545,0.0,1.0658141036401503e-14,-1.1102230246251565e-16,1,0,0,0,0,0,6.696639107880646,7.6854871444948785
-1.2921631612951643,-1.2890809109948371,1.4343276403802345,-0.09424873742880877,707.29,2237.7,-1.5688169444483675,-1.2404480935998674,-0.9757833242120688,-0.04054371111462447,1.355643493191604,-1.2129124454254296,-1.216579655763545,0.0,1.0658141036401503e-14,-1.1102230246251565e-16,1,0,0,0,0,0,6.562853614348462,7.713650619233836
-1.2921631612951643,-0.9982366519176081,1.4343276403802345,-0.09424873742880877,849.71,2174.9,-1.469077019230226,-1.1025180677391764,-0.9381172716476756,0.1573140240494706,0.9294619259687782,-1.2129124454254296,-1.216579655763545,0.0,1.0658141036401503e-14,-1.1102230246251565e-16,1,0,0,0,0,0,6.746071294938022,7.685197651037477
-1.2921631612951643,-0.7073923928403791,1.4343276403802345,-0.09424873742880877,805.94,2090.85,-1.2950619900088733,-0.6824536902695809,-0.8251191139544957,0.00931855994549601,0.4190578349397951,-1.2129124454254296,-1.216579655763545,0.0,1.0658141036401503e-14,-1.1102230246251565e-16,1,0,0,0,0,0,6.693249316063513,7.645804120893281
-1.2921631612951643,-0.4165481337631501,1.4343276403802345,-0.09424873742880877,892.7,2462.82,-1.1310001497791111,-0.27242819262002094,-0.5991227985681364,0.09366006099399764,0.9115256477508001,-1.2129124454254296,-1.216579655763545,0.0,1.0658141036401503e-14,-1.1102230246251565e-16,1,0,0,0,0,0,6.795370148387346,7.809468270036935
-1.2921631612951643,-0.12570387468592106,1.4343276403802345,-0.09424873742880877,972.34,2596.72,-1.1557368474361975,-0.25538301125891966,-0.5614567460037431,0.6190704810477139,1.776756112222392,-1.2129124454254296,-1.216579655763545,0.0,1.0658141036401503e-14,-1.1102230246251565e-16,1,0,0,0,0,0,6.88073345588583,7.862389416210678
-1.2921631612951643,0.16514038439130796,1.4343276403802345,-0.09424873742880877,827.87,2122.52,-1.1486181394376405,-0.25269029089052486,-0.7497870088257096,0.0254972755554287,0.5091291451213804,-1.2129124454254296,-1.216579655763545,0.0,1.0658141036401503e-14,-1.1102230246251565e-16,1,0,0,0,0,0,6.7200633273981785,7.66083036812197
-1.2921631612951643,0.455984643468537,1.4343276403802345,-0.09424873742880877,758.23,2359.51,-1.2283086624023112,-0.4698856386635766,-0.7497870088257096,-0.17236045960866633,0.888520421340785,-1.2129124454254296,-1.216579655763545,0.0,1.0658141036401503e-14,-1.1102230246251565e-16,1,0,0,0,0,0,6.632304761794251,7.766632976367963
-1.2921631612951643,0.7468289025457661,1.4343276403802345,-0.09424873742880877,796.77,2664.03,-1.2925915707947622,-0.576208878840876,-0.6367888511325297,0.17163616573695198,0.7255342410122022,-1.2129124454254296,-1.216579655763545,0.0,1.0658141036401503e-14,-1.1102230246251565e-16,1,0,0,0,0,0,6.681820335354905,7.887970593572232
-1.2921631612951643,1.037673161622995,1.4343276403802345,-0.09424873742880877,795.82,2394.21,-1.2747915502467715,-0.6342200098842558,-0.7497870088257096,-0.0015556587431472867,-0.009463246833201407,-1.2129124454254296,-1.216579655763545,0.0,1.0658141036401503e-14,-1.1102230246251565e-16,1,0,0,0,0,0,6.680628806356985,7.781226188673348
-1.2921631612951643,1.3285174207002242,1.4343276403802345,-0.09424873742880877,853.41,2283.89,-1.3516280889088244,-0.6359192994371264,-0.7874530613901028,-0.020651847659789183,0.0864568497238115,-1.2129124454254296,-1.216579655763545,0.0,1.0658141036401503e-14,-1.1102230246251565e-16,1,0,0,0,0,0,6.750411172257288,7.734073162125772
-1.2921631612951643,1.619361679777453,1.4343276403802345,-0.09424873742880877,760.28,1928.21,-1.290797266312934,-0.49137511577833937,-0.862785166518889,-0.24847999042916938,-0.4282363513138186,-1.2129124454254296,-1.216579655763545,0.0,1.0658141036401503e-14,-1.1102230246251565e-16,1,0,0,0,0,0,6.635001227114593,7.564865871677132
-1.1160947397791947,-1.5799251700720662,1.4343276403802345,-0.09424873742880877,790.76,2055.39,-1.2581487260674966,-0.376032569512727,-0.7874530613901028,-0.3718095438491482,-0.5756257679745945,-0.979173004207254,-1.1518458782223537,0.0,1.0658141036401503e-14,-1.1102230246251565e-16,1,0,0,0,0,0,6.674258315588435,7.6287072973023795
-1.1160947397791947,-1.2890809109948371,1.4343276403802345,-0.09424873742880877,716.77,2151.69,-1.3424810367134181,-0.8531146472101782,-0.862785166518889,-0.2773894986501967,-0.5101193605698052,-0.8038684232936224,-1.1518458782223537,0.0,1.0658141036401503e-14,-1.1102230246251565e-16,1,0,0,0,0,0,6.576149183468407,7.67447350186049
-1.1160947397791947,-0.9982366519176081,1.4343276403802345,-0.09424873742880877,849.99,2114.84,-1.30978048764242,-0.8101095500644552,-0.9004512190832823,-0.31213395348464235,-0.4680080986667264,-0.6285638423799909,-1.087112100681162,0.0,1.0658141036401503e-14,-1.1102230246251565e-16,1,0,0,0,0,0,6.746400377623016,7.65720717575255
-1.1160947397791947,-0.7073923928403791,1.4343276403802345,-0.09424873742880877,865.61,2212.08,-1.410560589371766,-0.8016131023001025,-0.8251191139544957,-0.1166632419351275,-0.13423735617565719,-0.45325926146635875,-1.0223783231399706,0.0,1.0658141036401503e-14,-1.1102230246251565e-16,1,0,0,0,0,0,6.764589048588412,7.702140489420247
-1.1160947397791947,-0.4165481337631501,1.4343276403802345,-0.09424873742880877,939.53,2567.87,-1.416509098795218,-1.0596175422582448,-0.7874530613901028,-0.1736865838389887,-0.19389497720501886,-0.2195198202481835,-1.0223783231399706,0.0,1.0658141036401503e-14,-1.1102230246251565e-16,1,0,0,0,0,0,6.846443546158992,7.851221392481885
-1.1160947397791947,-0.12570387468592106,1.4343276403802345,-0.09424873742880877,943.41,2507.67,-1.4171917146306963,-1.2421212402365402,-0.9004512190832823,-0.39196663215004796,-0.49413267781030307,-0.04421523933455195,-0.9576445455987785,0.0,1.0658141036401503e-14,-1.1102230246251565e-16,1,0,0,0,0,0,6.850560393888885,7.82750801121147
-1.1160947397791947,0.16514038439130796,1.4343276403802345,-0.09424873742880877,753.3,1970.04,-1.6245964098617196,-1.3614636526804473,-1.126447534469642,-0.5518972143269237,-0.6403523371959934,0.13108934157908014,-0.8929107680575872,0.0,1.0658141036401503e-14,-1.1102230246251565e-16,1,0,0,0,0,0,6.625790166859585,7.586316601213664
-1.1160947397791947,0.455984643468537,1.4343276403802345,-0.09424873742880877,681.94,2187.05,-1.7241478030872053,-1.6275201108275763,-1.126447534469642,-0.5797458231636932,-0.6454212853880307,0.3648287827972559,-0.8929107680575872,0.0,1.0658141036401503e-14,-1.1102230246251565e-16,1,0,0,0,0,0,6.526407007981352,7.690766015200332
-1.1160947397791947,0.7468289025457661,1.4343276403802345,-0.09424873742880877,531.75,2099.18,-1.7645651616507032,-1.6490880166909332,-1.2771117447272147,-1.1950674660332647,-1.1870189037526278,0.5401333637108869,-0.8281769905163958,0.0,1.0658141036401503e-14,-1.1102230246251565e-16,1,0,0,0,0,0,6.278052270978726,7.649778334323969
-1.1160947397791947,1.037673161622995,1.4343276403802345,-0.09424873742880877,508.21,1918.67,-1.7680367507568486,-1.5724108434821753,-1.314777797291608,-1.2714522216998323,-1.1347697454654744,0.715437944624519,-0.7634432129752039,0.0,1.0658141036401503e-14,-1.1102230246251565e-16,1,0,0,0,0,0,6.232860505139277,7.559908575249627
-1.1160947397791947,1.3285174207002242,1.4343276403802345,-0.09424873742880877,580.66,1813.37,-1.6900885234484462,-1.479080632655286,-1.3524438498560014,-1.1605882360448836,-1.1636237582509175,0.89074252553815,-0.7634432129752039,0.0,1.0658141036401503e-14,-1.1102230246251565e-16,1,0,0,0,0,0,6.365886084584685,7.5034935790052035
-1.1160947397791947,1.619361679777453,1.4343276403802345,-0.09424873742880877,616.99,1835.9,-1.6726655668857673,-1.5005178239376529,-1.2771117447272147,-0.8128784628543627,-0.5471616742808467,1.0660471064517822,-0.6987094354340125,0.0,1.0658141036401503e-14,-1.1102230246251565e-16,1,0,0,0,0,0,6.426472276097,7.515834647152018
-0.9400263182632251,-1.5799251700720662,1.4343276403802345,-0.09424873742880877,669.1,2164.43,-1.6664700155409045,-1.51196842123238,-1.1641135870340353,-0.7211106661160559,-0.1537333107604159,1.0660471064517822,-0.6987094354340125,0.0,1.0658141036401503e-14,-1.1102230246251565e-16,1,0,0,0,0,0,6.507426954979125,7.680374235034084
-0.9400263182632251,-1.2890809109948371,1.4343276403802345,-0.09424873742880877,715.08,2412.06,-1.5287896520765711,-1.6032594845958248,-1.0511154293408553,-0.319295024328383,0.11141167159230261,1.0660471064517822,-0.6987094354340125,0.0,1.0658141036401503e-14,-1.1102230246251565e-16,1,0,0,0,0,0,6.573791892562683,7.788650930628783
-0.9400263182632251,-0.9982366519176081,1.4343276403802345,-0.09424873742880877,920.03,2625.1,-1.4587857728724944,-1.2553234129165343,-0.8251191139544957,-0.09438435486571198,0.5804843389015972,1.0660471064517822,-0.6987094354340125,0.0,1.0658141036401503e-14,-1.1102230246251565e-16,1,0,0,0,0,0,6.825492609014711,7.873255134868839
-0.9400263182632251,-0.7073923928403791,1.4343276403802345,-0.09424873742880877,1000.0,2500.0,-1.42244460601228,-0.8517029297354859,-0.674454903696923,0.09896455791528704,0.14728422802825863,1.0660471064517822,-0.5045081028104378,0.0,1.0658141036401503e-14,-1.1102230246251565e-16,1,0,0,0,0,0,6.90875477931522,7.824445930877619
-0.9400263182632251,-0.4165481337631501,1.4343276403802345,-0.09424873742880877,1066.67,2994.36,-1.0838281449959775,-0.26591860648671684,-0.3354604306173834,0.04591958870239292,0.2872651819468262,1.0660471064517822,-0.3750405477280545,0.0,1.0658141036401503e-14,-1.1102230246251565e-16,1,0,0,0,0,0,6.973233983009232,8.004819703659958
-0.9400263182632251,-0.12570387468592106,1.4343276403802345,-0.09424873742880877,1067.0,2967.0,-1.0990602297819316,-0.5499091051456794,-0.37312648318177666,0.03451492032162069,0.35394134662670107,1.0660471064517822,-0.11610543756328845,0.0,1.0658141036401503e-14,-1.1102230246251565e-16,1,0,0,0,0,0,6.97354301952014,7.995643604287271
-0.9400263182632251,0.16514038439130796,1.4343276403802345,-0.09424873742880877,922.98,2250.0,-0.9309872088808355,-0.48630339003592565,-0.5614567460037431,0.28435672531435197,0.19368459993998444,1.0660471064517822,0.013362117519095442,0.0,1.0658141036401503e-14,-1.1102230246251565e-16,1,0,0,0,0,0,6.828690426385783,7.719129840906732
-0.9400263182632251,0.455984643468537,1.4343276403802345,-0.09424873742880877,888.0,2182.0,-0.889503669393353,-0.7187139150362185,-0.7121209562613162,0.4885798567839943,-0.3693585684678473,1.0660471064517822,0.20756345014266955,0.0,1.0658141036401503e-14,-1.1102230246251565e-16,1,0,0,0,0,0,6.790097235513905,7.688455356549944
-0.9400263182632251,0.7468289025457661,1.4343276403802345,-0.09424873742880877,700.0,2000.0,-1.1440348616851446,-0.6236321288240625,-0.862785166518889,0.5262417849251492,-0.5444322406389805,1.0660471064517822,0.3370310052250534,0.0,1.0658141036401503e-14,-1.1102230246251565e-16,1,0,0,0,0,0,6.55250788703459,7.601402334583733
-0.9400263182632251,1.037673161622995,1.4343276403802345,-0.09424873742880877,773.0,1594.0,-1.1881253435538346,-0.6230308417515082,-1.0887814819052488,1.068891819973056,-1.0201335325070933,1.0660471064517822,0.5312323378486276,0.0,1.0658141036401503e-14,-1.1102230246251565e-16,1,0,0,0,0,0,6.651571873589727,7.374629015218945
-0.9400263182632251,1.3285174207002242,1.4343276403802345,-0.09424873742880877,811.0,1758.0,-1.011938945865342,-0.10887810888528192,-0.8251191139544957,0.739217336314919,-0.47931575232588647,1.0660471064517822,0.6606998929310114,0.0,1.0658141036401503e-14,-1.1102230246251565e-16,1,0,0,0,0,0,6.699500340161678,7.472500744737558
-0.9400263182632251,1.619361679777453,1.4343276403802345,-0.09424873742880877,800.0,1966.9,-1.1629725752922655,-0.19125443782520565,-0.8251191139544957,0.4737272654043839,-0.08198819788850384,1.0660471064517822,0.7901674480133942,0.0,1.0658141036401503e-14,-1.1102230246251565e-16,1,0,0,0,0,0,6.68586094706836,7.584722263313044
-0.7639578967472556,-1.5799251700720662,1.4343276403802345,-0.09424873742880877,892.0,2134.73,-1.1923705639401887,-0.24006326236688652,-0.7121209562613162,0.5705343342179158,-0.4138093449210972,1.0660471064517822,0.7901674480133942,0.0,1.0658141036401503e-14,-1.1102230246251565e-16,1,0,0,0,0,0,6.794586580876499,7.666563787595982
-0.7639578967472556,-1.2890809109948371,1.4343276403802345,-0.09424873742880877,693.0,2444.27,-1.427743005116229,-0.5990316446817372,-0.7497870088257096,-0.3948841054567571,-0.3081412710717049,1.0660471064517822,0.9196350030957781,0.0,1.0658141036401503e-14,-1.1102230246251565e-16,1,0,0,0,0,0,6.542471960506805,7.8019108252599425
-0.7639578967472556,-0.9982366519176081,1.4343276403802345,-0.09424873742880877,867.0,2420.0,-1.2830934590268244,-0.3385174847685855,-0.674454903696923,-0.4656991393559708,-0.6649172399727894,1.0660471064517822,0.9843687806369694,0.0,1.0658141036401503e-14,-1.1102230246251565e-16,1,0,0,0,0,0,6.7661917146603505,7.791935956938058
-0.7639578967472556,-0.7073923928403791,1.4343276403802345,-0.09424873742880877,992.0,2438.0,-1.0215800819035707,-0.41375679758645295,-0.48612464087495655,-0.3341476157079934,-0.4570903640992615,1.0660471064517822,0.9843687806369694,0.0,1.0658141036401503e-14,-1.1102230246251565e-16,1,0,0,0,0,0,6.900730664045173,7.79934339821592
-0.7639578967472556,-0.4165481337631501,1.4343276403802345,-0.09424873742880877,920.47,2688.0,-0.8396727134034522,-0.25127857341583254,-0.3354604306173834,-0.6765528919772248,-0.7592776601630216,1.0660471064517822,0.9843687806369694,0.0,1.0658141036401503e-14,-1.1102230246251565e-16,1,0,0,0,0,0,6.825970220964089,7.896924656268864
-0.7639578967472556,-0.12570387468592106,1.4343276403802345,-0.09424873742880877,931.04,2667.0,-0.8430597881680626,-0.10087837652869096,-0.2977943780529905,-0.6508260819089712,-0.7545986310626794,1.0660471064517822,0.9843687806369694,0.0,1.0658141036401503e-14,-1.1102230246251565e-16,1,0,0,0,0,0,6.837375732219556,7.889084407035514
-0.7639578967472556,0.16514038439130796,1.4343276403802345,-0.09424873742880877,1054.0,2686.9,-0.7641884042059658,-0.01413618058370027,-0.2977943780529905,0.06368965338871245,0.3968324467131703,1.0660471064517822,0.9843687806369694,0.0,1.0658141036401503e-14,-1.1102230246251565e-16,1,0,0,0,0,0,6.961296045910167,7.8965154985700625
-0.7639578967472556,0.455984643468537,1.4343276403802345,-0.09424873742880877,867.0,2400.0,-0.7984557191469659,0.08755976342655176,-0.48612464087495655,-0.3755226916940508,0.029138743244620856,1.0660471064517822,0.9843687806369694,0.0,1.0658141036401503e-14,-1.1102230246251565e-16,1,0,0,0,0,0,6.7661917146603505,7.783640596221253
-0.7639578967472556,0.7468289025457661,1.4343276403802345,-0.09424873742880877,767.0,2334.0,-1.1119649196240646,-0.12425014360971041,-0.7497870088257096,-0.0591094503391374,0.2907744537720828,1.0660471064517822,0.9843687806369694,0.0,1.0658141036401503e-14,-1.1102230246251565e-16,1,0,0,0,0,0,6.643789733147672,7.755767170102998
-0.7639578967472556,1.037673161622995,1.4343276403802345,-0.09424873742880877,813.0,2279.0,-1.1472269033539046,-0.2964273896897926,-0.9004512190832823,-0.17580838260750445,1.3150919076553056,1.0660471064517822,0.9843687806369694,0.0,1.0658141036401503e-14,-1.1102230246251565e-16,1,0,0,0,0,0,6.70196036600254,7.731930721948486
-0.7639578967472556,1.3285174207002242,1.4343276403802345,-0.09424873742880877,929.0,2413.0,-1.2158785530934149,-0.390515745086424,-0.9004512190832823,0.07297252300096896,1.092448106297361,1.0660471064517822,0.9843687806369694,0.0,1.0658141036401503e-14,-1.1102230246251565e-16,1,0,0,0,0,0,6.835184586147301,7.789040401657477
-0.7639578967472556,1.619361679777453,1.4343276403802345,-0.09424873742880877,967.0,2496.9,-1.1428711642132343,-0.09078721087626007,-0.5991227985681364,0.24085985055977877,0.6904415227596364,1.0660471064517822,0.9843687806369694,0.0,1.0658141036401503e-14,-1.1102230246251565e-16,1,0,0,0,0,0,6.875232087276577,7.823205657858599
-0.5878894752312861,-1.5799251700720662,1.4343276403802345,-0.09424873742880877,950.0,2494.76,-1.1713785017234386,-0.3057342678562833,-0.674454903696923,-0.14053347808092986,0.2974030783309008,1.0660471064517822,0.9843687806369694,0.0,1.0658141036401503e-14,-1.1102230246251565e-16,1,0,0,0,0,0,6.85751406254539,7.822348571020087
-0.5878894752312861,-1.2890809109948371,1.4343276403802345,-0.09424873742880877,950.0,2500.0,-1.0317218028878168,0.09474906538100401,-0.5237906934393498,0.6707893260302857,-0.2714888764523586,1.0660471064517822,0.9843687806369694,0.0,1.0658141036401503e-14,-1.1102230246251565e-16,1,0,0,0,0,0,6.85751406254539,7.824445930877619
-0.5878894752312861,-0.9982366519176081,1.4343276403802345,-0.09424873742880877,1000.0,2580.0,-1.2393020279051057,-0.28790479900924193,-0.6367888511325297,0.0939252858400621,-0.10265390974834805,1.0660471064517822,0.9843687806369694,0.0,1.0658141036401503e-14,-1.1102230246251565e-16,1,0,0,0,0,0,6.90875477931522,7.855932199718614
-0.5878894752312861,-0.7073923928403791,1.4343276403802345,-0.09424873742880877,1033.0,2633.0,-1.178120145736684,-0.22714866176507092,-0.5614567460037431,-0.2033917665982094,-0.04845515600271884,1.0660471064517822,0.9843687806369694,0.0,1.0658141036401503e-14,-1.1102230246251565e-16,1,0,0,0,0,0,6.9411900550683745,7.876258882303226
-0.5878894752312861,-0.4165481337631501,1.4343276403802345,-0.09424873742880877,1139.0,2798.56,-0.9692787066995591,-0.04778211373053651,-0.3354604306173834,0.31671415653421736,-0.20013368267214163,1.0660471064517822,0.9843687806369694,0.0,1.0658141036401503e-14,-1.1102230246251565e-16,1,0,0,0,0,0,7.038783541388542,7.93721754095792
-0.5878894752312861,-0.12570387468592106,1.4343276403802345,-0.09424873742880877,1000.0,2580.0,-1.2588248407997795,-0.24492584477971635,-0.5991227985681364,-0.11639801708906304,-0.4875040532514851,1.0660471064517822,0.9843687806369694,0.0,1.0658141036401503e-14,-1.1102230246251565e-16,1,0,0,0,0,0,6.90875477931522,7.855932199718614
-0.5878894752312861,0.16514038439130796,1.4343276403802345,-0.09424873742880877,1130.0,2938.74,-1.1906282682839207,-0.24035083444506494,-0.44845858831056323,-0.12170251401035245,0.004963759559520011,1.0660471064517822,0.9843687806369694,0.0,1.0658141036401503e-14,-1.1102230246251565e-16,1,0,0,0,0,0,7.030857476116121,7.986076421047939
-0.5878894752312861,0.455984643468537,1.4343276403802345,-0.09424873742880877,944.67,2716.67,-1.2593254257457964,-0.18233970340168465,-0.5237906934393498,-0.07528816594907009,0.1539128525870766,1.0660471064517822,0.9843687806369694,0.0,1.0658141036401503e-14,-1.1102230246251565e-16,1,0,0,0,0,0,6.851893670984723,7.907530174536426
-0.5878894752312861,0.7468289025457661,1.4343276403802345,-0.09424873742880877,1000.0,2743.97,-1.3258577158437277,0.018150320920840183,-0.48612464087495655,0.49282345432102576,0.324697414749563,1.0660471064517822,0.9843687806369694,0.0,1.0658141036401503e-14,-1.1102230246251565e-16,1,0,0,0,0,0,6.90875477931522,7.917525424922161
-0.5878894752312861,1.037673161622995,1.4343276403802345,-0.09424873742880877,907.0,2604.0,-1.201517616135595,0.07584773696984405,-0.5614567460037431,-0.006329705972307749,0.19563419539846028,1.0660471064517822,0.9843687806369694,0.0,1.0658141036401503e-14,-1.1102230246251565e-16,1,0,0,0,0,0,6.811244378601294,7.865187954187467
-0.5878894752312861,1.3285174207002242,1.4343276403802345,-0.09424873742880877,1000.0,2467.0,-0.8200003751352937,0.18888970661003143,-0.22246227292420395,-0.11029784562958023,-0.2730485528191392,1.0660471064517822,0.9843687806369694,0.0,1.0658141036401503e-14,-1.1102230246251565e-16,1,0,0,0,0,0,6.90875477931522,7.811163385025279
-0.5878894752312861,1.619361679777453,1.4343276403802345,-0.09424873742880877,984.0,2484.0,-0.961379866317598,0.0030397153583915284,-0.37312648318177666,-0.26625005511548894,-0.38066622212700735,1.0660471064517822,0.9843687806369694,0.0,1.0658141036401503e-14,-1.1102230246251565e-16,1,0,0,0,0,0,6.892641641172089,7.818027938530729
-0.4118210537153165,-1.5799251700720662,1.4343276403802345,-0.09424873742880877,956.0,2539.32,-1.0167302589200786,-0.11823727288416866,-0.37312648318177666,-0.29622046272077407,-0.2905949119454221,1.0660471064517822,1.0491025581781608,0.0,1.0658141036401503e-14,-1.1102230246251565e-16,1,0,0,0,0,0,6.863803391452954,7.840045336329202
-0.4118210537153165,-1.2890809109948371,1.4343276403802345,-0.09424873742880877,850.0,2592.27,-1.1046836840456318,-0.302048116672364,-0.5237906934393498,-0.5922113909287232,-0.21651028452333898,1.0660471064517822,0.9843687806369694,0.0,1.0658141036401503e-14,-1.1102230246251565e-16,1,0,0,0,0,0,6.7464121285733745,7.860674906612285
-0.4118210537153165,-0.9982366519176081,1.4343276403802345,-0.09424873742880877,988.0,2579.0,-1.2133886305697188,-0.2697877580840221,-0.48612464087495655,-0.3447566095505722,-0.36195010572563896,1.0660471064517822,0.9843687806369694,0.0,1.0658141036401503e-14,-1.1102230246251565e-16,1,0,0,0,0,0,6.8966943316227125,7.855544677915663
-0.4118210537153165,-0.7073923928403791,1.4343276403802345,-0.09424873742880877,990.0,2720.0,-1.0966678238061605,0.12562384941085153,-0.37312648318177666,-0.4232631639856555,-0.23171712909945077,1.0660471064517822,0.9843687806369694,0.0,1.0658141036401503e-14,-1.1102230246251565e-16,1,0,0,0,0,0,6.898714534329988,7.908754738783246
-0.4118210537153165,-0.4165481337631501,1.4343276403802345,-0.09424873742880877,1038.0,2813.0,-1.0227957882010412,-0.016462900125322665,-0.2977943780529905,-0.5481840664820211,-0.34011463659070923,1.0660471064517822,0.9843687806369694,0.0,1.0658141036401503e-14,-1.1102230246251565e-16,1,0,0,0,0,0,6.946013991099227,7.942362237674335
-0.4118210537153165,-0.12570387468592106,1.4343276403802345,-0.09424873742880877,1050.0,2909.81,-0.918934163557251,0.24033896568771168,-0.22246227292420395,-0.18031720499060044,0.13792616982757444,1.0660471064517822,0.9843687806369694,0.0,1.0658141036401503e-14,-1.1102230246251565e-16,1,0,0,0,0,0,6.957497370876951,7.9761866719486845
-0.4118210537153165,0.16514038439130796,1.4343276403802345,-0.09424873742880877,1066.67,2600.0,-0.7048853408609073,0.022333187512521252,-0.22246227292420395,-0.4614555418189392,-0.8099671420833942,1.0660471064517822,0.9843687806369694,0.0,1.0658141036401503e-14,-1.1102230246251565e-16,1,0,0,0,0,0,6.973233983009232,7.8636512654486515
-0.4118210537153165,0.455984643468537,1.4343276403802345,-0.09424873742880877,750.0,2375.0,-0.751621771729974,0.08327232517007817,-0.44845858831056323,-0.8595580357617095,-0.8509086467113877,1.0660471064517822,0.9843687806369694,0.0,1.0658141036401503e-14,-1.1102230246251565e-16,1,0,0,0,0,0,6.621405651764134,7.773173680482536
-0.4118210537153165,0.7468289025457661,1.4343276403802345,-0.09424873742880877,662.5,2417.43,-0.7422211765099614,0.08269718101372191,-0.5237906934393498,-1.2080634834904238,-0.8243941484761158,1.0660471064517822,0.9843687806369694,0.0,1.0658141036401503e-14,-1.1102230246251565e-16,1,0,0,0,0,0,6.497528853772263,7.790873848284107
-0.4118210537153165,1.037673161622995,1.4343276403802345,-0.09424873742880877,657.57,1906.09,-0.8852974556261689,0.0719785853725388,-0.674454903696923,-1.0422979547001296,-1.4053735951019255,0.89074252553815,0.9196350030957781,0.0,1.0658141036401503e-14,-1.1102230246251565e-16,1,0,0,0,0,0,6.490070817735631,7.553333799033199
-0.4118210537153165,1.3285174207002242,1.4343276403802345,-0.09424873742880877,663.66,1819.33,-0.793651403885839,0.32483287083967394,-0.5991227985681364,-1.2048807853376502,-1.383928045058691,0.7738728049290627,0.7901674480133942,0.0,1.0658141036401503e-14,-1.1102230246251565e-16,1,0,0,0,0,0,6.499275631713101,7.506773082315914
-0.4118210537153165,1.619361679777453,1.4343276403802345,-0.09424873742880877,663.02,1850.66,-0.7390551392539821,0.37220383499046444,-0.5237906934393498,-1.1780930758851387,-1.3546841131815528,0.5985682240154306,0.6606998929310114,0.0,1.0658141036401503e-14,-1.1102230246251565e-16,1,0,0,0,0,0,6.498312269504749,7.523837813039103
-0.235752632199347,-1.5799251700720662,1.4343276403802345,-0.09424873742880877,530.0,1875.51,-0.7176275031231651,0.635253857774823,-0.41079253574617,-1.4947715420861165,-1.379638935050044,0.5985682240154306,0.5312323378486276,0.0,1.0658141036401503e-14,-1.1102230246251565e-16,1,0,0,0,0,0,6.274762021241939,7.537168947630954
-0.235752632199347,-1.2890809109948371,1.4343276403802345,-0.09424873742880877,912.57,2556.2,-0.7176275031231651,0.3935887404404353,-0.14713016779541738,-0.11772414131938538,-0.4145891831044875,0.5985682240154306,0.4664985603074362,0.0,1.0658141036401503e-14,-1.1102230246251565e-16,1,0,0,0,0,0,6.81736000123475,7.846668188892572
-0.235752632199347,-0.9982366519176081,1.4343276403802345,-0.09424873742880877,1000.0,2493.75,-0.7176275031231651,0.2424565418997502,0.22953035784851508,-0.2808374216490348,-0.489453648709961,0.5985682240154306,0.5312323378486276,0.0,1.0658141036401503e-14,-1.1102230246251565e-16,1,0,0,0,0,0,6.90875477931522,7.821943802764422
-0.235752632199347,-0.7073923928403791,1.4343276403802345,-0.09424873742880877,1500.0,2500.0,-0.7176275031231651,0.6338159973839327,0.1918643052841218,1.0535087789013167,-0.6758349745402543,0.5985682240154306,0.5312323378486276,0.0,1.0658141036401503e-14,-1.1102230246251565e-16,1,0,0,0,0,0,7.313886831633462,7.824445930877619
-0.235752632199347,-0.4165481337631501,1.4343276403802345,-0.09424873742880877,1500.0,2500.0,-0.7176275031231651,0.30376168038407947,0.04120009502654906,0.8675861618101227,-0.7943703784155872,0.5985682240154306,0.5312323378486276,0.0,1.0658141036401503e-14,-1.1102230246251565e-16,1,0,0,0,0,0,7.313886831633462,7.824445930877619
-0.235752632199347,-0.12570387468592106,1.4343276403802345,-0.09424873742880877,1500.0,2800.0,-0.7176275031231651,0.2368358149171782,0.5308587783636614,0.8238240622094851,-0.5073899269279389,0.5985682240154306,0.5312323378486276,0.0,1.0658141036401503e-14,-1.1102230246251565e-16,1,0,0,0,0,0,7.313886831633462,7.937731775260109
-0.235752632199347,0.16514038439130796,1.4343276403802345,-0.09424873742880877,1200.0,2425.0,-0.7176275031231651,0.40370604900906476,0.22953035784851508,0.018601429557752472,-0.6228059780697106,0.5985682240154306,0.5312323378486276,0.0,1.0658141036401503e-14,-1.1102230246251565e-16,1,0,0,0,0,0,7.0909098220799835,7.793999089503996
-0.235752632199347,0.455984643468537,1.4343276403802345,-0.09424873742880877,1000.0,2333.0,-0.7176275031231651,0.4024773319477583,0.26719641041290837,0.5710647839100447,-0.4294061085889041,0.5985682240154306,0.5312323378486276,0.0,1.0658141036401503e-14,-1.1102230246251565e-16,1,0,0,0,0,0,6.90875477931522,7.755338812846501
-0.235752632199347,0.7468289025457661,1.4343276403802345,-0.09424873742880877,1000.0,2400.0,-0.5509977271313659,0.45180901481339947,0.1541982527197285,1.0381257378295772,-0.38846460396091087,0.5985682240154306,0.5312323378486276,0.0,1.0658141036401503e-14,-1.1102230246251565e-16,1,0,0,0,0,0,6.90875477931522,7.783640596221253
-0.235752632199347,1.037673161622995,1.4343276403802345,-0.09424873742880877,1000.0,3133.0,-0.25036721208362067,0.33779975727388606,0.07886614759094235,1.068361370280927,2.1495187638829787,0.7738728049290627,0.6606998929310114,0.0,1.0658141036401503e-14,-1.1102230246251565e-16,1,0,0,0,0,0,6.90875477931522,8.050065422915965
-0.235752632199347,1.3285174207002242,1.4343276403802345,-0.09424873742880877,1500.0,3000.0,0.03757965063062249,0.47416120816269636,0.4931927257992681,3.029433882081622,2.170184475742823,0.89074252553815,0.7901674480133942,0.0,1.0658141036401503e-14,-1.1102230246251565e-16,1,0,0,0,0,0,7.313886831633462,8.006700845440367
-0.235752632199347,1.619361679777453,1.4343276403802345,-0.09424873742880877,1233.33,2800.0,0.4507572641907175,0.573582718463722,0.98285140913638,1.9685344978237398,1.6398945110373857,1.0660471064517822,0.9196350030957781,0.0,1.0658141036401503e-14,-1.1102230246251565e-16,1,0,0,0,0,0,7.118283591728759,7.937731775260109
-0.05968421068337747,-1.5799251700720662,1.4343276403802345,-0.09424873742880877,1199.23,2733.0,-0.055035065485766664,0.33238817362089856,0.3801945681060882,3.036064503233234,1.4223196578714785,1.0660471064517822,0.9843687806369694,0.0,1.0658141036401503e-14,-1.1102230246251565e-16,1,0,0,0,0,0,7.09026848407705,7.913521017283895
-0.05968421068337747,-1.2890809109948371,1.4343276403802345,-0.09424873742880877,1143.25,2800.0,-0.17472037530625795,0.587726036126844,0.30486246297730163,0.35755878282814585,0.01159238411833797,1.0660471064517822,1.0491025581781608,0.0,1.0658141036401503e-14,-1.1102230246251565e-16,1,0,0,0,0,0,7.042504679533751,7.937731775260109
-0.05968421068337747,-0.9982366519176081,1.4343276403802345,-0.09424873742880877,1000.0,2700.0,-0.20718038355904003,0.808659820916211,0.26719641041290837,-0.31292962802283575,-0.03792734052694915,1.0660471064517822,1.0491025581781608,0.0,1.0658141036401503e-14,-1.1102230246251565e-16,1,0,0,0,0,0,6.90875477931522,7.901377353792616
-0.05968421068337747,-0.7073923928403791,1.4343276403802345,-0.09424873742880877,1200.0,3000.0,-0.13943238716363843,0.6653704972349284,0.34252851554169494,-0.8433793201517767,0.4194477540314903,1.0660471064517822,1.0491025581781608,0.0,1.0658141036401503e-14,-1.1102230246251565e-16,1,0,0,0,0,0,7.0909098220799835,8.006700845440367
-0.05968421068337747,-0.4165481337631501,1.4343276403802345,-0.09424873742880877,1389.25,3340.94,-0.0017650259056952583,0.8419920390686715,0.1918643052841218,-0.508665564418415,0.9512973951037081,1.0660471064517822,1.0491025581781608,0.0,1.0658141036401503e-14,-1.1102230246251565e-16,1,0,0,0,0,0,7.237238866067673,8.114306755672812
-0.05968421068337747,-0.12570387468592106,1.4343276403802345,-0.09424873742880877,1000.0,3000.0,-0.28378288250607164,1.3395963059815594,0.003534042462155777,-1.196924039955716,-0.08198819788850384,1.0660471064517822,1.0491025581781608,0.0,1.0658141036401503e-14,-1.1102230246251565e-16,1,0,0,0,0,0,6.90875477931522,8.006700845440367
-0.05968421068337747,0.16514038439130796,1.4343276403802345,-0.09424873742880877,1000.0,2700.0,0.05285074203574646,1.0444950679384428,0.07886614759094235,-0.7550594464123082,0.08177782062346937,1.0660471064517822,1.0491025581781608,0.0,1.0658141036401503e-14,-1.1102230246251565e-16,1,0,0,0,0,0,6.90875477931522,7.901377353792616
-0.05968421068337747,0.455984643468537,1.4343276403802345,-0.09424873742880877,1133.0,2987.87,-0.38732595309330553,0.728191924858742,0.11653220015533564,0.03981941724291013,0.734112461029496,1.0660471064517822,1.0491025581781608,0.0,1.0658141036401503e-14,-1.1102230246251565e-16,1,0,0,0,0,0,7.033506484287697,8.002650668531139
-0.05968421068337747,0.7468289025457661,1.4343276403802345,-0.09424873742880877,1000.0,2633.0,-0.7176275031231651,0.9886799418556956,0.003534042462155777,-0.31292962802283575,0.018221008677156002,1.0660471064517822,1.0491025581781608,0.0,1.0658141036401503e-14,-1.1102230246251565e-16,1,0,0,0,0,0,6.90875477931522,7.876258882303226
-0.05968421068337747,1.037673161622995,1.4343276403802345,-0.09424873742880877,1200.0,2988.63,-0.7176275031231651,0.9108001945018294,0.003534042462155777,0.2175200641061054,-0.5401431306303336,1.0660471064517822,1.0491025581781608,0.0,1.0658141036401503e-14,-1.1102230246251565e-16,1,0,0,0,0,0,7.0909098220799835,8.002904912908189
-0.05968421068337747,1.3285174207002242,1.4343276403802345,-0.09424873742880877,1100.0,2700.0,-0.7176275031231651,0.9202377872493095,0.11653220015533564,-1.0202842924767788,-0.7503095210540326,1.0660471064517822,1.0491025581781608,0.0,1.0658141036401503e-14,-1.1102230246251565e-16,1,0,0,0,0,0,7.00397413672268,7.901377353792616
-0.05968421068337747,1.619361679777453,1.4343276403802345,-0.09424873742880877,1200.0,2700.0,-0.7176275031231651,1.0215938733489884,0.26719641041290837,-0.3845403364602428,-0.4995915450940355,1.0660471064517822,1.0491025581781608,0.0,1.0658141036401503e-14,-1.1102230246251565e-16,1,0,0,0,0,0,7.0909098220799835,7.901377353792616
0.11638421083259207,-1.5799251700720662,1.4343276403802345,-0.09424873742880877,1200.0,2600.0,-0.5876054392225767,0.8772849759359825,0.1918643052841218,-0.3113382789464489,-0.5502810270144082,1.0660471064517822,1.0491025581781608,0.0,1.0658141036401503e-14,-1.1102230246251565e-16,1,0,0,0,0,0,7.0909098220799835,7.8636512654486515
0.11638421083259207,-1.2890809109948371,1.4343276403802345,-0.09424873742880877,1200.0,2675.0,-0.6526164711728709,0.9382241135935394,0.34252851554169494,-0.18137810437485832,-0.5342943442549061,1.0660471064517822,1.0491025581781608,0.0,1.0658141036401503e-14,-1.1102230246251565e-16,1,0,0,0,0,0,7.0909098220799835,7.892078421248119
0.11638421083259207,-0.9982366519176081,1.4343276403802345,-0.09424873742880877,1200.0,2700.0,-0.5876054392225767,1.274134443821747,0.4555266732348748,0.2175200641061054,-0.3603904293588583,1.0660471064517822,1.0491025581781608,0.0,1.0658141036401503e-14,-1.1102230246251565e-16,1,0,0,0,0,0,7.0909098220799835,7.901377353792616
0.11638421083259207,-0.7073923928403791,1.4343276403802345,-0.09424873742880877,1800.0,3700.0,-0.3925723433716941,1.8219592527510076,1.0958495668295598,1.013194602299517,0.5492908115659833,1.0660471064517822,1.0491025581781608,0.0,1.0658141036401503e-14,-1.1102230246251565e-16,1,0,0,0,0,0,7.496097345175956,8.216358332386156
0.11638421083259207,-0.4165481337631501,1.4343276403802345,-0.09424873742880877,2000.0,3550.0,-0.3925723433716941,1.7143027238476105,1.0958495668295598,0.852998795276577,-0.11630107795767917,1.0660471064517822,1.0491025581781608,0.0,1.0658141036401503e-14,-1.1102230246251565e-16,1,0,0,0,0,0,7.601402334583733,8.174984532943087
0.11638421083259207,-0.12570387468592106,1.4343276403802345,-0.09424873742880877,2000.0,3100.0,-0.3925723433716941,2.153477573057949,1.0205174617007733,2.3393188326218697,-0.23054737182436524,1.0660471064517822,1.0491025581781608,0.0,1.0658141036401503e-14,-1.1102230246251565e-16,1,0,0,0,0,0,7.601402334583733,8.03947991910045
0.11638421083259207,0.16514038439130796,1.4343276403802345,-0.09424873742880877,2000.0,2500.0,-0.3925723433716941,2.3547780277826122,1.0958495668295598,2.3393188326218697,-0.6493204763049825,1.0660471064517822,1.0491025581781608,0.0,1.0658141036401503e-14,-1.1102230246251565e-16,1,0,0,0,0,0,7.601402334583733,7.824445930877619
0.11638421083259207,0.455984643468537,1.4343276403802345,-0.09424873742880877,2000.0,2500.0,-0.06751718362022303,2.0913881470876796,0.9451853565719867,1.7165708940624926,-0.9971283060970778,1.0660471064517822,1.0491025581781608,0.0,1.0658141036401503e-14,-1.1102230246251565e-16,1,0,0,0,0,0,7.601402334583733,7.824445930877619
0.11638421083259207,0.7468289025457661,1.4343276403802345,-0.09424873742880877,1500.0,2500.0,-0.06751718362022303,2.073035819916678,0.9451853565719867,1.013194602299517,-0.5572995706649213,1.0660471064517822,1.0491025581781608,0.0,1.0658141036401503e-14,-1.1102230246251565e-16,1,0,0,0,0,0,7.313886831633462,7.824445930877619
0.11638421083259207,1.037673161622995,1.4343276403802345,-0.09424873742880877,1607.6,2584.01,-0.13194311628296485,2.387325958449133,1.0958495668295598,0.5880391740581707,-0.8883408795141242,0.89074252553815,0.9843687806369694,0.0,1.0658141036401503e-14,-1.1102230246251565e-16,1,0,0,0,0,0,7.383119514469969,7.857484655407001
0.11638421083259207,1.3285174207002242,1.4343276403802345,-0.09424873742880877,1500.0,2500.0,-0.06751718362022303,1.9231061955211015,1.133515619393953,0.6514279122675792,-0.6493204763049825,0.89074252553815,0.9843687806369694,0.0,1.0658141036401503e-14,-1.1102230246251565e-16,1,0,0,0,0,0,7.313886831633462,7.824445930877619
0.11638421083259207,1.619361679777453,1.4343276403802345,-0.09424873742880877,1500.0,2985.8,-0.06751718362022303,2.4055214281229467,1.2841798296515263,0.35013248713834066,0.0525338887463313,0.89074252553815,0.9843687806369694,0.0,1.0658141036401503e-14,-1.1102230246251565e-16,1,0,0,0,0,0,7.313886831633462,8.001957859161546
0.2924526323485616,-1.5799251700720662,1.4343276403802345,-0.09424873742880877,1500.0,2635.06,-0.19753924752081145,2.3834306639356293,1.1711816719583463,0.35013248713834066,-0.30775135198000975,0.89074252553815,0.9196350030957781,0.0,1.0658141036401503e-14,-1.1102230246251565e-16,1,0,0,0,0,0,7.313886831633462,7.877040657123596
0.2924526323485616,-1.2890809109948371,1.4343276403802345,-0.09424873742880877,1600.0,2500.0,-0.6798820979728241,2.024671424950363,1.3595119347803128,0.5710647839100447,-0.6153975153275022,0.89074252553815,0.9196350030957781,0.0,1.0658141036401503e-14,-1.1102230246251565e-16,1,0,0,0,0,0,7.3783837129967145,7.824445930877619
0.2924526323485616,-0.9982366519176081,1.4343276403802345,-0.09424873742880877,1600.0,2500.0,-0.3925723433716941,2.4276383352264617,1.2088477245227398,0.5710647839100447,-0.6493204763049825,0.89074252553815,0.9196350030957781,0.0,1.0658141036401503e-14,-1.1102230246251565e-16,1,0,0,0,0,0,7.3783837129967145,7.824445930877619
0.2924526323485616,-0.7073923928403791,1.4343276403802345,-0.09424873742880877,1600.0,2500.0,-0.3925723433716941,1.6611280323008615,1.1711816719583463,-0.6075944320004625,-1.6248980437263083,0.89074252553815,0.9196350030957781,0.0,1.0658141036401503e-14,-1.1102230246251565e-16,1,0,0,0,0,0,7.3783837129967145,7.824445930877619
0.2924526323485616,-0.4165481337631501,1.4343276403802345,-0.09424873742880877,1600.0,2738.26,-0.06751718362022303,2.0680686658390575,1.3218458822159196,-0.8433793201517767,-1.2521353920657219,0.89074252553815,0.9196350030957781,0.0,1.0658141036401503e-14,-1.1102230246251565e-16,1,0,0,0,0,0,7.3783837129967145,7.915443089913137
0.2924526323485616,-0.12570387468592106,1.4343276403802345,-0.09424873742880877,1600.0,2618.66,-0.3925723433716941,1.6910093855151855,1.2841798296515263,-0.8433793201517767,-0.9659347787614638,0.89074252553815,0.9196350030957781,0.0,1.0658141036401503e-14,-1.1102230246251565e-16,1,0,0,0,0,0,7.3783837129967145,7.870799817341792
0.2924526323485616,0.16514038439130796,1.4343276403802345,-0.09424873742880877,1534.34,2330.83,-0.43204054086871774,1.9106883103270476,1.0581835142651665,-0.9303730696609231,-0.6243656544364913,0.7738728049290627,0.7901674480133942,0.0,1.0658141036401503e-14,-1.1102230246251565e-16,1,0,0,0,0,0,7.33650713386549,7.754408646013823
0.2924526323485616,0.455984643468537,1.4343276403802345,-0.09424873742880877,1246.27,2415.81,-0.5054705014565749,1.3987838682538496,0.7568550937500211,-1.312562072839825,-0.49179316326013206,0.5985682240154306,0.6606998929310114,0.0,1.0658141036401503e-14,-1.1102230246251565e-16,1,0,0,0,0,0,7.128712441890194,7.790203767766649
0.2924526323485616,0.7468289025457661,1.4343276403802345,-0.09424873742880877,1075.85,2370.07,-0.5610614348772717,1.4153323342071886,0.5308587783636614,-1.0629854926931586,-0.5631483570403489,0.4232636431017996,0.5312323378486276,0.0,1.0658141036401503e-14,-1.1102230246251565e-16,1,0,0,0,0,0,6.981795391690602,7.771096609037443
0.2924526323485616,1.037673161622995,1.4343276403802345,-0.09424873742880877,1000.0,3000.0,-0.3925723433716941,1.632501539064043,0.4931927257992681,-1.3154795461465343,0.26737930827037243,0.5985682240154306,0.6606998929310114,0.0,1.0658141036401503e-14,-1.1102230246251565e-16,1,0,0,0,0,0,6.90875477931522,8.006700845440367
0.2924526323485616,1.3285174207002242,1.4343276403802345,-0.09424873742880877,1000.0,2200.0,-0.3925723433716941,1.684996514789643,0.30486246297730163,-1.196924039955716,-0.8282933393930675,0.5985682240154306,0.6606998929310114,0.0,1.0658141036401503e-14,-1.1102230246251565e-16,1,0,0,0,0,0,6.90875477931522,7.696667081526462
0.2924526323485616,1.619361679777453,1.4343276403802345,-0.09424873742880877,942.8,2632.73,-0.35967026010165043,1.321897551715508,0.11653220015533564,-1.2982399311523438,-0.8212747957425544,0.4232636431017996,0.5312323378486276,0.0,1.0658141036401503e-14,-1.1102230246251565e-16,1,0,0,0,0,0,6.849914279292287,7.876156371354398
0.46852105386453113,-1.5799251700720662,1.4343276403802345,-0.09424873742880877,800.0,2848.74,-0.3328207039061788,0.8648148049095327,0.11653220015533564,-1.5507339846057198,-0.044166045994071944,0.4232636431017996,0.5312323378486276,0.0,1.0658141036401503e-14,-1.1102230246251565e-16,1,0,0,0,0,0,6.68586094706836,7.954983041030987
0.46852105386453113,-1.2890809109948371,1.4343276403802345,-0.09424873742880877,1000.0,3000.0,-0.3925723433716941,0.5802230191780159,0.11653220015533564,-1.3075228007646003,0.4194477540314903,0.4232636431017996,0.5312323378486276,0.0,1.0658141036401503e-14,-1.1102230246251565e-16,1,0,0,0,0,0,6.90875477931522,8.006700845440367
0.46852105386453113,-0.9982366519176081,1.4343276403802345,-0.09424873742880877,900.0,3000.0,-0.06751718362022303,0.6120912340233874,0.30486246297730163,-1.4732883295548944,0.4194477540314903,0.4232636431017996,0.5312323378486276,0.0,1.0658141036401503e-14,-1.1102230246251565e-16,1,0,0,0,0,0,6.803505257608338,8.006700845440367
0.46852105386453113,-0.7073923928403791,1.4343276403802345,-0.09424873742880877,1500.0,3000.0,-0.3925723433716941,1.0161822896960002,0.3801945681060882,-0.4786951568131298,0.4194477540314903,0.4232636431017996,0.5312323378486276,0.0,1.0658141036401503e-14,-1.1102230246251565e-16,1,0,0,0,0,0,7.313886831633462,8.006700845440367
0.46852105386453113,-0.4165481337631501,1.4343276403802345,-0.09424873742880877,1550.0,3500.0,-0.3925723433716941,1.382575260211085,0.4178606206704815,-0.3956797799949505,0.7243644837371166,0.4232636431017996,0.5312323378486276,0.0,1.0658141036401503e-14,-1.1102230246251565e-16,1,0,0,0,0,0,7.346655163176539,8.160803920954665
0.46852105386453113,-0.12570387468592106,1.4343276403802345,-0.09424873742880877,1800.0,3500.0,-0.06751718362022303,1.16804648989023,0.9451853565719867,0.018601429557752472,0.9520772332870983,0.4232636431017996,0.5312323378486276,0.0,1.0658141036401503e-14,-1.1102230246251565e-16,1,0,0,0,0,0,7.496097345175956,8.160803920954665
0.46852105386453113,0.16514038439130796,1.4343276403802345,-0.09424873742880877,2000.0,3969.73,-0.06751718362022303,1.363569360135133,1.2088477245227398,0.4920277797828325,2.3811307043499124,0.5985682240154306,0.6606998929310114,0.0,1.0658141036401503e-14,-1.1102230246251565e-16,1,0,0,0,0,0,7.601402334583733,8.286705235870746
0.46852105386453113,0.455984643468537,1.4343276403802345,-0.09424873742880877,2000.0,3700.0,0.5825931358827191,1.2306849171006566,1.2088477245227398,1.2911502409750821,1.712419462092688,0.7738728049290627,0.7901674480133942,0.0,1.0658141036401503e-14,-1.1102230246251565e-16,1,0,0,0,0,0,7.601402334583733,8.216358332386156
0.46852105386453113,0.7468289025457661,1.4343276403802345,-0.09424873742880877,1600.0,3968.73,0.5825931358827191,1.0638931117573651,1.1711816719583463,0.9792458220032648,2.269613844125092,0.89074252553815,0.9196350030957781,0.0,1.0658141036401503e-14,-1.1102230246251565e-16,1,0,0,0,0,0,7.3783837129967145,8.28645336129288
0.46852105386453113,1.037673161622995,1.4343276403802345,-0.09424873742880877,1800.0,3300.0,0.5825931358827191,1.2158357407001883,1.0958495668295598,1.8088691404929287,0.02952866233631602,0.89074252553815,0.9196350030957781,0.0,1.0658141036401503e-14,-1.1102230246251565e-16,1,0,0,0,0,0,7.496097345175956,8.101980731853192
0.46852105386453113,1.3285174207002242,1.4343276403802345,-0.09424873742880877,2000.0,3500.0,0.5825931358827191,0.8211038490264635,1.1711816719583463,2.3393188326218697,1.9436414834679268,0.89074252553815,0.9196350030957781,0.0,1.0658141036401503e-14,-1.1102230246251565e-16,1,0,0,0,0,0,7.601402334583733,8.160803920954665
0.46852105386453113,1.619361679777453,1.4343276403802345,-0.09424873742880877,2000.0,3875.54,-0.06751718362022303,0.9748764821031468,0.98285140913638,2.6610365708980726,1.4804176025340599,1.0660471064517822,0.9843687806369694,0.0,1.0658141036401503e-14,-1.1102230246251565e-16,1,0,0,0,0,0,7.601402334583733,8.262698282192131
0.6445894753805007,-1.5799251700720662,1.4343276403802345,-0.09424873742880877,1500.0,3954.75,-0.7176275031231651,1.0577495264508334,0.5685248309280546,2.0077877750412814,1.1532754846018083,1.0660471064517822,0.9843687806369694,0.0,1.0658141036401503e-14,-1.1102230246251565e-16,1,0,0,0,0,0,7.313886831633462,8.282925495599093
0.6445894753805007,-1.2890809109948371,1.4343276403802345,-0.09424873742880877,1572.36,3973.76,-0.06751718362022303,1.3661575088387354,0.9075193040075934,1.2052173908501937,0.9052869422836776,1.0660471064517822,0.9843687806369694,0.0,1.0658141036401503e-14,-1.1102230246251565e-16,1,0,0,0,0,0,7.360968738920398,8.287719647907156
0.6445894753805007,-0.9982366519176081,1.4343276403802345,-0.09424873742880877,1376.38,4662.32,-0.2878005642806,1.1265576818839902,0.9451853565719867,1.090905482196407,1.8001512577241023,0.89074252553815,0.9196350030957781,0.0,1.0658141036401503e-14,-1.1102230246251565e-16,1,0,0,0,0,0,7.227938422894828,8.447482919802198
0.6445894753805007,-0.7073923928403791,1.4343276403802345,-0.09424873742880877,1100.0,5576.51,-0.6092736161716098,1.058586099769169,0.9075193040075934,-1.0202842924767788,2.988234730119298,0.89074252553815,0.9196350030957781,0.0,1.0658141036401503e-14,-1.1102230246251565e-16,1,0,0,0,0,0,7.00397413672268,8.626497719223055
0.6445894753805007,-0.4165481337631501,1.4343276403802345,-0.09424873742880877,1200.0,5250.0,-0.06751718362022303,1.0792390035655957,0.7945211463144144,-0.9118073304364102,1.589205029117013,0.89074252553815,0.9196350030957781,0.0,1.0658141036401503e-14,-1.1102230246251565e-16,1,0,0,0,0,0,7.0909098220799835,8.566173813637858
0.6445894753805007,-0.12570387468592106,1.4343276403802345,-0.09424873742880877,1200.0,5000.0,-0.06751718362022303,0.8048168122351044,0.9075193040075934,-1.196924039955716,1.3108027976466585,0.89074252553815,0.9196350030957781,0.0,1.0658141036401503e-14,-1.1102230246251565e-16,1,0,0,0,0,0,7.0909098220799835,8.517393171418904
0.6445894753805007,0.16514038439130796,1.4343276403802345,-0.09424873742880877,1500.0,4167.0,0.041051239736768295,0.49677483067397366,0.9451853565719867,-0.975991743184012,-0.16660064078635667,0.89074252553815,0.9196350030957781,0.0,1.0658141036401503e-14,-1.1102230246251565e-16,1,0,0,0,0,0,7.313886831633462,8.335191583433202
0.6445894753805007,0.455984643468537,1.4343276403802345,-0.09424873742880877,1500.0,3780.0,-0.28400392001470276,0.645292737594858,0.7568550937500211,-0.975991743184012,-0.2761679055527006,0.89074252553815,0.9196350030957781,0.0,1.0658141036401503e-14,-1.1102230246251565e-16,1,0,0,0,0,0,7.313886831633462,8.237743803890933
0.6445894753805007,0.7468289025457661,1.4343276403802345,-0.09424873742880877,1425.0,4247.47,-0.28400392001470276,0.395444887490494,0.7945211463144144,-0.6030856096173665,-0.08666722698884594,0.89074252553815,0.9196350030957781,0.0,1.0658141036401503e-14,-1.1102230246251565e-16,1,0,0,0,0,0,7.262628600974241,8.354314197102907
0.6445894753805007,1.037673161622995,1.4343276403802345,-0.09424873742880877,967.0,3817.0,-0.1702346141016879,0.31053269567936337,0.5685248309280546,-1.5403902156092055,0.2506127873274798,0.89074252553815,0.9196350030957781,0.0,1.0658141036401503e-14,-1.1102230246251565e-16,1,0,0,0,0,0,6.875232087276577,8.247482004285693
0.6445894753805007,1.3285174207002242,1.4343276403802345,-0.09424873742880877,1136.0,4000.0,-0.06751718362022303,0.513846154951273,0.6815229886212345,-1.4587009630213486,0.19680395267354575,0.89074252553815,0.9196350030957781,0.0,1.0658141036401503e-14,-1.1102230246251565e-16,1,0,0,0,0,0,7.036148493750536,8.294299608857235
0.6445894753805007,1.619361679777453,1.4343276403802345,-0.09424873742880877,1015.0,3308.0,-0.06751718362022303,0.5248784655868324,0.4178606206704815,-1.6191619948903533,-0.9312319796005935,0.89074252553815,0.9196350030957781,0.0,1.0658141036401503e-14,-1.1102230246251565e-16,1,0,0,0,0,0,6.923628628138427,8.104401307921613
0.8206578968964702,-1.5799251700720662,1.4343276403802345,-0.09424873742880877,1025.0,3891.51,0.013746606317644728,0.4919122482611444,0.4931927257992681,-1.152896715509014,-0.42277748403008614,0.89074252553815,0.9196350030957781,0.0,1.0658141036401503e-14,-1.1102230246251565e-16,1,0,0,0,0,0,6.933423025730715,8.266809472747886
0.8206578968964702,-1.2890809109948371,1.4343276403802345,-0.09424873742880877,1063.64,4242.74,0.10337081496432012,0.5249830372516243,0.6438569360568412,-1.170932005041398,-0.0964152042812253,0.7738728049290627,0.7901674480133942,0.0,1.0658141036401503e-14,-1.1102230246251565e-16,1,0,0,0,0,0,6.970391992830112,8.35320023489775
0.8206578968964702,-0.9982366519176081,1.4343276403802345,-0.09424873742880877,1160.0,4400.0,-0.06751718362022303,0.5222380310508337,0.606190883492448,-0.7298630860361834,-0.5799148779832414,0.89074252553815,0.9196350030957781,0.0,1.0658141036401503e-14,-1.1102230246251565e-16,1,0,0,0,0,0,7.057036981697891,8.38958706681109
0.8206578968964702,-0.7073923928403791,1.4343276403802345,-0.09424873742880877,1000.0,4786.0,0.5825931358827191,0.42007151454901787,0.8321871988788077,-0.5540190130954395,-0.9132957013826154,0.89074252553815,0.9196350030957781,0.0,1.0658141036401503e-14,-1.1102230246251565e-16,1,0,0,0,0,0,6.90875477931522,8.473659189392508
0.8206578968964702,-0.4165481337631501,1.4343276403802345,-0.09424873742880877,1096.52,4926.06,0.5825931358827191,0.42854181939717256,0.6815229886212345,-0.5415534453304093,-0.6009705089347808,0.89074252553815,0.9196350030957781,0.0,1.0658141036401503e-14,-1.1102230246251565e-16,1,0,0,0,0,0,7.00080836801791,8.502497740265634
0.8206578968964702,-0.12570387468592106,1.4343276403802345,-0.09424873742880877,1134.0,4916.0,0.9076482956341901,0.3430544834296857,0.5308587783636614,-0.4588032933582945,-0.42589683676364753,0.89074252553815,0.9196350030957781,0.0,1.0658141036401503e-14,-1.1102230246251565e-16,1,0,0,0,0,0,7.034387929915503,8.50045386741194
0.8206578968964702,0.16514038439130796,1.4343276403802345,-0.09424873742880877,1285.44,3965.44,0.3596052962932099,0.4023204744505704,0.4178606206704815,-0.6922011578950287,-0.5491112697393227,0.89074252553815,0.9196350030957781,0.0,1.0658141036401503e-14,-1.1102230246251565e-16,1,0,0,0,0,0,7.15963399246864,8.285624245941653
0.8206578968964702,0.455984643468537,1.4343276403802345,-0.09424873742880877,1200.0,3186.0,0.42461632824350415,0.45363901894726016,0.30486246297730163,-0.8433793201517767,-0.9729533224119772,0.89074252553815,0.9196350030957781,0.0,1.0658141036401503e-14,-1.1102230246251565e-16,1,0,0,0,0,0,7.0909098220799835,8.066835314417336
0.8206578968964702,0.7468289025457661,1.4343276403802345,-0.09424873742880877,1200.0,3000.0,0.5825931358827191,0.1365515883816191,0.26719641041290837,-0.7317196599586346,-1.5055828016675852,0.89074252553815,0.9196350030957781,0.0,1.0658141036401503e-14,-1.1102230246251565e-16,1,0,0,0,0,0,7.0909098220799835,8.006700845440367
0.8206578968964702,1.037673161622995,1.4343276403802345,-0.09424873742880877,1120.0,2800.0,0.4915776911523072,0.3208591475775767,0.1918643052841218,0.1066560784511567,-1.3991348896348028,0.89074252553815,0.9196350030957781,0.0,1.0658141036401503e-14,-1.1102230246251565e-16,1,0,0,0,0,0,7.02197642307216,7.937731775260109
0.8206578968964702,1.3285174207002242,1.4343276403802345,-0.09424873742880877,1286.0,2871.0,0.953806128318899,0.4030263331879166,0.34252851554169494,0.03716716878226539,-1.4607421061226402,0.89074252553815,0.9196350030957781,0.0,1.0658141036401503e-14,-1.1102230246251565e-16,1,0,0,0,0,0,7.160069207596127,7.962763930168115
0.8206578968964702,1.619361679777453,1.4343276403802345,-0.09424873742880877,1357.0,2914.0,1.2327034553856613,0.4181892245827612,0.4178606206704815,0.5806128783683656,-0.8247840675678109,0.89074252553815,0.9196350030957781,0.0,1.0658141036401503e-14,-1.1102230246251565e-16,1,0,0,0,0,0,7.213768308118642,7.977625098784593
0.9967263184124397,-1.5799251700720662,1.4343276403802345,-0.09424873742880877,1467.0,3084.81,1.2327034553856613,0.4581878863657136,0.606190883492448,0.8307199082071614,-1.1686927064429546,0.89074252553815,0.9196350030957781,0.0,1.0658141036401503e-14,-1.1102230246251565e-16,1,0,0,0,0,0,7.291656209174461,8.034569462654398
0.9967263184124397,-1.2890809109948371,1.4343276403802345,-0.09424873742880877,1300.0,3167.0,1.2327034553856613,0.22538521762245092,0.6815229886212345,0.2763999799324178,-1.348835326806125,1.0660471064517822,0.9843687806369694,0.0,1.0658141036401503e-14,-1.1102230246251565e-16,1,0,0,0,0,0,7.170888478512505,8.060855752934316
0.9967263184124397,-0.9982366519176081,1.4343276403802345,-0.09424873742880877,1500.0,3200.0,1.2327034553856613,0.3976931782835224,0.7568550937500211,0.4644443957921274,-1.4236997924115986,1.0660471064517822,0.9843687806369694,0.0,1.0658141036401503e-14,-1.1102230246251565e-16,1,0,0,0,0,0,7.313886831633462,8.071218539969863
0.9967263184124397,-0.7073923928403791,1.4343276403802345,-0.09424873742880877,1529.0,3500.0,1.2327034553856613,0.39730103454055266,0.9075193040075934,1.0901098076582136,-1.4081030287437917,1.0660471064517822,0.9843687806369694,0.0,1.0658141036401503e-14,-1.1102230246251565e-16,1,0,0,0,0,0,7.333023014386481,8.160803920954665
0.9967263184124397,-0.4165481337631501,1.4343276403802345,-0.09424873742880877,1620.0,4400.0,1.2327034553856613,0.2563122874846944,1.1711816719583463,0.9532537870889468,-0.7768240192893044,1.0660471064517822,0.9843687806369694,0.0,1.0658141036401503e-14,-1.1102230246251565e-16,1,0,0,0,0,0,7.390798521735676,8.38958706681109
0.9967263184124397,-0.12570387468592106,1.4343276403802345,-0.09424873742880877,1500.0,4474.72,1.2327034553856613,0.30977455110962127,1.2088477245227398,0.5429509502272108,-0.7105377737011248,1.0660471064517822,0.9843687806369694,0.0,1.0658141036401503e-14,-1.1102230246251565e-16,1,0,0,0,0,0,7.313886831633462,8.406422511621676
0.9967263184124397,0.16514038439130796,1.4343276403802345,-0.09424873742880877,1751.42,4401.01,1.850561801938062,0.20925503832827969,1.4348440399090994,0.6485104389608701,0.06774073332244313,0.89074252553815,0.9196350030957781,0.0,1.0658141036401503e-14,-1.1102230246251565e-16,1,0,0,0,0,0,7.468752968794042,8.38981653377851
0.9967263184124397,0.455984643468537,1.4343276403802345,-0.09424873742880877,2000.0,4260.0,2.012835838789192,0.29523908970352886,1.5478421976022794,1.4553244206889895,0.9540268287455743,0.89074252553815,0.9196350030957781,0.0,1.0658141036401503e-14,-1.1102230246251565e-16,1,0,0,0,0,0,7.601402334583733,8.357259153499912
0.9967263184124397,0.7468289025457661,1.4343276403802345,-0.09424873742880877,2000.0,4950.0,3.1830344138944877,0.12941457225956282,2.0751669335037843,1.4553244206889895,2.1740836666597745,0.89074252553815,0.9196350030957781,0.0,1.0658141036401503e-14,-1.1102230246251565e-16,1,0,0,0,0,0,7.601402334583733,8.507344855361422
0.9967263184124397,1.037673161622995,1.4343276403802345,-0.09424873742880877,2000.0,5088.0,3.6090061985424002,0.2596062949256434,2.414161406583324,1.770941987505709,2.8256384688824108,0.89074252553815,0.9196350030957781,0.0,1.0658141036401503e-14,-1.1102230246251565e-16,1,0,0,0,0,0,7.601402334583733,8.534836626588833
0.9967263184124397,1.3285174207002242,1.4343276403802345,-0.09424873742880877,1975.0,5088.0,2.5329240943915456,0.3326496027828784,1.9621687758106046,1.1081450971905975,2.6505647967112775,0.89074252553815,0.9196350030957781,0.0,1.0658141036401503e-14,-1.1102230246251565e-16,1,0,0,0,0,0,7.588829878307813,8.534836626588833
0.9967263184124397,1.619361679777453,1.4343276403802345,-0.09424873742880877,2000.0,5660.0,3.1830344138944877,0.2299079421247064,2.3011632488901443,0.9437056926306259,3.3138171716847693,0.89074252553815,0.9196350030957781,0.0,1.0658141036401503e-14,-1.1102230246251565e-16,1,0,0,0,0,0,7.601402334583733,8.64135583403666
1.1727947399284093,-1.5799251700720662,1.4343276403802345,-0.09424873742880877,1500.0,5750.0,2.695451674267281,0.034986358952356994,2.0375008809393913,-0.2532540376583299,3.008510522887448,0.89074252553815,0.9843687806369694,0.0,1.0658141036401503e-14,-1.1102230246251565e-16,1,0,0,0,0,0,7.313886831633462,8.657129031713755
1.1727947399284093,-1.2890809109948371,1.4343276403802345,-0.09424873742880877,1416.67,6000.0,1.6661125020886878,0.13119229056102755,1.7361724604242457,-0.07502294110300561,3.127435845854476,0.89074252553815,0.9843687806369694,0.0,1.0658141036401503e-14,-1.1102230246251565e-16,1,0,0,0,0,0,7.256769957864208,8.699681400989514
1.1727947399284093,-0.9982366519176081,1.4343276403802345,-0.09424873742880877,1637.5,5687.5,1.4358629302303305,-0.0003327208311520252,1.9245027232462113,-0.06971844418171623,2.6704506703877318,0.89074252553815,0.9843687806369694,0.0,1.0658141036401503e-14,-1.1102230246251565e-16,1,0,0,0,0,0,7.401536468138869,8.646201871979772
1.1727947399284093,-0.7073923928403791,1.4343276403802345,-0.09424873742880877,1667.0,6000.0,0.853689139115446,-0.1490336281654222,1.9621687758106046,-0.07343159202661884,2.424801642619772,0.89074252553815,0.9843687806369694,0.0,1.0658141036401503e-14,-1.1102230246251565e-16,1,0,0,0,0,0,7.419380582918692,8.699681400989514
1.1727947399284093,-0.4165481337631501,1.4343276403802345,-0.09424873742880877,2000.0,6530.0,0.257537976131248,-0.03698508934075944,2.112832986068178,0.30928786084441223,1.5272078935374802,0.89074252553815,0.9843687806369694,0.0,1.0658141036401503e-14,-1.1102230246251565e-16,1,0,0,0,0,0,7.601402334583733,8.784315349902657
1.1727947399284093,-0.12570387468592106,1.4343276403802345,-0.09424873742880877,1933.0,6557.42,0.06250488028036538,-0.2776044900272266,2.112832986068178,0.4527745025652908,1.454293023390483,0.89074252553815,0.9843687806369694,0.0,1.0658141036401503e-14,-1.1102230246251565e-16,1,0,0,0,0,0,7.56734567601324,8.788504999269698
1.1727947399284093,0.16514038439130796,1.4343276403802345,-0.09424873742880877,1850.0,6538.0,-0.026560233491537685,-0.2431742693944496,2.150499038632571,-0.16360803968853882,1.5330566799129082,1.0660471064517822,1.0491025581781608,0.0,1.0658141036401503e-14,-1.1102230246251565e-16,1,0,0,0,0,0,7.523481312573497,8.785539527561276
1.1727947399284093,0.455984643468537,1.4343276403802345,-0.09424873742880877,1529.0,6000.0,-0.06751718362022303,-0.3186227255419015,1.8491706181174248,-0.937534140504664,1.232429060215929,1.0660471064517822,1.0491025581781608,0.0,1.0658141036401503e-14,-1.1102230246251565e-16,1,0,0,0,0,0,7.333023014386481,8.699681400989514
1.1727947399284093,0.7468289025457661,1.4343276403802345,-0.09424873742880877,1414.0,6000.0,0.5825931358827191,-0.17692811974869713,1.8115045655530315,-1.0900384269917345,0.46662796412660645,1.0660471064517822,1.0491025581781608,0.0,1.0658141036401503e-14,-1.1102230246251565e-16,1,0,0,0,0,0,7.254884810077338,8.699681400989514
1.1727947399284093,1.037673161622995,1.4343276403802345,-0.09424873742880877,1438.0,5992.26,0.5825931358827191,0.029810061545151922,1.6231743027310659,-1.058211445463998,0.33249579658346645,1.0660471064517822,1.0491025581781608,0.0,1.0658141036401503e-14,-1.1102230246251565e-16,1,0,0,0,0,0,7.271703706887368,8.698390783465069
1.1727947399284093,1.3285174207002242,1.4343276403802345,-0.09424873742880877,1411.0,5500.0,0.5825931358827191,-0.05306298280253411,1.5478421976022794,-1.0704117883829636,-0.04455596508576711,1.0660471064517822,1.0491025581781608,0.0,1.0658141036401503e-14,-1.1102230246251565e-16,1,0,0,0,0,0,7.252762418053187,8.612685172875459
1.1727947399284093,1.619361679777453,1.4343276403802345,-0.09424873742880877,1360.0,5489.53,0.5825931358827191,-0.05928499685766034,1.4725100924734926,-1.1616491354291414,-0.47775607595910574,1.0660471064517822,1.0491025581781608,0.0,1.0658141036401503e-14,-1.1102230246251565e-16,1,0,0,0,0,0,7.215975002651466,8.610780069006085
1.348863161444379,-1.5799251700720662,1.4343276403802345,-0.09424873742880877,1492.0,5363.06,0.3388017660691158,-0.1113878288402902,1.4725100924734926,-0.32698654486425266,-0.6228059780697106,1.0660471064517822,0.9843687806369694,0.0,1.0658141036401503e-14,-1.1102230246251565e-16,1,0,0,0,0,0,7.30854279753919,8.587476430021336
1.348863161444379,-1.2890809109948371,1.4343276403802345,-0.09424873742880877,1250.0,5127.61,0.5065302285008748,-0.16644481035329586,1.2841798296515263,-0.6248340469946531,-0.9273327886836417,1.0660471064517822,0.9843687806369694,0.0,1.0658141036401503e-14,-1.1102230246251565e-16,1,0,0,0,0,0,7.1316985104669115,8.54258994628414
1.348863161444379,-0.9982366519176081,1.4343276403802345,-0.09424873742880877,1257.0,5165.42,0.4896273601937984,-0.036357659352007216,1.3218458822159196,-0.9293121702766654,-0.7183361555350283,1.0660471064517822,0.9843687806369694,0.0,1.0658141036401503e-14,-1.1102230246251565e-16,1,0,0,0,0,0,7.1372784372603855,8.549935271164061
1.348863161444379,-0.7073923928403791,1.4343276403802345,-0.09424873742880877,1211.0,5166.94,0.5825931358827191,-0.25240271881234644,1.133515619393953,-1.0383195820091626,-0.9015981286317601,1.0660471064517822,0.9843687806369694,0.0,1.0658141036401503e-14,-1.1102230246251565e-16,1,0,0,0,0,0,7.10002716662926,8.550229435487921
1.348863161444379,-0.4165481337631501,1.4343276403802345,-0.09424873742880877,1150.0,5165.31,0.6476041678330133,-0.16670623951527572,1.133515619393953,-1.4401352237968355,-1.1753213310017725,1.0660471064517822,0.9843687806369694,0.0,1.0658141036401503e-14,-1.1102230246251565e-16,1,0,0,0,0,0,7.048386408721883,8.549913979598328
1.348863161444379,-0.12570387468592106,1.4343276403802345,-0.09424873742880877,1075.0,5110.72,0.5663403778951456,0.06267170720604803,1.2088477245227398,-1.4902627197030205,-1.2205519456384126,1.0660471064517822,0.9843687806369694,0.0,1.0658141036401503e-14,-1.1102230246251565e-16,1,0,0,0,0,0,6.98100574072173,8.539291221474329
1.348863161444379,0.16514038439130796,1.4343276403802345,-0.09424873742880877,1086.0,4914.0,0.7685246872605606,0.13890445083943948,1.3595119347803128,-1.4083082422690991,-1.3289494531296713,1.0660471064517822,0.9843687806369694,0.0,1.0658141036401503e-14,-1.1102230246251565e-16,1,0,0,0,0,0,6.99117688712121,8.500047032581268
1.348863161444379,0.455984643468537,1.4343276403802345,-0.09424873742880877,1133.0,4875.0,0.8803436622150665,0.024581478305550287,1.2841798296515263,-0.9998619793298144,-1.09148872628731,1.0660471064517822,0.9843687806369694,0.0,1.0658141036401503e-14,-1.1102230246251565e-16,1,0,0,0,0,0,7.033506484287697,8.492080490601163
1.348863161444379,0.7468289025457661,1.4343276403802345,-0.09424873742880877,1067.0,5000.0,1.1241350320286698,0.05056753700636996,1.3595119347803128,-0.9637914002650464,-1.0103855552147138,1.0660471064517822,0.9843687806369694,0.0,1.0658141036401503e-14,-1.1102230246251565e-16,1,0,0,0,0,0,6.97354301952014,8.517393171418904
1.348863161444379,1.037673161622995,1.4343276403802345,-0.09424873742880877,1000.0,4883.0,0.6911615592397105,0.011745306452328061,1.3595119347803128,-1.120804509135213,-1.082130668086626,1.0660471064517822,0.9843687806369694,0.0,1.0658141036401503e-14,-1.1102230246251565e-16,1,0,0,0,0,0,6.90875477931522,8.493719835230594
1.348863161444379,1.3285174207002242,1.4343276403802345,-0.09424873742880877,1200.0,4000.0,1.2327034553856613,0.03608436143267353,1.3595119347803128,-0.7094407728892193,-1.4236997924115986,1.0660471064517822,0.9843687806369694,0.0,1.0658141036401503e-14,-1.1102230246251565e-16,1,0,0,0,0,0,7.0909098220799835,8.294299608857235
1.348863161444379,1.619361679777453,1.4343276403802345,-0.09424873742880877,1200.0,4000.0,1.2327034553856613,-0.10592395935490671,1.3218458822159196,-0.6248340469946531,-1.418240925127866,1.0660471064517822,0.9843687806369694,0.0,1.0658141036401503e-14,-1.1102230246251565e-16,1,0,0,0,0,0,7.0909098220799835,8.294299608857235
1.5249315829603483,-1.5799251700720662,1.4343276403802345,-0.09424873742880877,1272.0,3369.0,0.5435865167125425,0.31291170105338234,0.7945211463144144,-0.7041362759679297,-1.8101096122815161,1.0660471064517822,1.0491025581781608,0.0,1.0658141036401503e-14,-1.1102230246251565e-16,1,0,0,0,0,0,7.149131598557407,8.122668023346407
1.5249315829603483,-1.2890809109948371,1.4343276403802345,-0.09424873742880877,1224.0,3790.0,1.0032145126011227,0.21132032870792225,1.133515619393953,-0.3680963960042456,-1.377689339591568,1.0660471064517822,1.0491025581781608,0.0,1.0658141036401503e-14,-1.1102230246251565e-16,1,0,0,0,0,0,7.110696122978827,8.240385115516334
1.5249315829603483,-0.9982366519176081,1.4343276403802345,-0.09424873742880877,1242.0,3880.06,1.0747266477464463,0.3088072632102946,1.2088477245227398,-0.3444913847045077,-1.330509129496452,1.0660471064517822,1.0491025581781608,0.0,1.0658141036401503e-14,-1.1102230246251565e-16,1,0,0,0,0,0,7.1252830915107115,8.26386359118241
1.5249315829603483,-0.7073923928403791,1.4343276403802345,-0.09424873742880877,1550.0,4144.36,0.5825931358827191,-0.0025810116241804667,1.397177987344706,0.42943471611161727,-1.1320403118236082,1.0660471064517822,1.0491025581781608,0.0,1.0658141036401503e-14,-1.1102230246251565e-16,1,0,0,0,0,0,7.346655163176539,8.32974491542648
1.5249315829603483,-0.4165481337631501,1.4343276403802345,-0.09424873742880877,2000.0,4427.5,0.5825931358827191,0.023849476652005534,2.112832986068178,1.6473472092396662,-0.9171948922995671,1.0660471064517822,1.0491025581781608,0.0,1.0658141036401503e-14,-1.1102230246251565e-16,1,0,0,0,0,0,7.601402334583733,8.395816205249638
1.5249315829603483,-0.12570387468592106,1.4343276403802345,-0.09424873742880877,2000.0,4860.0,0.5825931358827191,0.25657371664667483,2.5648256168408974,1.9693301723619332,-0.5518407033811888,1.0660471064517822,1.0491025581781608,0.0,1.0658141036401503e-14,-1.1102230246251565e-16,1,0,0,0,0,0,7.601402334583733,8.488999457045455
1.5249315829603483,0.16514038439130796,1.4343276403802345,-0.09424873742880877,1800.0,4325.0,0.6638569258205869,0.31748671138803375,2.3011632488901443,1.4309237348510582,-0.8279034203013722,1.0660471064517822,1.0491025581781608,0.0,1.0658141036401503e-14,-1.1102230246251565e-16,1,0,0,0,0,0,7.496097345175956,8.372398606513004
1.5249315829603483,0.455984643468537,1.4343276403802345,-0.09424873742880877,1333.0,4033.0,1.2327034553856613,0.3870530113909333,2.0375008809393913,0.15519222528095478,-1.0337807007164244,1.0660471064517822,1.0491025581781608,0.0,1.0658141036401503e-14,-1.1102230246251565e-16,1,0,0,0,0,0,7.195937226475569,8.302513718514158
1.5249315829603483,0.7468289025457661,1.4343276403802345,-0.09424873742880877,1540.0,4500.0,1.167692423435367,0.47878850432974435,1.9245027232462113,0.8628121145809623,-0.7503095210540326,1.0660471064517822,1.0491025581781608,0.0,1.0658141036401503e-14,-1.1102230246251565e-16,1,0,0,0,0,0,7.340186835320115,8.412054873292933
1.5249315829603483,1.037673161622995,1.4343276403802345,-0.09424873742880877,1820.0,4900.0,1.2327034553856613,0.49358539489781655,2.150499038632571,1.8619141097058227,-0.3467432611495272,1.0660471064517822,1.0491025581781608,0.0,1.0658141036401503e-14,-1.1102230246251565e-16,1,0,0,0,0,0,7.507141079727608,8.497194544909547
1.5249315829603483,1.3285174207002242,1.4343276403802345,-0.09424873742880877,2000.0,5036.73,1.2327034553856613,0.37714484615188826,2.414161406583324,1.4553244206889895,0.6502798563150336,1.0660471064517822,1.0491025581781608,0.0,1.0658141036401503e-14,-1.1102230246251565e-16,1,0,0,0,0,0,7.601402334583733,8.524710862780902
1.5249315829603483,1.619361679777453,1.4343276403802345,-0.09424873742880877,1871.0,5000.0,1.3718270637592909,0.34449234382057603,1.8115045655530315,1.1702077111696838,0.6144072998790775,1.0660471064517822,1.0491025581781608,0.0,1.0658141036401503e-14,-1.1102230246251565e-16,1,0,0,0,0,0,7.534762657037537,8.517393171418904
1.7010000044763178,-1.5799251700720662,1.4343276403802345,-0.09424873742880877,1654.0,4477.14,2.5329240943915456,0.053809258614923,1.9998348283749978,0.4835405847087694,0.92205346322657,1.0660471064517822,0.9843687806369694,0.0,1.0658141036401503e-14,-1.1102230246251565e-16,1,0,0,0,0,0,7.411556287811163,8.406963060627117
1.7010000044763178,-1.2890809109948371,1.4343276403802345,-0.09424873742880877,1772.0,3849.0,2.5329240943915456,0.2841283503193754,1.8491706181174248,0.874482007807799,-0.29956305105441106,1.0660471064517822,0.9843687806369694,0.0,1.0658141036401503e-14,-1.1102230246251565e-16,1,0,0,0,0,0,7.480428306074208,8.25582842728183
1.7010000044763178,-0.9982366519176081,1.4343276403802345,-0.09424873742880877,1875.0,4010.0,2.5329240943915456,0.19166085572702016,1.9998348283749978,1.0389214123677708,-0.2297675336409749,1.0660471064517822,0.9843687806369694,0.0,1.0658141036401503e-14,-1.1102230246251565e-16,1,0,0,0,0,0,7.53689712956617,8.296795865770052
1.7010000044763178,-0.7073923928403791,1.4343276403802345,-0.09424873742880877,1949.0,4729.84,2.5329240943915456,0.379915995268877,2.263497196325751,0.36975912574711145,0.19056524720642304,1.0660471064517822,0.9843687806369694,0.0,1.0658141036401503e-14,-1.1102230246251565e-16,1,0,0,0,0,0,7.575584651557793,8.461858055570776
1.7010000044763178,-0.4165481337631501,1.4343276403802345,-0.09424873742880877,1759.8,4236.04,1.9486829524606413,0.6228098296645711,2.0375008809393913,-0.6314646681462649,-0.5288354769711736,0.89074252553815,0.9196350030957781,0.0,1.0658141036401503e-14,-1.1102230246251565e-16,1,0,0,0,0,0,7.473523530212252,8.35162019122396
1.7010000044763178,-0.12570387468592106,1.4343276403802345,-0.09424873742880877,2036.3,4159.39,2.0794851487446335,0.5928500477016537,2.225831143761358,-0.2646587060391021,-0.9226537595832995,0.7738728049290627,0.7901674480133942,0.0,1.0658141036401503e-14,-1.1102230246251565e-16,1,0,0,0,0,0,7.619380680787855,8.333364098861052
1.7010000044763178,0.16514038439130796,1.4343276403802345,-0.09424873742880877,1864.97,4105.87,2.146342494002316,0.38974573175932803,2.112832986068178,-0.21718345859356186,-0.5580794088483116,0.5985682240154306,0.6606998929310114,0.0,1.0658141036401503e-14,-1.1102230246251565e-16,1,0,0,0,0,0,7.531536304107632,8.320416460180686
1.7010000044763178,0.455984643468537,1.4343276403802345,-0.09424873742880877,1858.59,4192.04,2.155125484418801,0.4420315641553444,2.112832986068178,0.7328519400093717,-0.20676230723095962,0.4232636431017996,0.5312323378486276,0.0,1.0658141036401503e-14,-1.1102230246251565e-16,1,0,0,0,0,0,7.528111312301433,8.3411812868343
-1.6443000043271032,-1.5799251700720662,0.27065516523824795,-0.9294375491056307,533.49,941.14,-1.6570304137017213,-1.5402550565586255,-1.6914383229355408,,,-1.2129124454254296,-1.216579655763545,0.0,1.0658141036401503e-14,-1.1102230246251565e-16,0,1,0,0,0,0,6.2813130212161825,6.848153883491048
-1.6443000043271032,-1.2890809109948371,0.27065516523824795,-0.9294375491056307,498.29,965.89,-1.6533637914997248,-1.6785772261622862,-1.729104375499934,,,-1.2129124454254296,-1.216579655763545,0.0,1.0658141036401503e-14,-1.1102230246251565e-16,0,1,0,0,0,0,6.213187089266745,6.874084735104858
-1.6443000043271032,-0.9982366519176081,0.27065516523824795,-0.9294375491056307,527.59,1005.84,-1.668426847602608,-1.6505258770818234,-1.6914383229355408,,,-1.2129124454254296,-1.216579655763545,0.0,1.0658141036401503e-14,-1.1102230246251565e-16,0,1,0,0,0,0,6.270213084094913,6.914571992309059
-1.6443000043271032,-0.7073923928403791,0.27065516523824795,-0.9294375491056307,531.93,1056.16,-1.6130049428649822,-1.4895116562182913,-1.6537722703711475,,,-1.2129124454254296,-1.216579655763545,0.0,1.0658141036401503e-14,-1.1102230246251565e-16,0,1,0,0,0,0,6.27839008345848,6.963341346221683
-1.6443000043271032,-0.4165481337631501,0.27065516523824795,-0.9294375491056307,538.17,1091.02,-1.583353411192453,-1.5226085881249698,-1.6537722703711475,,,-1.2129124454254296,-1.216579655763545,0.0,1.0658141036401503e-14,-1.1102230246251565e-16,0,1,0,0,0,0,6.290030920068052,6.9957844711554475
-1.6443000043271032,-0.12570387468592106,0.27065516523824795,-0.9294375491056307,506.73,992.92,-1.6524341337428357,-1.3109816815020936,-1.6914383229355408,,,-1.2129124454254296,-1.216579655763545,0.0,1.0658141036401503e-14,-1.1102230246251565e-16,0,1,0,0,0,0,6.22994981022139,6.9016567205202675
-1.6443000043271032,0.16514038439130796,0.27065516523824795,-0.9294375491056307,516.89,958.28,-1.6757665931097963,-1.5375623361902306,-1.729104375499934,,,-1.2129124454254296,-1.216579655763545,0.0,1.0658141036401503e-14,-1.1102230246251565e-16,0,1,0,0,0,0,6.249762864496567,6.8661830030711775
-1.6443000043271032,0.455984643468537,0.27065516523824795,-0.9294375491056307,514.72,1012.68,-1.60589273596962,-1.5637052523882389,-1.6914383229355408,,,-1.2129124454254296,-1.216579655763545,0.0,1.0658141036401503e-14,-1.1102230246251565e-16,0,1,0,0,0,0,6.245563982542637,6.9213425524906524
-1.6443000043271032,0.7468289025457661,0.27065516523824795,-0.9294375491056307,516.78,1046.01,-1.5658004325658734,-1.5394184832402886,-1.6537722703711475,,,-1.2129124454254296,-1.216579655763545,0.0,1.0658141036401503e-14,-1.1102230246251565e-16,0,1,0,0,0,0,6.249550441619756,6.953693761923302
-1.6443000043271032,1.037673161622995,0.27065516523824795,-0.9294375491056307,516.68,1039.76,-1.6026746898880806,-1.520961584404495,-1.6537722703711475,,,-1.2129124454254296,-1.216579655763545,0.0,1.0658141036401503e-14,-1.1102230246251565e-16,0,1,0,0,0,0,6.2493572907490105,6.947706494484365
-1.6443000043271032,1.3285174207002242,0.27065516523824795,-0.9294375491056307,542.79,959.25,-1.5279315064548271,-1.3300398674104414,-1.6161062178067542,,,-1.2129124454254296,-1.216579655763545,0.0,1.0658141036401503e-14,-1.1102230246251565e-16,0,1,0,0,0,0,6.2985631429156435,6.867193667226014
-1.6443000043271032,1.619361679777453,0.27065516523824795,-0.9294375491056307,535.86,943.95,-1.536038382139029,-1.437382681319463,-1.6537722703711475,,,-1.2129124454254296,-1.216579655763545,0.0,1.0658141036401503e-14,-1.1102230246251565e-16,0,1,0,0,0,0,6.285737352883712,6.8511320160410465
-1.4682315828111336,-1.5799251700720662,0.27065516523824795,-0.9294375491056307,583.81,991.84,-1.5563218241075207,-1.4870280791794805,-1.578440165242361,-0.06282259818404,-0.15022403893515934,-1.2129124454254296,-1.216579655763545,0.0,1.0658141036401503e-14,-1.1102230246251565e-16,0,1,0,0,0,0,6.371287008152569,6.900569523167412
-1.4682315828111336,-1.2890809109948371,0.27065516523824795,-0.9294375491056307,542.45,1011.43,-1.6216969178367364,-1.5561238066908163,-1.6537722703711475,-0.07794041440971483,-0.1767385371704312,-1.2129124454254296,-1.216579655763545,0.0,1.0658141036401503e-14,-1.1102230246251565e-16,0,1,0,0,0,0,6.297937706009196,6.920108660788236
-1.4682315828111336,-0.9982366519176081,0.27065516523824795,-0.9294375491056307,585.17,1050.93,-1.6220869840284382,-1.5462156414517712,-1.6161062178067542,-0.023569320966498344,-0.18570667627942017,-1.2129124454254296,-1.216579655763545,0.0,1.0658141036401503e-14,-1.1102230246251565e-16,0,1,0,0,0,0,6.373609849894529,6.958381851159822
-1.4682315828111336,-0.7073923928403791,0.27065516523824795,-0.9294375491056307,597.87,1152.15,-1.5104890465825633,-1.3919201500511271,-1.5407741126779677,0.015949181097107773,-0.005953975007944845,-1.2129124454254296,-1.216579655763545,0.0,1.0658141036401503e-14,-1.1102230246251565e-16,0,1,0,0,0,0,6.395044546180748,7.050252607210682
-1.4682315828111336,-0.4165481337631501,0.27065516523824795,-0.9294375491056307,604.64,1171.87,-1.5249019923659435,-1.4679698932711325,-1.5407741126779677,0.014623056866785403,-0.07146038241273411,-1.2129124454254296,-1.216579655763545,0.0,1.0658141036401503e-14,-1.1102230246251565e-16,0,1,0,0,0,0,6.406285750140171,7.067209015572245
-1.4682315828111336,-0.12570387468592106,0.27065516523824795,-0.9294375491056307,558.29,1050.46,-1.5535133475272682,-1.3104326802619353,-1.578440165242361,-0.04293073472920471,-0.13462727526735235,-1.2129124454254296,-1.216579655763545,0.0,1.0658141036401503e-14,-1.1102230246251565e-16,0,1,0,0,0,0,6.32666812217548,6.95793495352522
-1.4682315828111336,0.16514038439130796,0.27065516523824795,-0.9294375491056307,596.0,1098.21,-1.5543714931490118,-1.366273949260881,-1.5407741126779677,0.09286438645580425,0.20889144451609618,-1.2129124454254296,-1.216579655763545,0.0,1.0658141036401503e-14,-1.1102230246251565e-16,0,1,0,0,0,0,6.391917113392602,7.002347018952176
-1.4682315828111336,0.455984643468537,0.27065516523824795,-0.9294375491056307,583.77,1141.99,-1.4738878355945477,-1.3527842045027088,-1.5031080601135745,0.042736890549619294,0.1375362507358793,-1.2129124454254296,-1.216579655763545,0.0,1.0658141036401503e-14,-1.1102230246251565e-16,0,1,0,0,0,0,6.371218607530096,7.041402914850152
-1.4682315828111336,0.7468289025457661,0.27065516523824795,-0.9294375491056307,607.93,1373.58,-1.4225616258697904,-1.3822995568902599,-1.427775954984788,0.15492700043489036,0.8608361658304277,-1.2129124454254296,-1.216579655763545,0.0,1.0658141036401503e-14,-1.1102230246251565e-16,0,1,0,0,0,0,6.411703318574762,7.225903508894476
-1.4682315828111336,1.037673161622995,0.27065516523824795,-0.9294375491056307,616.68,1520.09,-1.3546836074104882,-1.4872372225090649,-1.427775954984788,0.20028044911191484,1.441035774272847,-1.2129124454254296,-1.216579655763545,0.0,1.0658141036401503e-14,-1.1102230246251565e-16,0,1,0,0,0,0,6.425970524000561,7.327182462106356
-1.4682315828111336,1.3285174207002242,0.27065516523824795,-0.9294375491056307,666.83,1396.91,-1.188664935119022,-1.1027794969011562,-1.314777797291608,0.29310914523447956,1.4188103860462222,-1.2129124454254296,-1.216579655763545,0.0,1.0658141036401503e-14,-1.1102230246251565e-16,0,1,0,0,0,0,6.5040336501303475,7.24273354303902
-1.4682315828111336,1.619361679777453,0.27065516523824795,-0.9294375491056307,667.42,1379.32,-1.1126020277371778,-1.063251407609768,-1.2771117447272147,0.3381973690654395,1.4379164215392857,-1.2129124454254296,-1.216579655763545,0.0,1.0658141036401503e-14,-1.1102230246251565e-16,0,1,0,0,0,0,6.504916718475853,7.230070635328269
-1.2921631612951643,-1.5799251700720662,0.27065516523824795,-0.9294375491056307,646.54,1448.98,-1.1482345743491338,-1.2064884454586549,-1.2771117447272147,-0.027812918503529876,1.4367466642642002,-1.2129124454254296,-1.216579655763545,0.0,1.0658141036401503e-14,-1.1102230246251565e-16,0,1,0,0,0,0,6.473180567727407,7.279305042216046
-1.2921631612951643,-1.2890809109948371,0.27065516523824795,-0.9294375491056307,604.58,1500.8,-1.2157485310295144,-1.1125830904754093,-1.314777797291608,-0.009247179279016957,1.5260381362623952,-1.2129124454254296,-1.216579655763545,0.0,1.0658141036401503e-14,-1.1102230246251565e-16,0,1,0,0,0,0,6.406186676478823,7.314419667665783
-1.2921631612951643,-0.9982366519176081,0.27065516523824795,-0.9294375491056307,683.52,1460.33,-1.0712550114167905,-1.0416312159140155,-1.2394456921628219,0.13291333821153925,1.1587343518855409,-1.2129124454254296,-1.216579655763545,0.0,1.0658141036401503e-14,-1.1102230246251565e-16,0,1,0,0,0,0,6.528717862709251,7.287102258935242
-1.2921631612951643,-0.7073923928403791,0.27065516523824795,-0.9294375491056307,616.39,1529.1,-0.8444120176326292,-0.506694864670372,-1.126447534469642,-0.23070992574284988,0.915424838667752,-1.2129124454254296,-1.216579655763545,0.0,1.0658141036401503e-14,-1.1102230246251565e-16,0,1,0,0,0,0,6.425500914981915,7.333088371727768
-1.2921631612951643,-0.4165481337631501,0.27065516523824795,-0.9294375491056307,728.97,1770.04,-0.6526229722760661,-0.1916465815681754,-0.9381172716476756,0.2323726554857157,1.6297566146533116,-1.2129124454254296,-1.216579655763545,0.0,1.0658141036401503e-14,-1.1102230246251565e-16,0,1,0,0,0,0,6.593003437407567,7.479322223637314
-1.2921631612951643,-0.12570387468592106,0.27065516523824795,-0.9294375491056307,756.07,1692.74,-0.6702539641409858,-0.24008940528308448,-0.9004512190832823,0.6267620015835835,2.0235748972654375,-1.2129124454254296,-1.216579655763545,0.0,1.0658141036401503e-14,-1.1102230246251565e-16,0,1,0,0,0,0,6.629455719439747,7.434694380551542
-1.2921631612951643,0.16514038439130796,0.27065516523824795,-0.9294375491056307,740.19,1476.17,-0.6666783573837196,-0.12100842200115737,-1.013449376776462,0.32864927460711857,0.9817110842559318,-1.2129124454254296,-1.216579655763545,0.0,1.0658141036401503e-14,-1.1102230246251565e-16,0,1,0,0,0,0,6.608257002685006,7.2978833740800635
-1.2921631612951643,0.455984643468537,0.27065516523824795,-0.9294375491056307,718.82,1709.21,-0.7605737908295298,-0.43294569807579075,-0.9757833242120688,0.30080066577034914,1.5763376990910725,-1.2129124454254296,-1.216579655763545,0.0,1.0658141036401503e-14,-1.1102230246251565e-16,0,1,0,0,0,0,6.579001180754892,7.444371448974085
-1.2921631612951643,0.7468289025457661,0.27065516523824795,-0.9294375491056307,664.45,1825.43,-0.8213266001870796,-0.3939927529407589,-0.9757833242120688,-0.06627052118287809,0.9224433823182652,-1.2129124454254296,-1.216579655763545,0.0,1.0658141036401503e-14,-1.1102230246251565e-16,0,1,0,0,0,0,6.500463503532565,7.5101185208362695
-1.2921631612951643,1.037673161622995,0.27065516523824795,-0.9294375491056307,665.46,1649.26,-0.9062310079141634,-0.5972277834640745,-1.0511154293408553,-0.10313677478583952,-0.028959201417960122,-1.2129124454254296,-1.216579655763545,0.0,1.0658141036401503e-14,-1.1102230246251565e-16,0,1,0,0,0,0,6.50198012281404,7.408688130238446
-1.2921631612951643,1.3285174207002242,0.27065516523824795,-0.9294375491056307,672.52,1465.46,-0.8909729187154298,-0.5688104335568392,-1.0887814819052488,-0.29038551610735575,-0.1689401553365277,-1.2129124454254296,-1.216579655763545,0.0,1.0658141036401503e-14,-1.1102230246251565e-16,0,1,0,0,0,0,6.512517691029409,7.290606612218715
-1.2921631612951643,1.619361679777453,0.27065516523824795,-0.9294375491056307,650.31,1302.03,-0.8819818929967043,-0.49848598898419766,-1.1641135870340353,-0.3808271886153402,-0.5787451207081559,-1.2129124454254296,-1.216579655763545,0.0,1.0658141036401503e-14,-1.1102230246251565e-16,0,1,0,0,0,0,6.478985719342055,7.1724476006510525
-1.1160947397791947,-1.5799251700720662,0.27065516523824795,-0.9294375491056307,614.87,1315.15,-0.7622185699378721,-0.31216542524099344,-1.0887814819052488,-0.4428898025944263,-0.7206756700851993,-1.2129124454254296,-1.216579655763545,0.0,1.0658141036401503e-14,-1.1102230246251565e-16,0,1,0,0,0,0,6.423035902300626,7.182466087152753
-1.1160947397791947,-1.2890809109948371,0.27065516523824795,-0.9294375491056307,577.31,1401.73,-0.9032730059604256,-0.682244546939997,-1.1641135870340353,-0.43254603359791194,-0.6177370298776733,-1.2129124454254296,-1.216579655763545,0.0,1.0658141036401503e-14,-1.1102230246251565e-16,0,1,0,0,0,0,6.36011005707761,7.246175616821366
-1.1160947397791947,-0.9982366519176081,0.27065516523824795,-0.9294375491056307,683.05,1411.1,-0.8184531125748765,-0.7147401917741214,-1.126447534469642,-0.314786201945287,-0.49179316326013206,-1.2129124454254296,-1.216579655763545,0.0,1.0658141036401503e-14,-1.1102230246251565e-16,0,1,0,0,0,0,6.528031014366123,7.252833237075206
-1.1160947397791947,-0.7073923928403791,0.27065516523824795,-0.9294375491056307,648.95,1537.82,-1.0265469247445733,-0.678113966180712,-1.2017796395984286,-0.17289090930079526,-0.33816504113223333,-1.2129124454254296,-1.216579655763545,0.0,1.0658141036401503e-14,-1.1102230246251565e-16,0,1,0,0,0,0,6.476895436854028,7.338771167934307
-1.1160947397791947,-0.4165481337631501,0.27065516523824795,-0.9294375491056307,729.61,1771.19,-1.0974219517767838,-0.9226548042968803,-1.126447534469642,-0.3105426044082555,-0.3580509148086872,-1.2129124454254296,-1.216579655763545,0.0,1.0658141036401503e-14,-1.1102230246251565e-16,0,1,0,0,0,0,6.593879801647747,7.479971348893298
-1.1160947397791947,-0.12570387468592106,0.27065516523824795,-0.9294375491056307,754.73,1665.57,-1.1713394951042682,-1.1975737110351339,-1.1641135870340353,-0.31770367525199616,-0.4231674031217813,-1.2129124454254296,-1.216579655763545,0.0,1.0658141036401503e-14,-1.1102230246251565e-16,0,1,0,0,0,0,6.627684169531691,7.418522901066063
-1.1160947397791947,0.16514038439130796,0.27065516523824795,-0.9294375491056307,715.5,1424.52,-1.238755935236724,-1.2596892799216013,-1.314777797291608,-0.4015147266083689,-0.4968621114521693,-1.2129124454254296,-1.216579655763545,0.0,1.0658141036401503e-14,-1.1102230246251565e-16,0,1,0,0,0,0,6.574378247268227,7.2622919384191595
-1.1160947397791947,0.455984643468537,0.27065516523824795,-0.9294375491056307,691.99,1651.43,-1.411451240509485,-1.4934592365641906,-1.314777797291608,-0.41185849560488325,-0.4921830823518272,-1.2129124454254296,-1.216579655763545,0.0,1.0658141036401503e-14,-1.1102230246251565e-16,0,1,0,0,0,0,6.54101556907136,7.4100022107681145
-1.1160947397791947,0.7468289025457661,0.27065516523824795,-0.9294375491056307,623.39,1672.21,-1.3560358368750542,-1.502190970574325,-1.3524438498560014,-0.4768385828906785,-0.6875325472911096,-1.2129124454254296,-1.216579655763545,0.0,1.0658141036401503e-14,-1.1102230246251565e-16,0,1,0,0,0,0,6.43677517313827,7.422499216122022
-1.1160947397791947,1.037673161622995,0.27065516523824795,-0.9294375491056307,605.5,1633.92,-1.3919544320275918,-1.5311573217217185,-1.3524438498560014,-0.5518972143269237,-0.3966529048865095,-1.2129124454254296,-1.216579655763545,0.0,1.0658141036401503e-14,-1.1102230246251565e-16,0,1,0,0,0,0,6.407704728384105,7.39934915247065
-1.1160947397791947,1.3285174207002242,0.27065516523824795,-0.9294375491056307,629.47,1503.38,-1.296810786768336,-1.4136710563278696,-1.3524438498560014,-0.4826735295040969,-0.25940138460980816,-1.2129124454254296,-1.216579655763545,0.0,1.0658141036401503e-14,-1.1102230246251565e-16,0,1,0,0,0,0,6.446465572988254,7.316136132171199
-1.1160947397791947,1.619361679777453,0.27065516523824795,-0.9294375491056307,631.28,1481.3,-1.3087143067184352,-1.4785316314151278,-1.3524438498560014,-0.3906405079197256,0.17652815990539672,-1.2129124454254296,-1.216579655763545,0.0,1.0658141036401503e-14,-1.1102230246251565e-16,0,1,0,0,0,0,6.449332334009195,7.301350214519814
-0.9400263182632251,-1.5799251700720662,0.27065516523824795,-0.9294375491056307,632.69,1609.85,-1.2310976356729788,-1.4721527598628144,-1.2771117447272147,-0.23601442266413925,0.5134182551300274,-1.2129124454254296,-1.216579655763545,0.0,1.0658141036401503e-14,-1.1102230246251565e-16,0,1,0,0,0,0,6.451559875867261,7.384517268972335
-0.9400263182632251,-1.2890809109948371,0.27065516523824795,-0.9294375491056307,608.71,1718.6,-1.116704223853241,-1.545509782714425,-1.2017796395984286,-0.16864731176376374,0.5212166369639308,-1.2129124454254296,-1.216579655763545,0.0,1.0658141036401503e-14,-1.1102230246251565e-16,0,1,0,0,0,0,6.412983434288206,7.449846984622126
-0.9400263182632251,-0.9982366519176081,0.27065516523824795,-0.9294375491056307,755.7,1816.9,-0.9157616251980771,-1.1559280455317074,-1.013449376776462,-0.03073039181023904,0.761016878356463,-1.2129124454254296,-1.216579655763545,0.0,1.0658141036401503e-14,-1.1102230246251565e-16,0,1,0,0,0,0,6.628966873700476,7.505437267724016
-0.9400263182632251,-0.7073923928403791,0.27065516523824795,-0.9294375491056307,753.83,1702.95,-1.0277366266292638,-0.7551309973000435,-0.9381172716476756,0.1156737232173487,0.05838267512175893,-1.2129124454254296,-1.216579655763545,0.0,1.0658141036401503e-14,-1.1102230246251565e-16,0,1,0,0,0,0,6.626492558332539,7.44070436423575
-0.9400263182632251,-0.4165481337631501,0.27065516523824795,-0.9294375491056307,807.84,1870.84,-0.7409144547677604,-0.1759608318493705,-0.7874530613901028,-0.028608593041723272,-0.14086598073447515,-1.2129124454254296,-1.216579655763545,0.0,1.0658141036401503e-14,-1.1102230246251565e-16,0,1,0,0,0,0,6.6956011224675285,7.534677183299292
-0.9400263182632251,-0.12570387468592106,0.27065516523824795,-0.9294375491056307,899.45,1820.37,-0.8783347741042923,-0.5257007647463238,-0.7874530613901028,0.19550640188275437,0.0018444068259586136,-1.2129124454254296,-1.216579655763545,0.0,1.0658141036401503e-14,-1.1102230246251565e-16,0,1,0,0,0,0,6.802894638365962,7.50734424415147
-0.9400263182632251,0.16514038439130796,0.27065516523824795,-0.9294375491056307,855.51,1544.42,-0.6097611989112369,-0.5649935677919306,-0.8251191139544957,0.20611539572533316,-0.03207855415152152,-1.2129124454254296,-1.216579655763545,0.0,1.0658141036401503e-14,-1.1102230246251565e-16,0,1,0,0,0,0,6.752865993119252,7.343050997048976
-0.9400263182632251,0.455984643468537,0.27065516523824795,-0.9294375491056307,906.04,1689.91,-0.567556036969106,-0.7226353524659198,-0.7121209562613162,0.5074108208545718,-0.2695392809938827,-1.2129124454254296,-1.216579655763545,0.0,1.0658141036401503e-14,-1.1102230246251565e-16,0,1,0,0,0,0,6.8101865505759935,7.433022124537186
-0.9400263182632251,0.7468289025457661,0.27065516523824795,-0.9294375491056307,785.27,1555.98,-0.7805711842574399,-0.6721272383713676,-0.862785166518889,0.3758592972065943,-0.6313841980870044,-1.2129124454254296,-1.216579655763545,0.0,1.0658141036401503e-14,-1.1102230246251565e-16,0,1,0,0,0,0,6.667300244893038,7.350503326536341
-0.9400263182632251,1.037673161622995,0.27065516523824795,-0.9294375491056307,731.71,1514.73,-0.7892436559196092,-0.577254595488796,-0.9381172716476756,0.24006417602158542,-0.6446414472046403,-1.2129124454254296,-1.216579655763545,0.0,1.0658141036401503e-14,-1.1102230246251565e-16,0,1,0,0,0,0,6.596749989223459,7.32365245007673
-0.9400263182632251,1.3285174207002242,0.27065516523824795,-0.9294375491056307,717.75,1395.69,-0.7636878192599489,-0.4189592379098566,-0.9004512190832823,0.05918083100561645,-0.639572499012603,-1.2129124454254296,-1.216579655763545,0.0,1.0658141036401503e-14,-1.1102230246251565e-16,0,1,0,0,0,0,6.57751359211156,7.241860430552436
-0.9400263182632251,1.619361679777453,0.27065516523824795,-0.9294375491056307,701.67,1436.39,-0.7883139981627197,-0.26095145240909506,-0.862785166518889,-0.017203924660951046,-0.4785359141424961,-1.2129124454254296,-1.216579655763545,0.0,1.0658141036401503e-14,-1.1102230246251565e-16,0,1,0,0,0,0,6.554887364814908,7.270584248004438
-0.7639578967472556,-1.5799251700720662,0.27065516523824795,-0.9294375491056307,641.74,1396.53,-0.8429557705169421,-0.11308711839316098,-0.9381172716476756,-0.2750024750356164,-0.8770332258549642,-1.2129124454254296,-1.216579655763545,0.0,1.0658141036401503e-14,-1.1102230246251565e-16,0,1,0,0,0,0,6.46574028787639,7.2424616717040315
-0.7639578967472556,-1.2890809109948371,0.27065516523824795,-0.9294375491056307,584.0,1504.34,-0.8090070096324989,-0.2410828360986091,-0.9004512190832823,-0.4206109155250108,-0.8466195367027407,-1.2129124454254296,-1.216579655763545,0.0,1.0658141036401503e-14,-1.1102230246251565e-16,0,1,0,0,0,0,6.371611847231857,7.316774065289599
-0.7639578967472556,-0.9982366519176081,0.27065516523824795,-0.9294375491056307,718.95,1588.68,-0.7726658427722841,-0.23206353001029614,-0.862785166518889,-0.44182890321016843,-0.8501288085279971,-1.2129124454254296,-1.216579655763545,0.0,1.0658141036401503e-14,-1.1102230246251565e-16,0,1,0,0,0,0,6.57918176515428,7.3712880170975605
-0.7639578967472556,-0.7073923928403791,0.27065516523824795,-0.9294375491056307,722.59,1885.22,-0.45521047265580283,-0.2972639630081287,-0.674454903696923,-0.4227327142935265,0.0568229987549782,-1.2129124454254296,-1.216579655763545,0.0,1.0658141036401503e-14,-1.1102230246251565e-16,0,1,0,0,0,0,6.584224933635706,7.542330105383015
-0.7639578967472556,-0.4165481337631501,0.27065516523824795,-0.9294375491056307,838.56,2115.21,-0.2640325309995722,-0.19593401982464903,-0.44845858831056323,-0.2121441865183369,0.1488439043950394,-1.2129124454254296,-1.216579655763545,0.0,1.0658141036401503e-14,-1.1102230246251565e-16,0,1,0,0,0,0,6.732877945077416,7.657382031910177
-0.7639578967472556,-0.12570387468592106,0.27065516523824795,-0.9294375491056307,890.65,2099.45,-0.08920486387884097,0.037652936404554374,-0.41079253574617,-0.33892166293715387,0.23735553820984392,-1.2129124454254296,-1.216579655763545,0.0,1.0658141036401503e-14,-1.1102230246251565e-16,0,1,0,0,0,0,6.793073678898522,7.649906886469895
-0.7639578967472556,0.16514038439130796,0.27065516523824795,-0.9294375491056307,797.07,1691.78,-0.068212801662091,0.06946886541752992,-0.48612464087495655,-0.4940781978848691,0.01159238411833797,-1.2129124454254296,-1.216579655763545,0.0,1.0658141036401503e-14,-1.1102230246251565e-16,0,1,0,0,0,0,6.682196312900942,7.434127426849384
-0.7639578967472556,0.455984643468537,0.27065516523824795,-0.9294375491056307,788.35,1575.08,-0.005477155830057081,0.1453356082241496,-0.44845858831056323,-0.657456703060583,-0.6255354117115768,-1.2129124454254296,-1.216579655763545,0.0,1.0658141036401503e-14,-1.1102230246251565e-16,0,1,0,0,0,0,6.671209821977736,7.362696030550826
-0.7639578967472556,0.7468289025457661,0.27065516523824795,-0.9294375491056307,706.92,1564.06,-0.31162060638718747,0.029234917388795672,-0.6367888511325297,-0.5776240243951775,-0.34011463659070923,-1.2129124454254296,-1.216579655763545,0.0,1.0658141036401503e-14,-1.1102230246251565e-16,0,1,0,0,0,0,6.562331092959095,7.355679440897493
-0.7639578967472556,1.037673161622995,0.27065516523824795,-0.9294375491056307,681.33,1692.84,-0.256406736951803,-0.1725099669112336,-0.5614567460037431,-0.4956695469612559,0.09815442247466669,-1.2129124454254296,-1.216579655763545,0.0,1.0658141036401503e-14,-1.1102230246251565e-16,0,1,0,0,0,0,6.525513411783397,7.434753419747681
-0.7639578967472556,1.3285174207002242,0.27065516523824795,-0.9294375491056307,683.71,1517.09,-0.3651181845790851,-0.05246169572997987,-0.6367888511325297,-0.43864620505739477,-0.021160819584056665,-1.2129124454254296,-1.216579655763545,0.0,1.0658141036401503e-14,-1.1102230246251565e-16,0,1,0,0,0,0,6.528995390956835,7.325208244735629
-0.7639578967472556,1.619361679777453,0.27065516523824795,-0.9294375491056307,677.17,1546.45,-0.2800577503753201,0.1879485616269034,-0.5614567460037431,-0.40549309929933597,-0.06171240512035476,-1.2129124454254296,-1.216579655763545,0.0,1.0658141036401503e-14,-1.1102230246251565e-16,0,1,0,0,0,0,6.519397993974138,7.34436369385906
-0.5878894752312861,-1.5799251700720662,0.27065516523824795,-0.9294375491056307,706.22,1628.15,-0.36472161728418795,-0.03591322977664089,-0.5991227985681364,-0.046378657728042796,0.28609542467174065,-1.2129124454254296,-1.216579655763545,0.0,1.0658141036401503e-14,-1.1102230246251565e-16,0,1,0,0,0,0,6.561341791466533,7.395813685394155
-0.5878894752312861,-1.2890809109948371,0.27065516523824795,-0.9294375491056307,732.9,1779.6,-0.2361232949833113,0.10855252513355226,-0.5237906934393498,0.3633937294415642,0.35316150844331073,-1.2129124454254296,-1.216579655763545,0.0,1.0658141036401503e-14,-1.1102230246251565e-16,0,1,0,0,0,0,6.598372779551017,7.484705665139571
-0.5878894752312861,-0.9982366519176081,0.27065516523824795,-0.9294375491056307,784.16,1938.97,-0.37616355890743997,-0.024488775398111604,-0.5237906934393498,-0.07237069264236093,0.4993811678290011,-1.2129124454254296,-1.216579655763545,0.0,1.0658141036401503e-14,-1.1102230246251565e-16,0,1,0,0,0,0,6.665887518669647,7.570427788020281
-0.5878894752312861,-0.7073923928403791,0.27065516523824795,-0.9294375491056307,723.61,2001.31,-0.2971751550878325,0.08076260521506988,-0.48612464087495655,-0.30921648017793313,-0.12020026887463091,-1.2129124454254296,-1.216579655763545,0.0,1.0658141036401503e-14,-1.1102230246251565e-16,0,1,0,0,0,0,6.585633579083385,7.602056793042737
-0.5878894752312861,-0.4165481337631501,0.27065516523824795,-0.9294375491056307,793.27,2034.07,-0.18835968980943,0.14368860450367538,-0.44845858831056323,-0.45615104489764985,-0.5101193605698052,-1.2129124454254296,-1.216579655763545,0.0,1.0658141036401503e-14,-1.1102230246251565e-16,0,1,0,0,0,0,6.677423453820944,7.618285495319495
-0.5878894752312861,-0.12570387468592106,0.27065516523824795,-0.9294375491056307,833.4,1929.94,-0.3957058751116981,0.10844795346876032,-0.48612464087495655,-0.48346920404229027,-0.675055136356864,-1.2129124454254296,-1.216579655763545,0.0,1.0658141036401503e-14,-1.1102230246251565e-16,0,1,0,0,0,0,6.726712903686563,7.565762209962342
-0.5878894752312861,0.16514038439130796,0.27065516523824795,-0.9294375491056307,763.49,1851.65,-0.48196251230334863,-0.10001566029415689,-0.5614567460037431,-0.4245892882159778,0.008083112293081408,-1.2129124454254296,-1.216579655763545,0.0,1.0658141036401503e-14,-1.1102230246251565e-16,0,1,0,0,0,0,6.639208944838832,7.524372325552133
-0.5878894752312861,0.455984643468537,0.27065516523824795,-0.9294375491056307,700.26,2109.35,-0.468076155878766,0.11602939916618234,-0.5237906934393498,-0.6091857810768494,0.9622151296711731,-1.2129124454254296,-1.216579655763545,0.0,1.0658141036401503e-14,-1.1102230246251565e-16,0,1,0,0,0,0,6.552878716984784,7.6546090894913315
-0.5878894752312861,0.7468289025457661,0.27065516523824795,-0.9294375491056307,715.76,2256.71,-0.40721282776690065,0.4278359606598264,-0.41079253574617,-0.2797765222647769,1.3665612277590689,-1.2129124454254296,-1.216579655763545,0.0,1.0658141036401503e-14,-1.1102230246251565e-16,0,1,0,0,0,0,6.574741056532215,7.72210630422056
-0.5878894752312861,1.037673161622995,0.27065516523824795,-0.9294375491056307,726.3,2007.24,-0.24083659479970765,0.187608703716329,-0.44845858831056323,-0.13788122962028518,0.36368932391908043,-1.2129124454254296,-1.216579655763545,0.0,1.0658141036401503e-14,-1.1102230246251565e-16,0,1,0,0,0,0,6.589339047160495,7.605013995581796
-0.5878894752312861,1.3285174207002242,0.27065516523824795,-0.9294375491056307,690.44,1594.3,-0.1670750779489038,0.2967553788430131,-0.48612464087495655,-0.28693759310851763,-0.16192161168601457,-1.2129124454254296,-1.216579655763545,0.0,1.0658141036401503e-14,-1.1102230246251565e-16,0,1,0,0,0,0,6.538776379444383,7.374817085306952
-0.5878894752312861,1.619361679777453,0.27065516523824795,-0.9294375491056307,708.51,1552.26,-0.14866395370058008,0.26499173566243295,-0.48612464087495655,-0.19013052429498586,-0.34557350387444163,-1.2129124454254296,-1.216579655763545,0.0,1.0658141036401503e-14,-1.1102230246251565e-16,0,1,0,0,0,0,6.5645745909334705,7.3481112270367115
-0.4118210537153165,-1.5799251700720662,0.27065516523824795,-0.9294375491056307,690.02,1695.07,-0.17880306811273686,-0.0010385795684981984,-0.44845858831056323,-0.3736661177715995,-0.20013368267214163,-1.2129124454254296,-1.216579655763545,0.0,1.0658141036401503e-14,-1.1102230246251565e-16,0,1,0,0,0,0,6.538168766908871,7.436069089085023
-0.4118210537153165,-1.2890809109948371,0.27065516523824795,-0.9294375491056307,707.61,1849.25,-0.43384784755693573,-0.2397495473725107,-0.5614567460037431,-0.4044321999150781,-0.20793206450604512,-1.2129124454254296,-1.216579655763545,0.0,1.0658141036401503e-14,-1.1102230246251565e-16,0,1,0,0,0,0,6.563305304665974,7.523076044077576
-0.4118210537153165,-0.9982366519176081,0.27065516523824795,-0.9294375491056307,777.31,1960.36,-0.2956343936306106,-0.0289592140679705,-0.48612464087495655,-0.33600418963044465,-0.3174993292723891,-1.2129124454254296,-1.216579655763545,0.0,1.0658141036401503e-14,-1.1102230246251565e-16,0,1,0,0,0,0,6.657124902398797,7.581393389153857
-0.4118210537153165,-0.7073923928403791,0.27065516523824795,-0.9294375491056307,754.53,2130.0,-0.2646436346999053,0.2778017645994572,-0.44845858831056323,-0.1996786187533068,-0.10967245339886121,-1.2129124454254296,-1.216579655763545,0.0,1.0658141036401503e-14,-1.1102230246251565e-16,0,1,0,0,0,0,6.627419489726538,7.664346632098617
-0.4118210537153165,-0.4165481337631501,0.27065516523824795,-0.9294375491056307,786.97,1998.47,-0.23523914494878692,0.6232281163237395,-0.41079253574617,-0.33388239086192895,-0.42862627040551377,-1.2129124454254296,-1.216579655763545,0.0,1.0658141036401503e-14,-1.1102230246251565e-16,0,1,0,0,0,0,6.669460018067168,7.600637424423378
-0.4118210537153165,-0.12570387468592106,0.27065516523824795,-0.9294375491056307,889.59,1820.44,-0.017913766242148434,0.48056622263120846,-0.37312648318177666,-0.13416808177538256,-0.5814745543500222,-1.2129124454254296,-1.216579655763545,0.0,1.0658141036401503e-14,-1.1102230246251565e-16,0,1,0,0,0,0,6.791884164439205,7.507382676021378
-0.4118210537153165,0.16514038439130796,0.27065516523824795,-0.9294375491056307,876.37,1672.5,-0.12559153846142082,0.24899227094925225,-0.41079253574617,0.07907269446045175,-0.737832110119787,-1.2129124454254296,-1.216579655763545,0.0,1.0658141036401503e-14,-1.1102230246251565e-16,0,1,0,0,0,0,6.776928796216852,7.422672520651381
-0.4118210537153165,0.455984643468537,0.27065516523824795,-0.9294375491056307,905.88,1643.7,-0.13730652641886412,0.15976649796545006,-0.41079253574617,0.46577052002244984,-1.221331783821803,-1.2129124454254296,-1.216579655763545,0.0,1.0658141036401503e-14,-1.1102230246251565e-16,0,1,0,0,0,0,6.810010137062261,7.405313275747224
-0.4118210537153165,0.7468289025457661,0.27065516523824795,-0.9294375491056307,847.38,1716.47,-0.24012147344825416,0.1500936189721875,-0.41079253574617,0.17481886388972565,-1.2938567348771055,-1.2129124454254296,-1.216579655763545,0.0,1.0658141036401503e-14,-1.1102230246251565e-16,0,1,0,0,0,0,6.743328648626711,7.448607556695042
-0.4118210537153165,1.037673161622995,0.27065516523824795,-0.9294375491056307,869.37,1741.76,-0.1105024779457575,0.18933413618539777,-0.41079253574617,0.20956331872417125,-0.8762533876715739,-1.2129124454254296,-1.216579655763545,0.0,1.0658141036401503e-14,-1.1102230246251565e-16,0,1,0,0,0,0,6.7689184085959155,7.463225342407713
-0.4118210537153165,1.3285174207002242,0.27065516523824795,-0.9294375491056307,829.16,1645.61,-0.3175496125010548,0.23016937128668624,-0.48612464087495655,0.21990708772068562,-0.23483648183301212,-1.2129124454254296,-1.216579655763545,0.0,1.0658141036401503e-14,-1.1102230246251565e-16,0,1,0,0,0,0,6.721618453297023,7.406473907966253
-0.4118210537153165,1.619361679777453,0.27065516523824795,-0.9294375491056307,836.75,1639.04,-0.18909431447046837,0.18431469627538,-0.41079253574617,0.167127343353856,-0.14242565710125585,-1.2129124454254296,-1.216579655763545,0.0,1.0658141036401503e-14,-1.1102230246251565e-16,0,1,0,0,0,0,6.73071972661742,7.40247591076471
-0.235752632199347,-1.5799251700720662,0.27065516523824795,-0.9294375491056307,781.88,1729.3,-0.29575141348812073,0.24428654603361089,-0.37312648318177666,0.040084642088974595,-0.28162677283643306,-1.2129124454254296,-1.216579655763545,0.0,1.0658141036401503e-14,-1.1102230246251565e-16,0,1,0,0,0,0,6.662979427540813,7.456050082862602
-0.235752632199347,-1.2890809109948371,0.27065516523824795,-0.9294375491056307,907.36,2178.24,-0.408838103565658,0.17506010394128518,-0.22246227292420395,0.4358001124171646,0.3332756347668568,-1.2129124454254296,-1.216579655763545,0.0,1.0658141036401503e-14,-1.1102230246251565e-16,0,1,0,0,0,0,6.8116407757964685,7.6867314711465005
-0.235752632199347,-0.9982366519176081,0.27065516523824795,-0.9294375491056307,965.09,2177.83,-0.34792276662823185,0.044345522951244325,-0.18479622035981066,0.32785360006892517,0.07202984333109001,-1.2129124454254296,-1.216579655763545,0.0,1.0658141036401503e-14,-1.1102230246251565e-16,0,1,0,0,0,0,6.873256997574541,7.686543314461908
-0.235752632199347,-0.7073923928403791,0.27065516523824795,-0.9294375491056307,1182.9,2214.23,-0.3046904303812862,0.8261494318526786,0.003534042462155777,1.1927518230851637,-0.20637238813926442,-1.2129124454254296,-1.216579655763545,0.0,1.0658141036401503e-14,-1.1102230246251565e-16,0,1,0,0,0,0,7.07656935241759,7.703111514560282
-0.235752632199347,-0.4165481337631501,0.27065516523824795,-0.9294375491056307,1155.3,2259.56,-0.3418832417600495,0.20175202137945164,-0.03413201010223751,0.9283226515588865,0.1488439043950394,-1.2129124454254296,-1.216579655763545,0.0,1.0658141036401503e-14,-1.1102230246251565e-16,0,1,0,0,0,0,7.052980531134916,7.723367849182671
-0.235752632199347,-0.12570387468592106,0.27065516523824795,-0.9294375491056307,1113.35,2463.89,-0.2819950791274386,0.2305615150296566,0.003534042462155777,0.3541108598293077,1.0179735597835828,-1.2129124454254296,-1.216579655763545,0.0,1.0658141036401503e-14,-1.1102230246251565e-16,0,1,0,0,0,0,7.016026554265925,7.809902460734627
-0.235752632199347,0.16514038439130796,0.27065516523824795,-0.9294375491056307,1055.58,2068.24,-0.12630015870967912,0.3541913657300372,-0.0717980626666308,0.22945518217900654,0.5621581415919241,-1.2129124454254296,-1.216579655763545,0.0,1.0658141036401503e-14,-1.1102230246251565e-16,0,1,0,0,0,0,6.962792555912036,7.634936669084986
-0.235752632199347,0.455984643468537,0.27065516523824795,-0.9294375491056307,1041.73,2061.44,-0.019812088375097073,0.23113665918601284,-0.0717980626666308,0.08490764107387011,0.6303939826385796,-1.2129124454254296,-1.216579655763545,0.0,1.0658141036401503e-14,-1.1102230246251565e-16,0,1,0,0,0,0,6.94959755284037,7.631645026876597
-0.235752632199347,0.7468289025457661,0.27065516523824795,-0.9294375491056307,946.74,2149.09,-0.1856682330866876,0.19137328364884232,-0.10946411523102409,-0.0018208835892117516,0.622205681712981,-1.2129124454254296,-1.216579655763545,0.0,1.0658141036401503e-14,-1.1102230246251565e-16,0,1,0,0,0,0,6.854080203035055,7.6732649807107
-0.235752632199347,1.037673161622995,0.27065516523824795,-0.9294375491056307,1047.58,2447.0,-0.07765890460446917,0.28522635279969133,0.003534042462155777,0.23078130640932892,1.2183919729149026,-1.2129124454254296,-1.216579655763545,0.0,1.0658141036401503e-14,-1.1102230246251565e-16,0,1,0,0,0,0,6.955192146906759,7.803026643632217
-0.235752632199347,1.3285174207002242,0.27065516523824795,-0.9294375491056307,1114.54,2475.06,-0.08683846231585064,0.4325939714078637,0.07886614759094235,0.599974292131072,1.6048017927848204,-1.2129124454254296,-1.216579655763545,0.0,1.0658141036401503e-14,-1.1102230246251565e-16,0,1,0,0,0,0,7.0170938715891715,7.8144238661441605
-0.235752632199347,1.619361679777453,0.27065516523824795,-0.9294375491056307,1007.18,2393.26,-0.09083013967759833,0.5594655437167972,0.07886614759094235,0.22733338341049084,1.4340172306223342,-1.2129124454254296,-1.216579655763545,0.0,1.0658141036401503e-14,-1.1102230246251565e-16,0,1,0,0,0,0,6.915902004117906,7.7808294850662865
-0.05968421068337747,-1.5799251700720662,0.27065516523824795,-0.9294375491056307,846.46,2311.1,-0.06560585928088465,0.3233165817001896,-0.03413201010223751,-0.09385390517358305,0.9512973951037081,-1.2129124454254296,-1.216579655763545,0.0,1.0658141036401503e-14,-1.1102230246251565e-16,0,1,0,0,0,0,6.742243640500644,7.745911481452057
-0.05968421068337747,-1.2890809109948371,0.27065516523824795,-0.9294375491056307,995.25,2494.55,-0.032300707612748614,0.33576060981044153,0.1541982527197285,-0.05592675218636377,0.20577209178253478,-1.2129124454254296,-1.216579655763545,0.0,1.0658141036401503e-14,-1.1102230246251565e-16,0,1,0,0,0,0,6.903998230104425,7.822264424773862
-0.05968421068337747,-0.9982366519176081,0.27065516523824795,-0.9294375491056307,933.79,2385.5,-0.03023985789992424,0.9367339673702537,0.07886614759094235,-0.3988624781477242,0.01159238411833797,-1.2129124454254296,-1.216579655763545,0.0,1.0658141036401503e-14,-1.1102230246251565e-16,0,1,0,0,0,0,6.840321905132089,7.777583136445951
-0.05968421068337747,-0.7073923928403791,0.27065516523824795,-0.9294375491056307,1068.23,2552.1,-0.11743915505485394,0.823169139406106,0.1918643052841218,-0.5699325038593077,0.2346261045679777,-1.2129124454254296,-1.216579655763545,0.0,1.0658141036401503e-14,-1.1102230246251565e-16,0,1,0,0,0,0,6.974694042232527,7.845063586078762
-0.05968421068337747,-0.4165481337631501,0.27065516523824795,-0.9294375491056307,1071.69,2704.43,-0.17628714117626054,0.9281329479411091,0.1541982527197285,-0.5049524165735124,0.40736026218893995,-1.2129124454254296,-1.216579655763545,0.0,1.0658141036401503e-14,-1.1102230246251565e-16,0,1,0,0,0,0,6.977924791289026,7.903016143526856
-0.05968421068337747,-0.12570387468592106,0.27065516523824795,-0.9294375491056307,1086.36,2411.77,-0.1478578169043966,1.0710301278794214,0.1918643052841218,-0.3771140407704376,-0.44305327679823525,-1.2129124454254296,-1.216579655763545,0.0,1.0658141036401503e-14,-1.1102230246251565e-16,0,1,0,0,0,0,6.991508019043512,7.788530744049336
-0.05968421068337747,0.16514038439130796,0.27065516523824795,-0.9294375491056307,1086.04,2166.35,0.08512221829587271,1.1287014010122274,0.1918643052841218,-0.23627964751020372,-0.17556877989534564,-1.2129124454254296,-1.216579655763545,0.0,1.0658141036401503e-14,-1.1102230246251565e-16,0,1,0,0,0,0,6.991213684972219,7.68126050210773
-0.05968421068337747,0.455984643468537,0.27065516523824795,-0.9294375491056307,1174.53,2321.84,-0.156556292979346,0.7432241016725967,0.22953035784851508,0.025232050709364233,0.1320773834521469,-1.2129124454254296,-1.216579655763545,0.0,1.0658141036401503e-14,-1.1102230246251565e-16,0,1,0,0,0,0,7.069474388709338,7.750545853945455
-0.05968421068337747,0.7468289025457661,0.27065516523824795,-0.9294375491056307,1044.49,2247.85,-0.27015657020928996,0.8733896814224799,0.11653220015533564,-0.0392175868843021,-0.18102764717907813,-1.2129124454254296,-1.216579655763545,0.0,1.0658141036401503e-14,-1.1102230246251565e-16,0,1,0,0,0,0,6.9522409540214145,7.718174253425547
-0.05968421068337747,1.037673161622995,0.27065516523824795,-0.9294375491056307,1116.99,2413.08,-0.3947697162516141,0.9026174617318525,0.22953035784851508,-0.13708555508209175,-0.4145891831044875,-1.2129124454254296,-1.216579655763545,0.0,1.0658141036401503e-14,-1.1102230246251565e-16,0,1,0,0,0,0,7.019287709131214,7.789073541124929
-0.05968421068337747,1.3285174207002242,0.27065516523824795,-0.9294375491056307,1133.75,2354.34,-0.1800122733070121,0.7760857473334928,0.22953035784851508,-0.2673109544997468,-0.5506709461061033,-1.2129124454254296,-1.216579655763545,0.0,1.0658141036401503e-14,-1.1102230246251565e-16,0,1,0,0,0,0,7.034167641336575,7.764440369702679
-0.05968421068337747,1.619361679777453,0.27065516523824795,-0.9294375491056307,1215.67,2497.13,-0.21588536073718465,1.0663244029637795,0.4555266732348748,0.23608580333061832,-0.19116554356315263,-1.2129124454254296,-1.216579655763545,0.0,1.0658141036401503e-14,-1.1102230246251565e-16,0,1,0,0,0,0,7.103872897630702,7.823297730964711
0.11638421083259207,-1.5799251700720662,0.27065516523824795,-0.9294375491056307,1215.34,2669.58,-0.32979118981729516,0.944419984732467,0.4555266732348748,0.842920251126127,0.24437408186035706,-1.2129124454254296,-1.216579655763545,0.0,1.0658141036401503e-14,-1.1102230246251565e-16,0,1,0,0,0,0,7.103601628707003,7.890050956268028
0.11638421083259207,-1.2890809109948371,0.27065516523824795,-0.9294375491056307,1188.47,2692.06,-0.2535202471332096,1.148936018149485,0.5308587783636614,0.20187179818830164,-0.051574508736280236,-1.2129124454254296,-1.216579655763545,0.0,1.0658141036401503e-14,-1.1102230246251565e-16,0,1,0,0,0,0,7.081263108744007,7.89843337254855
0.11638421083259207,-0.9982366519176081,0.27065516523824795,-0.9294375491056307,1181.07,2750.22,-0.08174809851414265,1.2296914862851331,0.5685248309280546,0.38938576435588235,0.2357958618430632,-1.2129124454254296,-1.216579655763545,0.0,1.0658141036401503e-14,-1.1102230246251565e-16,0,1,0,0,0,0,7.075022417870716,7.919799728646736
0.11638421083259207,-0.7073923928403791,0.27065516523824795,-0.9294375491056307,1522.8,3236.43,-0.0029872333063608605,1.5761374117411375,1.0205174617007733,0.8156020919814865,0.684982655475904,-1.2129124454254296,-1.216579655763545,0.0,1.0658141036401503e-14,-1.1102230246251565e-16,0,1,0,0,0,0,7.328962494038909,8.08253508415242
0.11638421083259207,-0.4165481337631501,0.27065516523824795,-0.9294375491056307,1493.88,3031.92,0.3428064456372538,1.7823265917948277,1.1711816719583463,0.7320562654711783,0.11180159068399778,-1.2129124454254296,-1.216579655763545,0.0,1.0658141036401503e-14,-1.1102230246251565e-16,0,1,0,0,0,0,7.309801215044645,8.017281130815821
0.11638421083259207,-0.12570387468592106,0.27065516523824795,-0.9294375491056307,1458.5,2720.0,0.09843647763929328,1.7377529196772232,0.98285140913638,0.5957306945940404,0.13792616982757444,-1.2129124454254296,-1.216579655763545,0.0,1.0658141036401503e-14,-1.1102230246251565e-16,0,1,0,0,0,0,7.2858491902941696,7.908754738783246
0.11638421083259207,0.16514038439130796,0.27065516523824795,-0.9294375491056307,1308.87,2552.64,0.2502567405528152,2.6029788741665016,1.0205174617007733,0.23131175610145785,0.33483531113363746,-1.2129124454254296,-1.216579655763545,0.0,1.0658141036401503e-14,-1.1102230246251565e-16,0,1,0,0,0,0,7.177683174629695,7.845275071293209
0.11638421083259207,0.455984643468537,0.27065516523824795,-0.9294375491056307,1307.77,2407.38,0.19840394146926038,2.1447719819640128,0.8321871988788077,-0.012164652585726118,-0.21690020361503415,-1.2129124454254296,-1.216579655763545,0.0,1.0658141036401503e-14,-1.1102230246251565e-16,0,1,0,0,0,0,7.176843043825384,7.786709601287418
0.11638421083259207,0.7468289025457661,0.27065516523824795,-0.9294375491056307,1087.8,2253.23,0.15212908892704077,1.6715590558638673,0.5685248309280546,-0.20286131690608045,-0.3510323711581741,-1.2129124454254296,-1.216579655763545,0.0,1.0658141036401503e-14,-1.1102230246251565e-16,0,1,0,0,0,0,6.992831451337256,7.720563730210238
0.11638421083259207,1.037673161622995,0.27065516523824795,-0.9294375491056307,1140.83,2499.47,0.13782016079478146,2.379038654014364,0.6815229886212345,-0.2564367358111035,-0.22079939453198588,-1.2129124454254296,-1.216579655763545,0.0,1.0658141036401503e-14,-1.1102230246251565e-16,0,1,0,0,0,0,7.0403875174887265,7.824233993186507
0.11638421083259207,1.3285174207002242,0.27065516523824795,-0.9294375491056307,1056.2,2320.27,0.12781496297763098,1.8521020351273116,0.4555266732348748,-0.4943434227309336,-0.4169286976546585,-1.2129124454254296,-1.216579655763545,0.0,1.0658141036401503e-14,-1.1102230246251565e-16,0,1,0,0,0,0,6.963379182730134,7.749869728677186
0.11638421083259207,1.619361679777453,0.27065516523824795,-0.9294375491056307,1102.69,2512.74,0.04648616200781268,2.280218430785893,0.606190883492448,-0.5593235100167289,-0.3362154456737575,-1.2129124454254296,-1.216579655763545,0.0,1.0658141036401503e-14,-1.1102230246251565e-16,0,1,0,0,0,0,7.006414390304704,7.829526962958611
0.2924526323485616,-1.5799251700720662,0.27065516523824795,-0.9294375491056307,1000.48,2416.64,-0.05550964601900353,2.692309218815096,0.4555266732348748,-0.7818471558648197,-0.7296438091941885,-1.2129124454254296,-1.216579655763545,0.0,1.0658141036401503e-14,-1.1102230246251565e-16,0,1,0,0,0,0,6.909234184861536,7.790547136715818
0.2924526323485616,-1.2890809109948371,0.27065516523824795,-0.9294375491056307,1016.8,2459.03,-0.08010982050899496,1.8552130421548747,0.4555266732348748,-0.6961795305859957,-0.6980603627668792,-1.2129124454254296,-1.216579655763545,0.0,1.0658141036401503e-14,-1.1102230246251565e-16,0,1,0,0,0,0,6.925398714154732,7.807928823974
0.2924526323485616,-0.9982366519176081,0.27065516523824795,-0.9294375491056307,996.44,2449.12,-0.022100476699747712,2.0785781181506566,0.4178606206704815,-0.7274760624216032,-0.7873518347650741,-1.2129124454254296,-1.216579655763545,0.0,1.0658141036401503e-14,-1.1102230246251565e-16,0,1,0,0,0,0,6.9051919965789725,7.803892281931148
0.2924526323485616,-0.7073923928403791,0.27065516523824795,-0.9294375491056307,1013.85,2447.55,0.07937524307146662,1.2236001868109974,0.3801945681060882,-1.1993110635702964,-1.3106232558199982,-1.2129124454254296,-1.216579655763545,0.0,1.0658141036401503e-14,-1.1102230246251565e-16,0,1,0,0,0,0,6.922496097303635,7.803251291599587
0.2924526323485616,-0.4165481337631501,0.27065516523824795,-0.9294375491056307,921.63,2223.41,0.0060688034443147215,1.7927576153578324,0.30486246297730163,-1.3290060132958224,-1.4003046469098883,-1.2129124454254296,-1.216579655763545,0.0,1.0658141036401503e-14,-1.1102230246251565e-16,0,1,0,0,0,0,6.827228287395407,7.707246990897621
0.2924526323485616,-0.12570387468592106,0.27065516523824795,-0.9294375491056307,907.56,2213.4,0.08583733964732619,1.0318680394148052,0.26719641041290837,-1.314683871608341,-1.086809697186968,-1.2129124454254296,-1.216579655763545,0.0,1.0658141036401503e-14,-1.1102230246251565e-16,0,1,0,0,0,0,6.811860928583391,7.70273676542335
0.2924526323485616,0.16514038439130796,0.27065516523824795,-0.9294375491056307,901.47,1879.87,0.07911519894366567,1.4237764961391453,0.1541982527197285,-1.1385745738215327,-1.388217155067338,-1.2129124454254296,-1.216579655763545,0.0,1.0658141036401503e-14,-1.1102230246251565e-16,0,1,0,0,0,0,6.805135448657312,7.539489714738298
0.2924526323485616,0.455984643468537,0.27065516523824795,-0.9294375491056307,894.94,1964.54,0.045953071545820456,1.0311360377612604,0.07886614759094235,-1.1502444670483694,-1.077841558077979,-1.2129124454254296,-1.216579655763545,0.0,1.0658141036401503e-14,-1.1102230246251565e-16,0,1,0,0,0,0,6.797873446447008,7.583522295710546
0.2924526323485616,0.7468289025457661,0.27065516523824795,-0.9294375491056307,863.35,2046.87,-0.1654888087693163,1.466650878703879,0.04120009502654906,-0.8600884854538385,-0.7175563173516379,-1.2129124454254296,-1.216579655763545,0.0,1.0658141036401503e-14,-1.1102230246251565e-16,0,1,0,0,0,0,6.761977779368796,7.624555507582176
0.2924526323485616,1.037673161622995,0.27065516523824795,-0.9294375491056307,855.14,2185.15,-0.04455528713537931,1.2674680001912546,0.04120009502654906,-0.97705264256827,-0.8509086467113877,-1.2129124454254296,-1.216579655763545,0.0,1.0658141036401503e-14,-1.1102230246251565e-16,0,1,0,0,0,0,6.752433914170539,7.689897284863588
0.2924526323485616,1.3285174207002242,0.27065516523824795,-0.9294375491056307,884.78,2186.88,-0.06744567148507792,1.1543998876348691,-0.0717980626666308,-0.7433895531854715,-0.5845939070835835,-1.2129124454254296,-1.216579655763545,0.0,1.0658141036401503e-14,-1.1102230246251565e-16,0,1,0,0,0,0,6.786468612774051,7.690688317430904
0.2924526323485616,1.619361679777453,0.27065516523824795,-0.9294375491056307,873.73,2209.71,-0.1403230383013574,0.581190307077342,-0.14713016779541738,-0.8635364084526767,-0.8306328539432385,-1.2129124454254296,-1.216579655763545,0.0,1.0658141036401503e-14,-1.1102230246251565e-16,0,1,0,0,0,0,6.773915267311084,7.701069009884942
0.46852105386453113,-1.5799251700720662,0.27065516523824795,-0.9294375491056307,840.74,2437.51,-0.18311980063423602,0.7293422131714544,-0.0717980626666308,-0.7364937071877953,-0.3268573874730733,-1.2129124454254296,-1.216579655763545,0.0,1.0658141036401503e-14,-1.1102230246251565e-16,0,1,0,0,0,0,6.735471177958736,7.7991424760233885
0.46852105386453113,-1.2890809109948371,0.27065516523824795,-0.9294375491056307,898.1,2776.13,-0.2172895990273109,0.5483548043326438,0.04120009502654906,-0.6224470233800729,0.1426051989279166,-1.2129124454254296,-1.216579655763545,0.0,1.0658141036401503e-14,-1.1102230246251565e-16,0,1,0,0,0,0,6.801394262990727,7.92917329931877
0.46852105386453113,-0.9982366519176081,0.27065516523824795,-0.9294375491056307,938.14,2818.17,-0.4469475704949204,1.055971808149368,0.04120009502654906,-0.468086162970551,0.2272176418257694,-1.2129124454254296,-1.216579655763545,0.0,1.0658141036401503e-14,-1.1102230246251565e-16,0,1,0,0,0,0,6.844964562876423,7.944197794368556
0.46852105386453113,-0.7073923928403791,0.27065516523824795,-0.9294375491056307,1032.06,3049.68,-0.08347739196402039,0.7042450136213663,0.22953035784851508,-0.26518915573123103,0.5988105362112706,-1.2129124454254296,-1.216579655763545,0.0,1.0658141036401503e-14,-1.1102230246251565e-16,0,1,0,0,0,0,6.940280550685534,8.023119795571288
0.46852105386453113,-0.4165481337631501,0.27065516523824795,-0.9294375491056307,1331.22,3356.5,0.192624460728879,1.1026891993952097,0.606190883492448,0.8657295878876714,1.6266372619197502,-1.2129124454254296,-1.216579655763545,0.0,1.0658141036401503e-14,-1.1102230246251565e-16,0,1,0,0,0,0,7.194602002627235,8.118951928397392
0.46852105386453113,-0.12570387468592106,0.27065516523824795,-0.9294375491056307,1228.97,3140.51,-0.14289097406339388,1.4213713478489283,0.5685248309280546,0.6262315518914545,1.2729806457522268,-1.2129124454254296,-1.216579655763545,0.0,1.0658141036401503e-14,-1.1102230246251565e-16,0,1,0,0,0,0,7.114745057825114,8.052458855030677
0.46852105386453113,0.16514038439130796,0.27065516523824795,-0.9294375491056307,1400.04,3225.86,-0.003221273021382298,1.5267795859592976,0.6438569360568412,1.1540289955597511,2.4314302671785892,-1.2129124454254296,-1.216579655763545,0.0,1.0658141036401503e-14,-1.1102230246251565e-16,0,1,0,0,0,0,7.244970096964409,8.079264807162913
0.46852105386453113,0.455984643468537,0.27065516523824795,-0.9294375491056307,1231.2,3289.43,0.05161553242869111,1.6346191152760814,0.606190883492448,0.6835201186413802,2.2692239250333968,-1.2129124454254296,-1.216579655763545,0.0,1.0658141036401503e-14,-1.1102230246251565e-16,0,1,0,0,0,0,7.1165564685804705,8.098773534307181
0.46852105386453113,0.7468289025457661,0.27065516523824795,-0.9294375491056307,1009.96,3264.28,-0.18287925981602,0.9507465704523852,0.3801945681060882,0.1374221605946353,1.9588483280440385,-1.2129124454254296,-1.216579655763545,0.0,1.0658141036401503e-14,-1.1102230246251565e-16,0,1,0,0,0,0,6.9186556534504255,8.091100796073338
0.46852105386453113,1.037673161622995,0.27065516523824795,-0.9294375491056307,1167.05,3143.42,0.07227603838249444,1.3100286677616124,0.4931927257992681,0.6543453855742885,1.3494047877244812,-1.2129124454254296,-1.216579655763545,0.0,1.0658141036401503e-14,-1.1102230246251565e-16,0,1,0,0,0,0,7.063090970691105,8.053384732413303
0.46852105386453113,1.3285174207002242,0.27065516523824795,-0.9294375491056307,1281.78,3346.08,0.20883171099408757,1.2493509592660352,0.606190883492448,0.8771342562684437,1.7065706757172607,-1.2129124454254296,-1.216579655763545,0.0,1.0658141036401503e-14,-1.1102230246251565e-16,0,1,0,0,0,0,7.1567848768025435,8.115843602927471
0.46852105386453113,1.619361679777453,0.27065516523824795,-0.9294375491056307,1051.17,3322.7,-0.18492710732245463,0.8455736185877983,0.30486246297730163,0.22574203433410395,1.6036320355097347,-1.2129124454254296,-1.216579655763545,0.0,1.0658141036401503e-14,-1.1102230246251565e-16,0,1,0,0,0,0,6.958609977200448,8.108833899194737
0.6445894753805007,-1.5799251700720662,0.27065516523824795,-0.9294375491056307,969.66,3237.12,-0.12851703489918406,1.1560730342715413,0.3801945681060882,0.09366006099399764,0.9185441914013133,-1.2129124454254296,-1.216579655763545,0.0,1.0658141036401503e-14,-1.1102230246251565e-16,0,1,0,0,0,0,6.877976252493013,8.082748193464406
0.6445894753805007,-1.2890809109948371,0.27065516523824795,-0.9294375491056307,1020.55,3555.12,-0.08887330761589492,1.469971029061026,0.5685248309280546,0.048571837163037666,0.7337225419378007,-1.2129124454254296,-1.216579655763545,0.0,1.0658141036401503e-14,-1.1102230246251565e-16,0,1,0,0,0,0,6.929076360685821,8.176425341846196
0.6445894753805007,-0.9982366519176081,0.27065516523824795,-0.9294375491056307,898.1,3815.25,-0.24369708020552036,0.9132314857082438,0.4178606206704815,-0.4261806372923647,1.0191433170586686,-1.2129124454254296,-1.216579655763545,0.0,1.0658141036401503e-14,-1.1102230246251565e-16,0,1,0,0,0,0,6.801394262990727,8.247023544049087
0.6445894753805007,-0.7073923928403791,0.27065516523824795,-0.9294375491056307,1214.65,4470.19,-0.026761767690583856,0.8384627453819407,0.8321871988788077,0.1562531246652127,1.4558526997572634,-1.2129124454254296,-1.216579655763545,0.0,1.0658141036401503e-14,-1.1102230246251565e-16,0,1,0,0,0,0,7.103034192148042,8.405409871416934
0.6445894753805007,-0.4165481337631501,0.27065516523824795,-0.9294375491056307,1028.22,4513.5,0.07410934948349314,0.6929774167400249,0.5685248309280546,-0.9165813776655708,0.9836606797144075,-1.2129124454254296,-1.216579655763545,0.0,1.0658141036401503e-14,-1.1102230246251565e-16,0,1,0,0,0,0,6.936556512787765,8.415049717747534
0.6445894753805007,-0.12570387468592106,0.27065516523824795,-0.9294375491056307,955.13,3868.04,0.12598165187663288,0.13132300514201747,0.4555266732348748,-0.9038505850544761,0.5430521060988607,-1.2129124454254296,-1.216579655763545,0.0,1.0658141036401503e-14,-1.1102230246251565e-16,0,1,0,0,0,0,6.862893887070114,8.260761693235853
0.6445894753805007,0.16514038439130796,0.27065516523824795,-0.9294375491056307,1086.99,3639.02,0.05062086363985177,0.3520737895179986,0.4555266732348748,-0.9059723838229918,0.13909592710266003,-1.2129124454254296,-1.216579655763545,0.0,1.0658141036401503e-14,-1.1102230246251565e-16,0,1,0,0,0,0,6.992087236197178,8.199744455121186
0.6445894753805007,0.455984643468537,0.27065516523824795,-0.9294375491056307,957.53,3428.99,-0.16666550844761688,0.3466883487812085,0.30486246297730163,-0.9025244608241538,-0.19506473448010436,-1.2129124454254296,-1.216579655763545,0.0,1.0658141036401503e-14,-1.1102230246251565e-16,0,1,0,0,0,0,6.865400860900437,8.14031262470384
0.6445894753805007,0.7468289025457661,0.27065516523824795,-0.9294375491056307,813.01,3545.47,-0.23824915572808564,-0.025299205800249712,0.26719641041290837,-0.8301180778485533,-0.024670091409313227,-1.2129124454254296,-1.216579655763545,0.0,1.0658141036401503e-14,-1.1102230246251565e-16,0,1,0,0,0,0,6.701972650939365,8.173708021562236
0.6445894753805007,1.037673161622995,0.27065516523824795,-0.9294375491056307,853.12,3306.1,-0.2292061211837998,0.32478058500727797,0.26719641041290837,-1.0263844639362614,-0.158412339860758,-1.2129124454254296,-1.216579655763545,0.0,1.0658141036401503e-14,-1.1102230246251565e-16,0,1,0,0,0,0,6.750071699139713,8.103826951411817
0.6445894753805007,1.3285174207002242,0.27065516523824795,-0.9294375491056307,914.39,3203.44,-0.039250386928235396,0.3259047304037925,0.34252851554169494,-1.0730640368436084,-0.5264959624210025,-1.2129124454254296,-1.216579655763545,0.0,1.0658141036401503e-14,-1.1102230246251565e-16,0,1,0,0,0,0,6.819350203973724,8.072292627099152
0.6445894753805007,1.619361679777453,0.27065516523824795,-0.9294375491056307,715.13,2783.03,-0.15610121575569408,0.4537435906120521,0.003534042462155777,-1.160853460890948,-0.9936190342718213,-1.2129124454254296,-1.216579655763545,0.0,1.0658141036401503e-14,-1.1102230246251565e-16,0,1,0,0,0,0,6.573861714725663,7.93165479725832
0.8206578968964702,-1.5799251700720662,0.27065516523824795,-0.9294375491056307,706.7,2857.8,-0.09851444365412351,0.6095553711521812,0.003534042462155777,-1.03221941054968,-0.8173756048256027,-1.2129124454254296,-1.216579655763545,0.0,1.0658141036401503e-14,-1.1102230246251565e-16,0,1,0,0,0,0,6.562020275081739,7.958157235345824
0.8206578968964702,-1.2890809109948371,0.27065516523824795,-0.9294375491056307,723.06,2934.72,-0.019948611542192716,0.6631222064418999,0.04120009502654906,-1.0860600543007672,-1.0407992443669374,-1.2129124454254296,-1.216579655763545,0.0,1.0658141036401503e-14,-1.1102230246251565e-16,0,1,0,0,0,0,6.584874261880121,7.984708017339193
0.8206578968964702,-0.9982366519176081,0.27065516523824795,-0.9294375491056307,767.67,2993.3,0.04091471656967265,0.6479070292146587,0.07886614759094235,-0.698036104508447,-1.2002761528702637,-1.2129124454254296,-1.216579655763545,0.0,1.0658141036401503e-14,-1.1102230246251565e-16,0,1,0,0,0,0,6.6446617486649355,8.00446576036065
0.8206578968964702,-0.7073923928403791,0.27065516523824795,-0.9294375491056307,791.51,2748.55,0.5125892566786421,0.6761675216247061,0.1918643052841218,-1.2369729917114511,-1.8619688514769743,-1.2129124454254296,-1.216579655763545,0.0,1.0658141036401503e-14,-1.1102230246251565e-16,0,1,0,0,0,0,6.675205123968356,7.9191925409070905
0.8206578968964702,-0.4165481337631501,0.27065516523824795,-0.9294375491056307,737.55,2710.46,0.4849205614805972,0.6648214959947701,0.07886614759094235,-1.062720267847094,-1.9181172006810798,-1.2129124454254296,-1.216579655763545,0.0,1.0658141036401503e-14,-1.1102230246251565e-16,0,1,0,0,0,0,6.604688804486608,7.9052425141900065
0.8206578968964702,-0.12570387468592106,0.27065516523824795,-0.9294375491056307,896.42,2612.71,0.6099042704050378,0.5628902657387362,0.1541982527197285,-0.47604290835248514,-1.625677881909699,-1.2129124454254296,-1.216579655763545,0.0,1.0658141036401503e-14,-1.1102230246251565e-16,0,1,0,0,0,0,6.79952397989929,7.868525946943292
0.8206578968964702,0.16514038439130796,0.27065516523824795,-0.9294375491056307,850.0,2374.16,0.9726593275844844,0.2658805948131656,0.1918643052841218,-0.8911197924433816,-1.715749192091284,-0.9207381439027102,-0.8929107680575872,0.0,1.0658141036401503e-14,-1.1102230246251565e-16,0,1,0,0,0,0,6.7464121285733745,7.772820082620644
0.8206578968964702,0.455984643468537,0.27065516523824795,-0.9294375491056307,856.97,1914.0,0.953806128318899,0.2176992002602364,0.11653220015533564,-0.5914157163905298,-2.0830529764681383,-0.6869987026845346,-0.5692418803516291,0.0,1.0658141036401503e-14,-1.1102230246251565e-16,0,1,0,0,0,0,6.754569133841706,7.557472901614746
0.8206578968964702,0.7468289025457661,0.27065516523824795,-0.9294375491056307,1016.59,2200.0,1.1865456227009523,0.2297510846275179,0.30486246297730163,0.3511933865225985,-1.840133382342045,-0.45325926146635875,-0.31030677018686253,0.0,1.0658141036401503e-14,-1.1102230246251565e-16,0,1,0,0,0,0,6.9251923654935466,7.696667081526462
0.8206578968964702,1.037673161622995,0.27065516523824795,-0.9294375491056307,1011.26,2245.0,1.2079992632445493,0.22133306561175978,0.22953035784851508,0.17879723658069266,-1.6120307137003678,-0.2779546805527272,-0.05137166002209593,0.0,1.0658141036401503e-14,-1.1102230246251565e-16,0,1,0,0,0,0,6.919940733845938,7.716906135298388
0.8206578968964702,1.3285174207002242,0.27065516523824795,-0.9294375491056307,1105.54,2389.0,1.2327034553856613,0.2951345180387369,0.22953035784851508,0.2413903002519077,-1.3515647604479915,-0.10265009963909563,0.1428296726014782,0.0,1.0658141036401503e-14,-1.1102230246251565e-16,0,1,0,0,0,0,7.008993308860302,7.779048644925556
0.8206578968964702,1.619361679777453,0.27065516523824795,-0.9294375491056307,1057.16,2300.0,1.2327034553856613,0.18324283671126146,0.1541982527197285,0.9556408107035269,-1.0372899725416809,0.07265448127453646,0.3370310052250534,0.0,1.0658141036401503e-14,-1.1102230246251565e-16,0,1,0,0,0,0,6.964286829717792,7.741099090035366
0.9967263184124397,-1.5799251700720662,0.27065516523824795,-0.9294375491056307,900.0,1971.0,1.2327034553856613,0.16091678627816255,-0.10946411523102409,0.4124603259634913,-1.5703093708889844,0.2479590621881675,0.4664985603074362,0.0,1.0658141036401503e-14,-1.1102230246251565e-16,0,1,0,0,0,0,6.803505257608338,7.586803535162581
0.9967263184124397,-1.2890809109948371,0.27065516523824795,-0.9294375491056307,1256.75,2359.9,1.8065428322045183,0.028110771992281153,0.3801945681060882,1.6446949607790216,-1.1242419299897046,0.2479590621881675,0.4664985603074362,0.0,1.0658141036401503e-14,-1.1102230246251565e-16,0,1,0,0,0,0,7.137079689371428,7.766798181254168
0.9967263184124397,-0.9982366519176081,0.27065516523824795,-0.9294375491056307,1300.0,2500.0,2.37039651451581,-0.16356908957151461,0.6438569360568412,1.5261394545882032,-1.0029770924725054,0.4232636431017996,0.6606998929310114,0.0,1.0658141036401503e-14,-1.1102230246251565e-16,0,1,0,0,0,0,7.170888478512505,7.824445930877619
0.9967263184124397,-0.7073923928403791,0.27065516523824795,-0.9294375491056307,1600.0,2600.0,2.5329240943915456,0.1322641501251455,1.133515619393953,2.396342174525731,-0.5709467388742524,0.5985682240154306,0.7901674480133942,0.0,1.0658141036401503e-14,-1.1102230246251565e-16,0,1,0,0,0,0,7.3783837129967145,7.8636512654486515
0.9967263184124397,-0.4165481337631501,0.27065516523824795,-0.9294375491056307,2000.0,3000.0,2.5329240943915456,-0.20249589179034905,1.4348440399090994,4.226924062062706,0.05604316057158786,0.7738728049290627,0.9196350030957781,0.0,1.0658141036401503e-14,-1.1102230246251565e-16,0,1,0,0,0,0,7.601402334583733,8.006700845440367
0.9967263184124397,-0.12570387468592106,0.27065516523824795,-0.9294375491056307,2083.0,3000.0,2.5329240943915456,-0.2926889526734772,1.5855082501666726,3.197851659332561,0.21746966453339003,0.89074252553815,0.9843687806369694,0.0,1.0658141036401503e-14,-1.1102230246251565e-16,0,1,0,0,0,0,7.642044402873258,8.006700845440367
0.9967263184124397,0.16514038439130796,0.27065516523824795,-0.9294375491056307,2375.0,3375.0,2.5329240943915456,-0.2663107502296872,1.8491706181174248,4.445469335219831,1.2835084612279963,0.89074252553815,0.9843687806369694,0.0,1.0658141036401503e-14,-1.1102230246251565e-16,0,1,0,0,0,0,7.773173680482536,8.124446855715847
0.9967263184124397,0.455984643468537,0.27065516523824795,-0.9294375491056307,2417.0,3500.0,2.37039651451581,-0.33326275861278587,2.112832986068178,4.515223469734786,2.8704791644273557,0.89074252553815,0.9843687806369694,0.0,1.0658141036401503e-14,-1.1102230246251565e-16,0,1,0,0,0,0,7.790696031174738,8.160803920954665
0.9967263184124397,0.7468289025457661,0.27065516523824795,-0.9294375491056307,2000.0,3500.0,2.045341354764339,-0.29166937894175465,2.112832986068178,2.252855532804852,1.9436414834679268,0.89074252553815,0.9843687806369694,0.0,1.0658141036401503e-14,-1.1102230246251565e-16,0,1,0,0,0,0,7.601402334583733,8.160803920954665
0.9967263184124397,1.037673161622995,0.27065516523824795,-0.9294375491056307,2000.0,3400.0,1.8828137748886034,-0.33347190194236975,2.1881650911969643,2.280173691949493,1.6457432974128134,0.89074252553815,0.9843687806369694,0.0,1.0658141036401503e-14,-1.1102230246251565e-16,0,1,0,0,0,0,7.601402334583733,8.131824785007195
0.9967263184124397,1.3285174207002242,0.27065516523824795,-0.9294375491056307,2375.0,3875.0,1.8828137748886034,-0.4039270610960019,2.3011632488901443,2.7326472793354797,2.0649063209851257,0.89074252553815,0.9843687806369694,0.0,1.0658141036401503e-14,-1.1102230246251565e-16,0,1,0,0,0,0,7.773173680482536,8.262558973010657
0.9967263184124397,1.619361679777453,0.27065516523824795,-0.9294375491056307,2625.0,4000.0,1.2327034553856613,-0.516472315328427,2.1881650911969643,3.620620063959327,2.5215015773601746,0.89074252553815,0.9843687806369694,0.0,1.0658141036401503e-14,-1.1102230246251565e-16,0,1,0,0,0,0,7.873217054862741,8.294299608857235
1.1727947399284093,-1.5799251700720662,0.27065516523824795,-0.9294375491056307,2200.0,4000.0,1.2327034553856613,-0.3494190808231551,1.9998348283749978,3.5179780485323766,3.6534367005512656,0.89074252553815,0.9843687806369694,0.0,1.0658141036401503e-14,-1.1102230246251565e-16,0,1,0,0,0,0,7.696667081526462,8.294299608857235
1.1727947399284093,-1.2890809109948371,0.27065516523824795,-0.9294375491056307,1500.0,4000.0,1.2327034553856613,-0.3744639945408467,1.8115045655530315,0.20054567395797926,2.349547257922603,1.0660471064517822,1.0491025581781608,0.0,1.0658141036401503e-14,-1.1102230246251565e-16,0,1,0,0,0,0,7.313886831633462,8.294299608857235
1.1727947399284093,-0.9982366519176081,0.27065516523824795,-0.9294375491056307,1500.0,4000.0,1.2327034553856613,-0.6238412721536469,1.6985064078598524,0.09498618522432001,1.9791241208121875,1.0660471064517822,1.0491025581781608,0.0,1.0658141036401503e-14,-1.1102230246251565e-16,0,1,0,0,0,0,7.313886831633462,8.294299608857235
1.1727947399284093,-0.7073923928403791,0.27065516523824795,-0.9294375491056307,1700.0,4125.0,1.0163597432614724,-0.5246289051822058,1.8115045655530315,-0.14716409923254162,1.9264850434333392,1.0660471064517822,1.0491025581781608,0.0,1.0658141036401503e-14,-1.1102230246251565e-16,0,1,0,0,0,0,7.438971592395862,8.325063693631197
1.1727947399284093,-0.4165481337631501,0.27065516523824795,-0.9294375491056307,1769.37,4297.35,0.7801096531541027,-0.3578109569227158,1.6608403552954591,-0.6187338755351702,1.3260096422227705,0.89074252553815,0.9843687806369694,0.0,1.0658141036401503e-14,-1.1102230246251565e-16,0,1,0,0,0,0,7.478943843270176,8.365986507111707
1.1727947399284093,-0.12570387468592106,0.27065516523824795,-0.9294375491056307,2000.0,4700.0,0.5825931358827191,-0.6968584370946834,1.6985064078598524,-0.418489116756495,1.8492810632776944,0.89074252553815,0.9843687806369694,0.0,1.0658141036401503e-14,-1.1102230246251565e-16,0,1,0,0,0,0,7.601402334583733,8.45553053102413
1.1727947399284093,0.16514038439130796,0.27065516523824795,-0.9294375491056307,1750.0,4150.0,0.5825931358827191,-0.42118138578668707,1.5855082501666726,-1.011001422864522,0.5348638051732619,0.89074252553815,0.9843687806369694,0.0,1.0658141036401503e-14,-1.1102230246251565e-16,0,1,0,0,0,0,7.467942332285852,8.33110454805304
1.1727947399284093,0.455984643468537,0.27065516523824795,-0.9294375491056307,1800.0,4520.0,0.5825931358827191,-0.3607912493692884,1.6231743027310659,-0.990048660025429,0.7758338038408796,0.89074252553815,0.9843687806369694,0.0,1.0658141036401503e-14,-1.1102230246251565e-16,0,1,0,0,0,0,7.496097345175956,8.416488487294606
1.1727947399284093,0.7468289025457661,0.27065516523824795,-0.9294375491056307,2000.0,5000.0,0.5825931358827191,-0.4785128010089192,1.8115045655530315,-0.31292962802283575,1.3108027976466585,0.89074252553815,0.9843687806369694,0.0,1.0658141036401503e-14,-1.1102230246251565e-16,0,1,0,0,0,0,7.601402334583733,8.517393171418904
1.1727947399284093,1.037673161622995,0.27065516523824795,-0.9294375491056307,2000.0,4875.0,0.5825931358827191,-0.4594023292681753,1.9245027232462113,-0.31292962802283575,1.3310785904148081,0.89074252553815,0.9843687806369694,0.0,1.0658141036401503e-14,-1.1102230246251565e-16,0,1,0,0,0,0,7.601402334583733,8.492080490601163
1.1727947399284093,1.3285174207002242,0.27065516523824795,-0.9294375491056307,1900.0,4100.0,0.5825931358827191,-0.3774965728198159,1.4725100924734926,-0.8433793201517767,-0.13384743708396202,0.89074252553815,0.9843687806369694,0.0,1.0658141036401503e-14,-1.1102230246251565e-16,0,1,0,0,0,0,7.550135342488429,8.31898612539206
1.1727947399284093,1.619361679777453,0.27065516523824795,-0.9294375491056307,1420.0,3800.0,0.5825931358827191,-0.801430101886716,1.133515619393953,-1.5303116714587555,-0.5553499752064455,0.89074252553815,0.9843687806369694,0.0,1.0658141036401503e-14,-1.1102230246251565e-16,0,1,0,0,0,0,7.259116128097101,8.24301946898925
1.348863161444379,-1.5799251700720662,0.27065516523824795,-0.9294375491056307,1173.81,3080.0,0.5825931358827191,-0.5800780304381813,0.7568550937500211,-1.5502035349135908,-1.2572043402577593,0.89074252553815,0.9843687806369694,0.0,1.0658141036401503e-14,-1.1102230246251565e-16,0,1,0,0,0,0,7.068861711375401,8.033009498596668
1.348863161444379,-1.2890809109948371,0.27065516523824795,-0.9294375491056307,700.0,3636.84,0.5825931358827191,-0.7266090757280169,0.8321871988788077,-1.7273737320846574,-0.7144369646180766,0.89074252553815,0.9843687806369694,0.0,1.0658141036401503e-14,-1.1102230246251565e-16,0,1,0,0,0,0,6.55250788703459,8.199145377902004
1.348863161444379,-0.9982366519176081,0.27065516523824795,-0.9294375491056307,608.56,4022.86,0.5825931358827191,-0.852487217221426,0.98285140913638,-1.8891608881839843,-0.33816504113223333,0.89074252553815,0.9843687806369694,0.0,1.0658141036401503e-14,-1.1102230246251565e-16,0,1,0,0,0,0,6.41273738542166,8.29999691992186
1.348863161444379,-0.7073923928403791,0.27065516523824795,-0.9294375491056307,750.0,4867.79,0.5825931358827191,-0.5691502914674137,1.2088477245227398,-1.7950060678310973,0.3418538547841507,0.89074252553815,0.9843687806369694,0.0,1.0658141036401503e-14,-1.1102230246251565e-16,0,1,0,0,0,0,6.621405651764134,8.490600725246415
1.348863161444379,-0.4165481337631501,0.27065516523824795,-0.9294375491056307,720.0,5000.0,0.5825931358827191,-0.8309454542742672,1.0958495668295598,-1.885978190031211,0.27712728556275174,1.0660471064517822,1.0491025581781608,0.0,1.0658141036401503e-14,-1.1102230246251565e-16,0,1,0,0,0,0,6.580639137284949,8.517393171418904
1.348863161444379,-0.12570387468592106,0.27065516523824795,-0.9294375491056307,700.0,5000.0,0.7126151997833076,-0.49631612693976257,1.0958495668295598,-2.0368911274418946,-0.11162204885733708,1.0660471064517822,1.0491025581781608,0.0,1.0658141036401503e-14,-1.1102230246251565e-16,0,1,0,0,0,0,6.55250788703459,8.517393171418904
1.348863161444379,0.16514038439130796,0.27065516523824795,-0.9294375491056307,840.0,4587.33,0.5825931358827191,-0.5744050176232133,0.9451853565719867,-1.6920988275580826,0.0505842932878554,1.0660471064517822,1.0491025581781608,0.0,1.0658141036401503e-14,-1.1102230246251565e-16,0,1,0,0,0,0,6.734591659972948,8.43127140242813
1.348863161444379,0.455984643468537,0.27065516523824795,-0.9294375491056307,911.0,4111.0,0.5825931358827191,-0.6009923633965878,0.98285140913638,-1.6228751427352557,-0.7132672073429911,1.0660471064517822,1.0491025581781608,0.0,1.0658141036401503e-14,-1.1102230246251565e-16,0,1,0,0,0,0,6.815639990074331,8.321664807135
1.348863161444379,0.7468289025457661,0.27065516523824795,-0.9294375491056307,1000.0,4875.0,0.5825931358827191,-0.5679215744061072,1.1711816719583463,-1.6390538583451886,-0.45787020228265185,1.0660471064517822,1.0491025581781608,0.0,1.0658141036401503e-14,-1.1102230246251565e-16,0,1,0,0,0,0,6.90875477931522,8.492080490601163
1.348863161444379,1.037673161622995,0.27065516523824795,-0.9294375491056307,1000.0,4300.0,0.5825931358827191,-0.5747187326175891,1.0958495668295598,-1.6390538583451886,-0.8201050384674687,1.0660471064517822,1.0491025581781608,0.0,1.0658141036401503e-14,-1.1102230246251565e-16,0,1,0,0,0,0,6.90875477931522,8.366602832783736
1.348863161444379,1.3285174207002242,0.27065516523824795,-0.9294375491056307,1000.0,3500.0,0.5825931358827191,-0.4723169298699915,1.246513777087133,-1.5692997238302326,-0.9308420605088983,1.0660471064517822,1.0491025581781608,0.0,1.0658141036401503e-14,-1.1102230246251565e-16,0,1,0,0,0,0,6.90875477931522,8.160803920954665
1.348863161444379,1.619361679777453,0.27065516523824795,-0.9294375491056307,1000.0,3500.0,0.5825931358827191,-0.33893577142775383,1.246513777087133,-1.0974647226815395,-0.6680365927063509,1.0660471064517822,1.0491025581781608,0.0,1.0658141036401503e-14,-1.1102230246251565e-16,0,1,0,0,0,0,6.90875477931522,8.160803920954665
1.5249315829603483,-1.5799251700720662,0.27065516523824795,-0.9294375491056307,1000.0,3500.0,0.5825931358827191,-0.2607684519957092,1.246513777087133,-0.7057276250443166,0.17145921171335948,1.0660471064517822,1.0491025581781608,0.0,1.0658141036401503e-14,-1.1102230246251565e-16,0,1,0,0,0,0,6.90875477931522,8.160803920954665
1.5249315829603483,-1.2890809109948371,0.27065516523824795,-0.9294375491056307,1000.0,3500.0,0.5825931358827191,-0.1543144972374198,1.246513777087133,0.8238240622094851,-0.5070000078362438,1.0660471064517822,1.0491025581781608,0.0,1.0658141036401503e-14,-1.1102230246251565e-16,0,1,0,0,0,0,6.90875477931522,8.160803920954665
1.5249315829603483,-0.9982366519176081,0.27065516523824795,-0.9294375491056307,1014.0,3694.44,1.2724056925977056,-0.05980785518162062,1.4348440399090994,1.4539982964586673,-0.6785644081821205,1.0660471064517822,1.0491025581781608,0.0,1.0658141036401503e-14,-1.1102230246251565e-16,0,1,0,0,0,0,6.922643891475888,8.21485490613048
1.5249315829603483,-0.7073923928403791,0.27065516523824795,-0.9294375491056307,1300.0,4035.71,1.471430465810336,-0.2094760504152174,1.6231743027310659,1.6319641681679269,-1.0267621570659111,1.0660471064517822,1.0491025581781608,0.0,1.0658141036401503e-14,-1.1102230246251565e-16,0,1,0,0,0,0,7.170888478512505,8.303185282751219
1.5249315829603483,-0.4165481337631501,0.27065516523824795,-0.9294375491056307,1219.78,4361.11,1.455977343515752,-0.05254012447857383,1.9998348283749978,1.5279960285106544,-0.8587070285452909,1.0660471064517822,1.0491025581781608,0.0,1.0658141036401503e-14,-1.1102230246251565e-16,0,1,0,0,0,0,7.1072452776961255,8.380711164233615
1.5249315829603483,-0.12570387468592106,0.27065516523824795,-0.9294375491056307,1337.71,5000.0,1.9102549314748218,0.24135853941943367,2.263497196325751,2.1032687196244906,-0.3603904293588583,1.0660471064517822,1.0491025581781608,0.0,1.0658141036401503e-14,-1.1102230246251565e-16,0,1,0,0,0,0,7.19946174269747,8.517393171418904
1.5249315829603483,0.16514038439130796,0.27065516523824795,-0.9294375491056307,1450.78,4000.0,2.3449511966104652,0.016241888038385537,1.9245027232462113,1.6155202277119296,-0.8594868667286815,1.0660471064517822,1.0491025581781608,0.0,1.0658141036401503e-14,-1.1102230246251565e-16,0,1,0,0,0,0,7.280545668753646,8.294299608857235
1.5249315829603483,0.455984643468537,0.27065516523824795,-0.9294375491056307,1500.0,4000.0,2.5329240943915456,0.14883875899468307,1.9621687758106046,1.4017490017839667,-0.4656685841165553,1.0660471064517822,1.0491025581781608,0.0,1.0658141036401503e-14,-1.1102230246251565e-16,0,1,0,0,0,0,7.313886831633462,8.294299608857235
1.5249315829603483,0.7468289025457661,0.27065516523824795,-0.9294375491056307,1500.0,4000.0,2.5329240943915456,0.27555347380642875,2.0375008809393913,1.013194602299517,-1.0602951989516962,1.0660471064517822,1.0491025581781608,0.0,1.0658141036401503e-14,-1.1102230246251565e-16,0,1,0,0,0,0,7.313886831633462,8.294299608857235
1.5249315829603483,1.037673161622995,0.27065516523824795,-0.9294375491056307,1500.0,4000.0,2.5329240943915456,0.25942329451225754,2.0375008809393913,1.013194602299517,-0.6325539553620899,1.0660471064517822,1.0491025581781608,0.0,1.0658141036401503e-14,-1.1102230246251565e-16,0,1,0,0,0,0,7.313886831633462,8.294299608857235
1.5249315829603483,1.3285174207002242,0.27065516523824795,-0.9294375491056307,1500.0,4000.0,2.5329240943915456,0.1626683616634293,2.0375008809393913,1.013194602299517,0.19680395267354575,1.0660471064517822,1.0491025581781608,0.0,1.0658141036401503e-14,-1.1102230246251565e-16,0,1,0,0,0,0,7.313886831633462,8.294299608857235
1.5249315829603483,1.619361679777453,0.27065516523824795,-0.9294375491056307,1500.0,4000.0,2.5329240943915456,0.2675537414498378,2.0375008809393913,1.013194602299517,0.19680395267354575,1.0660471064517822,1.0491025581781608,0.0,1.0658141036401503e-14,-1.1102230246251565e-16,0,1,0,0,0,0,7.313886831633462,8.294299608857235
1.7010000044763178,-1.5799251700720662,0.27065516523824795,-0.9294375491056307,1271.75,3378.56,1.7595723616204308,0.19890244351386838,1.5478421976022794,0.4079515035803952,-0.4956923541770838,0.89074252553815,0.9843687806369694,0.0,1.0658141036401503e-14,-1.1102230246251565e-16,0,1,0,0,0,0,7.148935192782446,8.125500802488444
1.7010000044763178,-1.2890809109948371,0.27065516523824795,-0.9294375491056307,1422.38,3432.92,1.8468756764264802,0.05898555602212866,1.6608403552954591,0.8073801217534881,-0.43525489496433173,0.7738728049290627,0.9196350030957781,0.0,1.0658141036401503e-14,-1.1102230246251565e-16,0,1,0,0,0,0,7.260789603902328,8.141457744738762
1.7010000044763178,-0.9982366519176081,0.27065516523824795,-0.9294375491056307,1352.66,3389.48,1.5285426573786698,0.018176463837038165,1.6231743027310659,0.572921357832496,-0.6820736800073771,0.5985682240154306,0.7901674480133942,0.0,1.0658141036401503e-14,-1.1102230246251565e-16,0,1,0,0,0,0,7.2105673141107145,8.128726783271519
1.7010000044763178,-0.7073923928403791,0.27065516523824795,-0.9294375491056307,1477.64,3905.33,1.7401860718928532,0.2560770012389125,1.6985064078598524,0.04936751170123106,-0.4863342959763996,0.48169850340634324,0.6606998929310114,0.0,1.0658141036401503e-14,-1.1102230246251565e-16,0,1,0,0,0,0,7.298878025374425,8.270353593274999
1.7010000044763178,-0.4165481337631501,0.27065516523824795,-0.9294375491056307,1567.23,3688.02,1.8105085051534866,0.1879747045431014,1.6985064078598524,0.4424307335687764,-0.9620355878445123,0.3063939224927112,0.5312323378486276,0.0,1.0658141036401503e-14,-1.1102230246251565e-16,0,1,0,0,0,0,7.357702873826825,8.213116119105427
1.7010000044763178,-0.12570387468592106,0.27065516523824795,-0.9294375491056307,1514.54,3251.57,1.5358043896475175,0.30891183487508717,1.4725100924734926,0.037697618474394366,-1.723937493016883,0.13108934157908014,0.3370310052250534,0.0,1.0658141036401503e-14,-1.1102230246251565e-16,0,1,0,0,0,0,7.32352709007894,8.087200732061293
1.7010000044763178,0.16514038439130796,0.27065516523824795,-0.9294375491056307,1754.36,3543.3,1.8637980480431422,0.16078607169717263,1.6985064078598524,0.24218597479010115,-0.8056780320747473,-0.04421523933455195,0.1428296726014782,0.0,1.0658141036401503e-14,-1.1102230246251565e-16,0,1,0,0,0,0,7.470429243069181,8.17309595825522
1.7010000044763178,0.455984643468537,0.27065516523824795,-0.9294375491056307,1680.21,3725.27,1.7114772001836034,0.3009905312670902,1.7361724604242457,0.0056054121005934075,-0.6282648453534431,-0.2195198202481835,-0.05137166002209593,0.0,1.0658141036401503e-14,-1.1102230246251565e-16,0,1,0,0,0,0,7.427269051245558,8.223163012304278
-1.6443000043271032,-1.5799251700720662,-0.6064412525926522,0.6800408900632446,495.41,1009.64,-1.193391237141808,-1.504674547613136,-1.6161062178067542,,,-1.2129124454254296,-1.216579655763545,0.0,1.0658141036401503e-14,-1.1102230246251565e-16,0,0,1,0,0,0,6.207402198171863,6.918339072521782
-1.6443000043271032,-1.2890809109948371,-0.6064412525926522,0.6800408900632446,431.15,1018.22,-1.2802524769305965,-1.4821916396828492,-1.6914383229355408,,,-1.2129124454254296,-1.216579655763545,0.0,1.0658141036401503e-14,-1.1102230246251565e-16,0,0,1,0,0,0,6.068772750198647,6.926792907859275
-1.6443000043271032,-0.9982366519176081,-0.6064412525926522,0.6800408900632446,471.73,1073.52,-1.2468693120241203,-1.474767051482615,-1.6537722703711475,,,-1.2129124454254296,-1.216579655763545,0.0,1.0658141036401503e-14,-1.1102230246251565e-16,0,0,1,0,0,0,6.158524400985275,6.979629329217855
-1.6443000043271032,-0.7073923928403791,-0.6064412525926522,0.6800408900632446,478.93,1128.02,-1.2134406393952788,-1.4064556114572193,-1.6161062178067542,,,-1.2129124454254296,-1.216579655763545,0.0,1.0658141036401503e-14,-1.1102230246251565e-16,0,0,1,0,0,0,6.173640259933888,7.029105278784608
-1.6443000043271032,-0.4165481337631501,-0.6064412525926522,0.6800408900632446,477.36,1161.54,-1.2187325373960332,-1.3239485679363057,-1.6161062178067542,,,-1.2129124454254296,-1.216579655763545,0.0,1.0658141036401503e-14,-1.1102230246251565e-16,0,0,1,0,0,0,6.170363587100606,7.0583625454717
-1.6443000043271032,-0.12570387468592106,-0.6064412525926522,0.6800408900632446,467.09,1065.16,-1.265800524528046,-1.3439217559115837,-1.6161062178067542,,,-1.2129124454254296,-1.216579655763545,0.0,1.0658141036401503e-14,-1.1102230246251565e-16,0,0,1,0,0,0,6.148660585121201,6.971818687271472
-1.6443000043271032,0.16514038439130796,-0.6064412525926522,0.6800408900632446,466.2,1022.14,-1.2302719955672103,-1.3528103474189066,-1.6161062178067542,,,-1.2129124454254296,-1.216579655763545,0.0,1.0658141036401503e-14,-1.1102230246251565e-16,0,0,1,0,0,0,6.146757431514017,6.930631608983108
-1.6443000043271032,0.455984643468537,-0.6064412525926522,0.6800408900632446,469.34,1091.54,-1.1782176622846092,-1.3202885596685843,-1.578440165242361,,,-1.2129124454254296,-1.216579655763545,0.0,1.0658141036401503e-14,-1.1102230246251565e-16,0,0,1,0,0,0,6.153455837428686,6.996260539571807
-1.6443000043271032,0.7468289025457661,-0.6064412525926522,0.6800408900632446,477.92,1134.28,-1.1518816932415457,-1.3849922772586547,-1.578440165242361,,,-1.2129124454254296,-1.216579655763545,0.0,1.0658141036401503e-14,-1.1102230246251565e-16,0,0,1,0,0,0,6.171533568848643,7.034634595526282
-1.6443000043271032,1.037673161622995,-0.6064412525926522,0.6800408900632446,477.57,1124.05,-1.1854793945534572,-1.405017751066329,-1.578440165242361,,,-1.2129124454254296,-1.216579655763545,0.0,1.0658141036401503e-14,-1.1102230246251565e-16,0,0,1,0,0,0,6.170802490684717,7.02558275809534
-1.6443000043271032,1.3285174207002242,-0.6064412525926522,0.6800408900632446,490.91,1027.04,-1.0896011246331636,-1.2441342447837869,-1.5407741126779677,,,-1.2129124454254296,-1.216579655763545,0.0,1.0658141036401503e-14,-1.1102230246251565e-16,0,0,1,0,0,0,6.198295772929887,6.9354093557639525
-1.6443000043271032,1.619361679777453,-0.6064412525926522,0.6800408900632446,490.81,1013.33,-1.2393020279051057,-1.2855969098738276,-1.578440165242361,,,-1.2129124454254296,-1.216579655763545,0.0,1.0658141036401503e-14,-1.1102230246251565e-16,0,0,1,0,0,0,6.19809246304426,6.921983574992768
-1.4682315828111336,-1.5799251700720662,-0.6064412525926522,0.6800408900632446,555.96,1068.83,-1.197369912297166,-1.3393728884931302,-1.5031080601135745,0.011175133867947312,-0.13189784162548612,-1.2129124454254296,-1.216579655763545,0.0,1.0658141036401503e-14,-1.1102230246251565e-16,0,0,1,0,0,0,6.322493424063129,6.975255036328752
-1.4682315828111336,-1.2890809109948371,-0.6064412525926522,0.6800408900632446,472.6,1062.59,-1.2225486849715153,-1.423866793645093,-1.6161062178067542,-0.058048550954879534,-0.19038570537976227,-1.2129124454254296,-1.216579655763545,0.0,1.0658141036401503e-14,-1.1102230246251565e-16,0,0,1,0,0,0,6.160363083569796,6.969405257293826
-1.4682315828111336,-0.9982366519176081,-0.6064412525926522,0.6800408900632446,527.18,1124.56,-1.253857997958777,-1.3530194907484905,-1.578440165242361,-0.0010252090510183569,-0.1751788608036505,-1.2129124454254296,-1.216579655763545,0.0,1.0658141036401503e-14,-1.1102230246251565e-16,0,0,1,0,0,0,6.26943713470087,7.026035968566038
-1.4682315828111336,-0.7073923928403791,-0.6064412525926522,0.6800408900632446,533.04,1239.46,-1.106016410200613,-1.2022532930345777,-1.4654420075491812,-0.013225551969983979,0.024849633235973962,-1.2129124454254296,-1.216579655763545,0.0,1.0658141036401503e-14,-1.1102230246251565e-16,0,0,1,0,0,0,6.280470742521894,7.123237557549498
-1.4682315828111336,-0.4165481337631501,-0.6064412525926522,0.6800408900632446,533.47,1257.16,-1.1140907803688396,-1.3078706744745305,-1.5031080601135745,-0.0012904338970828218,-0.03948701689372981,-1.2129124454254296,-1.216579655763545,0.0,1.0658141036401503e-14,-1.1102230246251565e-16,0,0,1,0,0,0,6.281275601668206,7.13740561518247
-1.4682315828111336,-0.12570387468592106,-0.6064412525926522,0.6800408900632446,521.69,1136.56,-1.1368576437578322,-1.1931294152814729,-1.5407741126779677,-0.0028817829734696584,-0.09914463792309149,-1.2129124454254296,-1.216579655763545,0.0,1.0658141036401503e-14,-1.1102230246251565e-16,0,0,1,0,0,0,6.258988554102924,7.036640896686765
-1.4682315828111336,0.16514038439130796,-0.6064412525926522,0.6800408900632446,526.72,1164.77,-1.1387039570652207,-1.296498505928397,-1.5407741126779677,0.03133222216884707,0.18354670355590985,-1.2129124454254296,-1.216579655763545,0.0,1.0658141036401503e-14,-1.1102230246251565e-16,0,0,1,0,0,0,6.268565840015576,7.061137091878384
-1.4682315828111336,0.455984643468537,-0.6064412525926522,0.6800408900632446,540.71,1238.62,-1.050568501050207,-1.2493366851071905,-1.4654420075491812,0.09047736284122401,0.16483058715454152,-1.2129124454254296,-1.216579655763545,0.0,1.0658141036401503e-14,-1.1102230246251565e-16,0,0,1,0,0,0,6.294730802895899,7.122560160020289
-1.4682315828111336,0.7468289025457661,-0.6064412525926522,0.6800408900632446,570.84,1483.4,-1.0051127875105612,-1.1915869832257902,-1.3524438498560014,0.20266747272649507,0.8397805348788883,-1.2129124454254296,-1.216579655763545,0.0,1.0658141036401503e-14,-1.1102230246251565e-16,0,0,1,0,0,0,6.348859231971063,7.302765929186442
-1.4682315828111336,1.037673161622995,-0.6064412525926522,0.6800408900632446,549.18,1647.95,-0.9773985845901507,-1.260473567407542,-1.314777797291608,0.08464241622780565,1.457022457032349,-1.2129124454254296,-1.216579655763545,0.0,1.0658141036401503e-14,-1.1102230246251565e-16,0,0,1,0,0,0,6.310245497411752,7.407894000692982
-1.4682315828111336,1.3285174207002242,-0.6064412525926522,0.6800408900632446,622.03,1515.05,-0.6917206068909727,-0.9333472570218654,-1.2394456921628219,0.3954859358153652,1.4925050943766103,-1.2129124454254296,-1.216579655763545,0.0,1.0658141036401503e-14,-1.1102230246251565e-16,0,0,1,0,0,0,6.43459467172118,7.323863547188782
-1.4682315828111336,1.619361679777453,-0.6064412525926522,0.6800408900632446,615.43,1497.87,-0.7705399820275098,-1.043618077545064,-1.2394456921628219,0.360476256134855,1.5042026671274653,-1.2129124454254296,-1.216579655763545,0.0,1.0658141036401503e-14,-1.1102230246251565e-16,0,0,1,0,0,0,6.4239447719566325,7.3124667698588235
-1.2921631612951643,-1.5799251700720662,-0.6064412525926522,0.6800408900632446,625.2,1544.53,-0.7149620508132029,-0.9424972776911683,-1.2017796395984286,0.017275305327430098,1.3751394477763625,-1.2129124454254296,-1.216579655763545,0.0,1.0658141036401503e-14,-1.1102230246251565e-16,0,0,1,0,0,0,6.4396698088923054,7.343122172577565
-1.2921631612951643,-1.2890809109948371,-0.6064412525926522,0.6800408900632446,499.48,1508.72,-0.7127451746236979,-0.915543931091022,-1.2771117447272147,-0.16201669061215196,1.276879836669179,-1.2129124454254296,-1.216579655763545,0.0,1.0658141036401503e-14,-1.1102230246251565e-16,0,0,1,0,0,0,6.215567637916892,7.31967948215104
-1.2921631612951643,-0.9982366519176081,-0.6064412525926522,0.6800408900632446,624.34,1550.71,-0.6352845300549226,-0.9178706506326444,-1.2017796395984286,0.1758797632739835,1.1170130090741572,-1.2129124454254296,-1.216579655763545,0.0,1.0658141036401503e-14,-1.1102230246251565e-16,0,0,1,0,0,0,6.438295501822043,7.3471128276133655
-1.2921631612951643,-0.7073923928403791,-0.6064412525926522,0.6800408900632446,501.9,1602.02,-0.4175495818469972,-0.28560422238381694,-1.126447534469642,-0.46782093812448655,0.7801229138495266,-1.2129124454254296,-1.216579655763545,0.0,1.0658141036401503e-14,-1.1102230246251565e-16,0,0,1,0,0,0,6.220391343177919,7.379644629138084
-1.2921631612951643,-0.4165481337631501,-0.6064412525926522,0.6800408900632446,556.2,1770.27,-0.15041275046004332,0.055613119832585704,-0.9381172716476756,-0.19994384359937128,1.2308693838491482,-1.2129124454254296,-1.216579655763545,0.0,1.0658141036401503e-14,-1.1102230246251565e-16,0,0,1,0,0,0,6.322924241905651,7.479452082401975
-1.2921631612951643,-0.12570387468592106,-0.6064412525926522,0.6800408900632446,650.98,1725.6,-0.1311434805899759,0.009575444407893572,-0.9004512190832823,0.34429754052492234,1.6605602228972298,-1.2129124454254296,-1.216579655763545,0.0,1.0658141036401503e-14,-1.1102230246251565e-16,0,0,1,0,0,0,6.4800138866095445,7.453909435801422
-1.2921631612951643,0.16514038439130796,-0.6064412525926522,0.6800408900632446,572.57,1547.21,-0.13203413172769488,-0.06263129013100531,-0.9757833242120688,-0.08191878710068184,0.9197139486763989,-1.2129124454254296,-1.216579655763545,0.0,1.0658141036401503e-14,-1.1102230246251565e-16,0,0,1,0,0,0,6.351879986662422,7.344854703863563
-1.2921631612951643,0.455984643468537,-0.6064412525926522,0.6800408900632446,552.49,1791.18,-0.14996417433958598,-0.06014771309219442,-0.9381172716476756,-0.25511061158078113,1.3790386386933142,-1.2129124454254296,-1.216579655763545,0.0,1.0658141036401503e-14,-1.1102230246251565e-16,0,0,1,0,0,0,6.316243685138149,7.491188034919043
-1.2921631612951643,0.7468289025457661,-0.6064412525926522,0.6800408900632446,613.66,1958.95,-0.29505579544625277,-0.22113579103952857,-0.9004512190832823,-0.1140109934744828,0.8896901786158706,-1.2129124454254296,-1.216579655763545,0.0,1.0658141036401503e-14,-1.1102230246251565e-16,0,0,1,0,0,0,6.421069269402627,7.580674241695091
-1.2921631612951643,1.037673161622995,-0.6064412525926522,0.6800408900632446,608.45,1791.64,-0.41371393096193004,-0.41888080916126263,-0.9757833242120688,-0.026752019119272018,-0.020380981400666263,-1.2129124454254296,-1.216579655763545,0.0,1.0658141036401503e-14,-1.1102230246251565e-16,0,0,1,0,0,0,6.412556911101846,7.4914446726316894
-1.2921631612951643,1.3285174207002242,-0.6064412525926522,0.6800408900632446,669.19,1590.65,-0.38350330441462815,-0.20375075176785348,-0.9757833242120688,-0.11188919470596705,-0.1658208026029663,-1.2129124454254296,-1.216579655763545,0.0,1.0658141036401503e-14,-1.1102230246251565e-16,0,0,1,0,0,0,6.507561254272764,7.372526492987709
-1.2921631612951643,1.619361679777453,-0.6064412525926522,0.6800408900632446,646.93,1417.84,-0.4121146595759528,-0.4232728190825282,-1.0511154293408553,-0.1771345068378268,-0.5686072243240814,-1.2129124454254296,-1.216579655763545,0.0,1.0658141036401503e-14,-1.1102230246251565e-16,0,0,1,0,0,0,6.473782665825829,7.257594915341075
-1.1160947397791947,-1.5799251700720662,-0.6064412525926522,0.6800408900632446,634.67,1431.58,-0.3062311918385081,-0.06791215920300292,-0.9757833242120688,-0.2726154514210362,-0.6454212853880307,-0.979173004207254,-1.1518458782223537,0.0,1.0658141036401503e-14,-1.1102230246251565e-16,0,0,1,0,0,0,6.45467956075705,7.26723229345188
-1.1160947397791947,-1.2890809109948371,-0.6064412525926522,0.6800408900632446,533.06,1436.41,-0.401160300692328,-0.5501966772238578,-1.126447534469642,-0.1346985314675115,-0.5471616742808467,-0.8038684232936224,-1.1518458782223537,0.0,1.0658141036401503e-14,-1.1102230246251565e-16,0,0,1,0,0,0,6.280508192198895,7.2705981620158475
-1.1160947397791947,-0.9982366519176081,-0.6064412525926522,0.6800408900632446,692.09,1514.32,-0.40160887681278473,-0.5551899742176776,-1.0887814819052488,-0.02516067004288518,-0.4520214159072242,-0.6285638423799909,-1.087112100681162,0.0,1.0658141036401503e-14,-1.1102230246251565e-16,0,0,1,0,0,0,6.541159860887378,7.323381916761541
-1.1160947397791947,-0.7073923928403791,-0.6064412525926522,0.6800408900632446,556.09,1640.3,-0.5717232441171197,-0.49665598485033696,-1.126447534469642,-0.026486794273207506,-0.2671997664437116,-0.45325926146635875,-1.0223783231399706,0.0,1.0658141036401503e-14,-1.1102230246251565e-16,0,0,1,0,0,0,6.32272680676694,7.40324388973789
-1.1160947397791947,-0.4165481337631501,-0.6064412525926522,0.6800408900632446,482.7,1710.1,-0.6665288320102337,-0.8445397706972316,-1.2017796395984286,-0.6632916496740013,-0.49296292053521756,-0.2195198202481835,-0.9576445455987785,0.0,1.0658141036401503e-14,-1.1102230246251565e-16,0,0,1,0,0,0,6.181464879828938,7.444891717537924
-1.1160947397791947,-0.12570387468592106,-0.6064412525926522,0.6800408900632446,504.14,1586.1,-0.7088510138098755,-0.9620521790072785,-1.2771117447272147,-0.9112768807442814,-0.6754450554485592,-0.04421523933455195,-0.9576445455987785,0.0,1.0658141036401503e-14,-1.1102230246251565e-16,0,0,1,0,0,0,6.224835618577628,7.369663730513513
-1.1160947397791947,0.16514038439130796,-0.6064412525926522,0.6800408900632446,435.81,1426.13,-0.7978446154466334,-1.0719308557875067,-1.3901099024203947,-0.9465517852708558,-0.6656970781561798,0.13108934157908014,-0.8929107680575872,0.0,1.0658141036401503e-14,-1.1102230246251565e-16,0,0,1,0,0,0,6.079498317941531,7.263420713537696
-1.1160947397791947,0.455984643468537,-0.6064412525926522,0.6800408900632446,407.41,1644.24,-0.9568550984938575,-1.270329446814191,-1.4654420075491812,-1.0094100737881355,-0.6801240845489012,0.3648287827972559,-0.8281769905163958,0.0,1.0658141036401503e-14,-1.1102230246251565e-16,0,0,1,0,0,0,6.012271571788975,7.405641549214125
-1.1160947397791947,0.7468289025457661,-0.6064412525926522,0.6800408900632446,444.31,1727.61,-0.8664247530509986,-1.3999721682401134,-1.3901099024203947,-1.0449502031607745,-0.8208848766508591,0.5401333637108869,-0.8281769905163958,0.0,1.0658141036401503e-14,-1.1102230246251565e-16,0,0,1,0,0,0,6.098770668846224,7.455072896330151
-1.1160947397791947,1.037673161622995,-0.6064412525926522,0.6800408900632446,445.22,1659.67,-0.9528374167193298,-1.4350036759454445,-1.427775954984788,-1.0245278900138102,-0.6477607999382018,0.715437944624519,-0.7634432129752039,0.0,1.0658141036401503e-14,-1.1102230246251565e-16,0,0,1,0,0,0,6.100812103943264,7.414976414378016
-1.1160947397791947,1.3285174207002242,-0.6064412525926522,0.6800408900632446,564.18,1559.81,-0.787670388946412,-1.3701953866905823,-1.2771117447272147,-0.72906741149799,-0.43603473314772206,0.89074252553815,-0.6987094354340125,0.0,1.0658141036401503e-14,-1.1102230246251565e-16,0,0,1,0,0,0,6.337144264480108,7.352960196259161
-1.1160947397791947,1.619361679777453,-0.6064412525926522,0.6800408900632446,610.1,1565.58,-0.885590005269945,-1.4317358114206935,-1.2771117447272147,-0.4638425654335195,0.04590526418751334,1.0660471064517822,-0.6987094354340125,0.0,1.0658141036401503e-14,-1.1102230246251565e-16,0,0,1,0,0,0,6.4152606119008695,7.356650178350944
-0.9400263182632251,-1.5799251700720662,-0.6064412525926522,0.6800408900632446,585.69,1698.15,-0.7528114736146643,-1.3395820318227147,-1.2017796395984286,-0.517683209184607,0.3656389193775563,1.0660471064517822,-0.6987094354340125,0.0,1.0658141036401503e-14,-1.1102230246251565e-16,0,0,1,0,0,0,6.374496571300447,7.4378834050026255
-0.9400263182632251,-1.2890809109948371,-0.6064412525926522,0.6800408900632446,638.1,1867.7,-0.7233744783475713,-1.421383216606282,-1.0887814819052488,0.20982854357023575,0.8105366030017502,1.0660471064517822,-0.6987094354340125,0.0,1.0658141036401503e-14,-1.1102230246251565e-16,0,0,1,0,0,0,6.4600609366562365,7.53299828092821
-0.9400263182632251,-0.9982366519176081,-0.6064412525926522,0.6800408900632446,692.64,1993.93,-0.5451597364622297,-1.0392522105399966,-0.9381172716476756,-0.31080782925432,0.8744833340397588,1.0660471064517822,-0.6987094354340125,0.0,1.0658141036401503e-14,-1.1102230246251565e-16,0,0,1,0,0,0,6.541953093930348,7.598364240989077
-0.9400263182632251,-0.7073923928403791,-0.6064412525926522,0.6800408900632446,750.0,1923.75,-0.46816067022030144,-0.483375383421749,-0.8251191139544957,0.611909410203973,0.31338976109040295,1.0660471064517822,-0.6339756578928205,0.0,1.0658141036401503e-14,-1.1102230246251565e-16,0,0,1,0,0,0,6.621405651764134,7.562551368158159
-0.9400263182632251,-0.4165481337631501,-0.6064412525926522,0.6800408900632446,760.0,2029.85,-0.2151897426953161,0.0017848553808870887,-0.7121209562613162,1.2107871126175478,0.3687582721111176,1.0660471064517822,-0.5692418803516291,0.0,1.0658141036401503e-14,-1.1102230246251565e-16,0,0,1,0,0,0,6.634633357861686,7.616209703609229
-0.9400263182632251,-0.12570387468592106,-0.6064412525926522,0.6800408900632446,810.12,2000.44,-0.38229409922035235,-0.28672836778033145,-0.8251191139544957,1.2967199627424362,0.6580782381489371,1.0660471064517822,-0.5045081028104378,0.0,1.0658141036401503e-14,-1.1102230246251565e-16,0,0,1,0,0,0,6.698416008644324,7.601622200466431
-0.9400263182632251,0.16514038439130796,-0.6064412525926522,0.6800408900632446,867.39,1800.0,-0.2818195493411731,-0.37025498503296767,-0.8251191139544957,2.313592022553616,0.6619774290658887,1.0660471064517822,-0.3750405477280545,0.0,1.0658141036401503e-14,-1.1102230246251565e-16,0,0,1,0,0,0,6.766640922507157,7.496097345175956
-0.9400263182632251,0.455984643468537,-0.6064412525926522,0.6800408900632446,859.98,1759.0,-0.1836138844770584,-0.7567518581043203,-0.7497870088257096,2.633187962061303,-0.0882269033556266,1.0660471064517822,-0.1808392151044798,0.0,1.0658141036401503e-14,-1.1102230246251565e-16,0,0,1,0,0,0,6.758071275354221,7.473069088032197
-0.9400263182632251,0.7468289025457661,-0.6064412525926522,0.6800408900632446,721.07,1778.1,-0.28116943902167013,-0.3317203265571036,-0.9004512190832823,1.3391559381127514,-0.24653405458386737,1.0660471064517822,-0.11610543756328845,0.0,1.0658141036401503e-14,-1.1102230246251565e-16,0,0,1,0,0,0,6.5821220871017845,7.48386289744073
-0.9400263182632251,1.037673161622995,-0.6064412525926522,0.6800408900632446,695.34,1890.0,-0.445322294696163,-0.559817270384725,-0.9757833242120688,1.1771035571673598,0.18081726991404368,1.0660471064517822,0.013362117519095442,0.0,1.0658141036401503e-14,-1.1102230246251565e-16,0,0,1,0,0,0,6.545838046801458,7.544861068658458
-0.9400263182632251,1.3285174207002242,-0.6064412525926522,0.6800408900632446,677.0,1674.0,-0.3070438297378868,0.04214951799061126,-0.9004512190832823,0.2175200641061054,-0.07496965423799068,1.0660471064517822,0.1428296726014782,0.0,1.0658141036401503e-14,-1.1102230246251565e-16,0,0,1,0,0,0,6.519147287940395,7.423568444259167
-0.9400263182632251,1.619361679777453,-0.6064412525926522,0.6800408900632446,637.0,1615.0,-0.2170230537963148,0.25097913258030086,-0.862785166518889,-0.19596547090840422,-0.2371759963831832,1.0660471064517822,0.20756345014266955,0.0,1.0658141036401503e-14,-1.1102230246251565e-16,0,0,1,0,0,0,6.45833828334479,7.38770923908104
-0.7639578967472556,-1.5799251700720662,-0.6064412525926522,0.6800408900632446,586.0,1442.0,-0.21835577995129596,0.21186932994808053,-0.9381172716476756,-0.31160350379251334,-0.9483884196351812,1.0660471064517822,0.3370310052250534,0.0,1.0658141036401503e-14,-1.1102230246251565e-16,0,0,1,0,0,0,6.375024819828097,7.274479558773871
-0.7639578967472556,-1.2890809109948371,-0.6064412525926522,0.6800408900632446,584.0,1500.0,-0.3595532402441397,0.03496021603615901,-0.9757833242120688,-0.5378402974855068,-1.1281411209066565,1.0660471064517822,0.4664985603074362,0.0,1.0658141036401503e-14,-1.1102230246251565e-16,0,0,1,0,0,0,6.371611847231857,7.313886831633462
-0.7639578967472556,-0.9982366519176081,-0.6064412525926522,0.6800408900632446,734.92,1575.0,-0.4011798040019129,0.0992456469670615,-0.9757833242120688,-0.1511424719235087,-1.1796104410104196,1.0660471064517822,0.59596611538982,0.0,1.0658141036401503e-14,-1.1102230246251565e-16,0,0,1,0,0,0,6.601121417168902,7.362645270417825
-0.7639578967472556,-0.7073923928403791,-0.6064412525926522,0.6800408900632446,813.0,2075.0,0.15293522572322488,0.14632903903967417,-0.674454903696923,-0.09014075732868045,-0.053914023286451264,1.0660471064517822,0.6606998929310114,0.0,1.0658141036401503e-14,-1.1102230246251565e-16,0,0,1,0,0,0,6.70196036600254,7.638198244285779
-0.7639578967472556,-0.4165481337631501,-0.6064412525926522,0.6800408900632446,1121.0,2583.0,0.4550609945058269,0.12949300100815678,-0.37312648318177666,0.9468883907833995,0.7021390955104917,1.0660471064517822,0.7901674480133942,0.0,1.0658141036401503e-14,-1.1102230246251565e-16,0,0,1,0,0,0,7.022868086082641,7.857093864902493
-0.7639578967472556,-0.12570387468592106,-0.6064412525926522,0.6800408900632446,1000.0,2400.0,0.728165838625818,0.15140076478208792,-0.37312648318177666,0.3087574111522833,0.41827799675640476,1.0660471064517822,0.9196350030957781,0.0,1.0658141036401503e-14,-1.1102230246251565e-16,0,0,1,0,0,0,6.90875477931522,7.783640596221253
-0.7639578967472556,0.16514038439130796,-0.6064412525926522,0.6800408900632446,874.27,2167.0,1.007856300282374,0.13848616418027174,-0.3354604306173834,-0.29197686518374255,0.43465459860760214,1.0660471064517822,0.9196350030957781,0.0,1.0658141036401503e-14,-1.1102230246251565e-16,0,0,1,0,0,0,6.774532410187814,7.681560362559537
-0.7639578967472556,0.455984643468537,-0.6064412525926522,0.6800408900632446,825.0,2000.21,1.3205918694792638,-0.154026925159242,-0.14713016779541738,-0.42087614037107524,0.1741886453552257,1.0660471064517822,0.9196350030957781,0.0,1.0658141036401503e-14,-1.1102230246251565e-16,0,0,1,0,0,0,6.716594773520978,7.601507276603364
-0.7639578967472556,0.7468289025457661,-0.6064412525926522,0.6800408900632446,775.0,1775.0,0.9741480802161461,-0.2934732401594174,-0.41079253574617,-0.11454144316661174,-0.36701905391767625,1.0660471064517822,0.9843687806369694,0.0,1.0658141036401503e-14,-1.1102230246251565e-16,0,0,1,0,0,0,6.654152520183219,7.4821189235521155
-0.7639578967472556,1.037673161622995,-0.6064412525926522,0.6800408900632446,608.0,1733.0,1.043300314901674,-0.3483733641752345,-0.5614567460037431,-0.6460520346798108,-0.6844131945575481,1.0660471064517822,0.9843687806369694,0.0,1.0658141036401503e-14,-1.1102230246251565e-16,0,0,1,0,0,0,6.411818267709897,7.458186157340487
-0.7639578967472556,1.3285174207002242,-0.6064412525926522,0.6800408900632446,680.0,1744.0,0.5225359445670372,0.10277494065379236,-0.7121209562613162,-0.30125973479599905,-0.19740424903027542,1.0660471064517822,0.9843687806369694,0.0,1.0658141036401503e-14,-1.1102230246251565e-16,0,0,1,0,0,0,6.523562306149512,7.4645098346365275
-0.7639578967472556,1.619361679777453,-0.6064412525926522,0.6800408900632446,692.0,1784.0,0.44019297149879466,0.3066896869982561,-0.6367888511325297,-0.08404058586919762,0.04746494055429407,1.0660471064517822,1.0491025581781608,0.0,1.0658141036401503e-14,-1.1102230246251565e-16,0,0,1,0,0,0,6.541029999189903,7.487173694213739
-0.5878894752312861,-1.5799251700720662,-0.6064412525926522,0.6800408900632446,675.0,2000.0,0.2206572177058464,0.22211735309769992,-0.7121209562613162,0.08994691314909503,1.1485964555014663,1.0660471064517822,1.0491025581781608,0.0,1.0658141036401503e-14,-1.1102230246251565e-16,0,0,1,0,0,0,6.516193076042964,7.601402334583733
-0.5878894752312861,-1.2890809109948371,-0.6064412525926522,0.6800408900632446,715.0,2166.0,0.2770152813035562,0.300284672529744,-0.5614567460037431,0.2819697016997717,1.3708503377677157,1.0660471064517822,1.0491025581781608,0.0,1.0658141036401503e-14,-1.1102230246251565e-16,0,0,1,0,0,0,6.573680166960646,7.681099001536359
-0.5878894752312861,-0.9982366519176081,-0.6064412525926522,0.6800408900632446,790.0,2220.0,0.09956766959522825,0.15550520262517503,-0.44845858831056323,-0.1140109934744828,1.2363282511328806,1.0660471064517822,1.0491025581781608,0.0,1.0658141036401503e-14,-1.1102230246251565e-16,0,0,1,0,0,0,6.673297967767654,7.7057128238944275
-0.5878894752312861,-0.7073923928403791,-0.6064412525926522,0.6800408900632446,711.8,2291.8,0.17937521241740959,0.17328238563982049,-0.5237906934393498,-0.6431345613731017,0.047075021462598836,1.0660471064517822,1.0491025581781608,0.0,1.0658141036401503e-14,-1.1102230246251565e-16,0,0,1,0,0,0,6.569200876156599,7.737529057073908
-0.5878894752312861,-0.4165481337631501,-0.6064412525926522,0.6800408900632446,608.3,2264.5,0.274570866502225,0.29440251638519216,-0.44845858831056323,-1.526068073921724,-0.8411606694190082,1.0660471064517822,1.0491025581781608,0.0,1.0658141036401503e-14,-1.1102230246251565e-16,0,0,1,0,0,0,6.412310757254448,7.725550764107193
-0.5878894752312861,-0.12570387468592106,-0.6064412525926522,0.6800408900632446,639.95,2220.0,0.058168644449280715,0.20172587846325366,-0.48612464087495655,-1.2677390738549297,-0.652829748130239,1.0660471064517822,1.0491025581781608,0.0,1.0658141036401503e-14,-1.1102230246251565e-16,0,0,1,0,0,0,6.462951450758144,7.7057128238944275
-0.5878894752312861,0.16514038439130796,-0.6064412525926522,0.6800408900632446,603.0,1706.6,-0.013831073435670124,0.42841110481618205,-0.674454903696923,-1.1359223253608879,-1.1889684992111036,1.0660471064517822,1.0491025581781608,0.0,1.0658141036401503e-14,-1.1102230246251565e-16,0,0,1,0,0,0,6.403574197934815,7.442844154883807
-0.5878894752312861,0.455984643468537,-0.6064412525926522,0.6800408900632446,606.25,1794.47,-0.17374520982700353,0.3162579943267273,-0.6367888511325297,-1.0163059197858118,-0.7616171747131926,1.0660471064517822,1.0491025581781608,0.0,1.0658141036401503e-14,-1.1102230246251565e-16,0,0,1,0,0,0,6.408940567882282,7.493022105088789
-0.5878894752312861,0.7468289025457661,-0.6064412525926522,0.6800408900632446,625.0,1870.16,0.06737420657344229,0.5805105912561938,-0.48612464087495655,-0.8261397051575863,-0.15139379621024485,1.0660471064517822,1.0491025581781608,0.0,1.0658141036401503e-14,-1.1102230246251565e-16,0,0,1,0,0,0,6.439350371100098,7.5343138383847945
-0.5878894752312861,1.037673161622995,-0.6064412525926522,0.6800408900632446,772.0,2053.53,0.23839872832508166,0.5601452595379455,-0.41079253574617,0.40238178181304135,0.3609598902772142,1.0660471064517822,1.0491025581781608,0.0,1.0658141036401503e-14,-1.1102230246251565e-16,0,0,1,0,0,0,6.650279048587422,7.627802390309822
-0.5878894752312861,1.3285174207002242,-0.6064412525926522,0.6800408900632446,850.0,2150.0,0.2808249277758432,0.37487041244266184,-0.5237906934393498,0.35013248713834066,0.5473412161075075,1.0660471064517822,1.0491025581781608,0.0,1.0658141036401503e-14,-1.1102230246251565e-16,0,0,1,0,0,0,6.7464121285733745,7.67368812926773
-0.5878894752312861,1.619361679777453,-0.6064412525926522,0.6800408900632446,809.73,1867.0,0.45053622668208637,0.22339835599140234,-0.44845858831056323,0.13821783513282873,-0.1790780517206022,1.0660471064517822,1.0491025581781608,0.0,1.0658141036401503e-14,-1.1102230246251565e-16,0,0,1,0,0,0,6.697935076366349,7.532623618788788
-0.4118210537153165,-1.5799251700720662,-0.6064412525926522,0.6800408900632446,773.21,2000.0,0.4400369450221141,0.12478727609251543,-0.48612464087495655,0.07297252300096896,-0.3603904293588583,1.0660471064517822,1.0491025581781608,0.0,1.0658141036401503e-14,-1.1102230246251565e-16,0,0,1,0,0,0,6.651843154619159,7.601402334583733
-0.4118210537153165,-1.2890809109948371,-0.6064412525926522,0.6800408900632446,734.82,2150.0,0.2289526253827035,0.10630423434052381,-0.5991227985681364,-0.2394623456629774,-0.3892444421443012,1.0660471064517822,1.0491025581781608,0.0,1.0658141036401503e-14,-1.1102230246251565e-16,0,0,1,0,0,0,6.600985523600535,7.67368812926773
-0.4118210537153165,-0.9982366519176081,-0.6064412525926522,0.6800408900632446,700.0,2150.0,0.31524176809032933,0.09487977996199394,-0.48612464087495655,-0.6150207276902676,-0.4832149432428382,1.0660471064517822,1.0491025581781608,0.0,1.0658141036401503e-14,-1.1102230246251565e-16,0,0,1,0,0,0,6.55250788703459,7.67368812926773
-0.4118210537153165,-0.7073923928403791,-0.6064412525926522,0.6800408900632446,930.0,2030.0,0.47678768138361527,0.37139340458832637,-0.2977943780529905,0.49998452516476655,-0.8056780320747473,1.0660471064517822,1.0491025581781608,0.0,1.0658141036401503e-14,-1.1102230246251565e-16,0,0,1,0,0,0,6.836259277277067,7.616283561580385
-0.4118210537153165,-0.4165481337631501,-0.6064412525926522,0.6800408900632446,1150.0,2375.0,0.5851870760575357,0.683801253154524,0.003534042462155777,2.0488976261812746,-0.17010991261161323,1.0660471064517822,1.0491025581781608,0.0,1.0658141036401503e-14,-1.1102230246251565e-16,0,0,1,0,0,0,7.048386408721883,7.773173680482536
-0.4118210537153165,-0.12570387468592106,-0.6064412525926522,0.6800408900632446,1067.0,2433.0,0.755164920194775,0.5485900905784257,-0.0717980626666308,1.4569157697653765,0.01354197957681387,1.0660471064517822,1.0491025581781608,0.0,1.0658141036401503e-14,-1.1102230246251565e-16,0,0,1,0,0,0,6.97354301952014,7.797291273547472
-0.4118210537153165,0.16514038439130796,-0.6064412525926522,0.6800408900632446,856.07,1984.13,0.4534877275326297,0.3943991708425734,-0.41079253574617,0.8002190509097472,0.27361801373749517,1.0660471064517822,1.0491025581781608,0.0,1.0658141036401503e-14,-1.1102230246251565e-16,0,0,1,0,0,0,6.7535195955421745,7.593439682160716
-0.4118210537153165,0.455984643468537,-0.6064412525926522,0.6800408900632446,800.0,1650.0,0.4185182934465665,0.34830920958548534,-0.44845858831056323,0.5347289799992122,-0.6742752981734736,1.0660471064517822,1.0491025581781608,0.0,1.0658141036401503e-14,-1.1102230246251565e-16,0,0,1,0,0,0,6.68586094706836,7.409136443920128
-0.4118210537153165,0.7468289025457661,-0.6064412525926522,0.6800408900632446,600.0,1600.0,0.13400401321929867,0.300284672529744,-0.674454903696923,-0.4190195664486239,-0.9238235168583852,1.0660471064517822,1.0491025581781608,0.0,1.0658141036401503e-14,-1.1102230246251565e-16,0,0,1,0,0,0,6.398594934535208,7.3783837129967145
-0.4118210537153165,1.037673161622995,-0.6064412525926522,0.6800408900632446,638.0,1575.0,0.2930535028856938,0.6420248730701069,-0.6367888511325297,-0.7733599607907565,-1.2689019130086143,1.0660471064517822,1.0491025581781608,0.0,1.0658141036401503e-14,-1.1102230246251565e-16,0,0,1,0,0,0,6.459904454377535,7.362645270417825
-0.4118210537153165,1.3285174207002242,-0.6064412525926522,0.6800408900632446,600.0,1600.0,0.13317837311353026,0.5107874337561058,-0.7121209562613162,-1.0929559002984437,-1.3578034659151141,1.0660471064517822,1.0491025581781608,0.0,1.0658141036401503e-14,-1.1102230246251565e-16,0,0,1,0,0,0,6.398594934535208,7.3783837129967145
-0.4118210537153165,1.619361679777453,-0.6064412525926522,0.6800408900632446,630.27,1708.67,0.30532758571790947,0.4391297004573657,-0.5614567460037431,-0.9006678869017025,-0.6910418191163661,0.89074252553815,0.9843687806369694,0.0,1.0658141036401503e-14,-1.1102230246251565e-16,0,0,1,0,0,0,6.447733663255986,7.444055648417055
-0.235752632199347,-1.5799251700720662,-0.6064412525926522,0.6800408900632446,746.6,1977.2,0.23806067095893985,0.2632401602771668,-0.48612464087495655,-0.4041669750690136,-0.4048412058121082,0.7738728049290627,0.8549012255545856,0.0,1.0658141036401503e-14,-1.1102230246251565e-16,0,0,1,0,0,0,6.616868075581408,7.589942619305741
-0.235752632199347,-1.2890809109948371,-0.6064412525926522,0.6800408900632446,780.71,2400.68,0.21871338785053215,0.1760535347568092,-0.37312648318177666,-0.14716409923254162,0.09425523155771497,0.5985682240154306,0.7901674480133942,0.0,1.0658141036401503e-14,-1.1102230246251565e-16,0,0,1,0,0,0,6.661483827775904,7.7839237714503104
-0.235752632199347,-0.9982366519176081,-0.6064412525926522,0.6800408900632446,754.57,2408.72,0.3730625799069207,0.14204160078320058,-0.3354604306173834,-0.1060542480925487,0.10868223795043638,0.4232636431017996,0.59596611538982,0.0,1.0658141036401503e-14,-1.1102230246251565e-16,0,0,1,0,0,0,6.627472431292298,7.787265837162368
-0.235752632199347,-0.7073923928403791,-0.6064412525926522,0.6800408900632446,951.87,2340.36,0.277444354114428,0.23720181574395058,-0.18479622035981066,-0.25060178919768517,0.2357958618430632,0.2479590621881675,0.4664985603074362,0.0,1.0658141036401503e-14,-1.1102230246251565e-16,0,0,1,0,0,0,6.859478483016696,7.758487236103623
-0.235752632199347,-0.4165481337631501,-0.6064412525926522,0.6800408900632446,974.6,2340.17,0.40656926577410235,0.3278131632862471,-0.14713016779541738,-0.7173975182711533,-0.4177085358380489,0.07265448127453646,0.27229722768386205,0.0,1.0658141036401503e-14,-1.1102230246251565e-16,0,0,1,0,0,0,6.883052666341765,7.758406083393398
-0.235752632199347,-0.12570387468592106,-0.6064412525926522,0.6800408900632446,1042.56,2604.92,0.45477494596524587,0.42143094619131427,0.003534042462155777,-0.3736661177715995,-0.08471763153037004,-0.10265009963909563,0.07809589506028682,0.0,1.0658141036401503e-14,-1.1102230246251565e-16,0,0,1,0,0,0,6.950393223666371,7.865541058825251
-0.235752632199347,0.16514038439130796,-0.6064412525926522,0.6800408900632446,821.24,2191.2,0.3388927815138464,0.4592336030136342,-0.22246227292420395,-0.42087614037107524,0.046685102370903675,-0.2779546805527272,-0.11610543756328845,0.0,1.0658141036401503e-14,-1.1102230246251565e-16,0,0,1,0,0,0,6.712032323243919,7.692660884781623
-0.235752632199347,0.455984643468537,-0.6064412525926522,0.6800408900632446,760.34,2327.39,0.43880823651825335,0.5449300823107049,-0.18479622035981066,-0.4444811516708131,1.240227442049832,-0.511694121770903,-0.31030677018686253,0.0,1.0658141036401503e-14,-1.1102230246251565e-16,0,0,1,0,0,0,6.635080038636878,7.752932320593649
-0.235752632199347,0.7468289025457661,-0.6064412525926522,0.6800408900632446,868.98,2410.31,0.44986011194980335,0.4790237905755262,-0.18479622035981066,0.8760733568841857,1.6141598509855042,-0.6869987026845346,-0.5692418803516291,0.0,1.0658141036401503e-14,-1.1102230246251565e-16,0,0,1,0,0,0,6.768470222878642,7.787925447269607
-0.235752632199347,1.037673161622995,-0.6064412525926522,0.6800408900632446,969.33,2411.4,0.5781203768845388,0.3139835606175003,-0.14713016779541738,1.06438299758996,1.7100799475425175,-0.9207381439027102,-0.8929107680575872,0.0,1.0658141036401503e-14,-1.1102230246251565e-16,0,0,1,0,0,0,6.877636219825993,7.788377381576832
-0.235752632199347,1.3285174207002242,-0.6064412525926522,0.6800408900632446,1069.96,2436.18,0.5452898057496401,0.6148100973079808,-0.0717980626666308,1.764576591200162,1.6773267438401227,-1.2129124454254296,-1.216579655763545,0.0,1.0658141036401503e-14,-1.1102230246251565e-16,0,0,1,0,0,0,6.976310721477643,7.798596912202477
-0.235752632199347,1.619361679777453,-0.6064412525926522,0.6800408900632446,984.79,2207.48,0.536142753554234,0.6233326879885315,-0.0717980626666308,1.1789601310898112,0.7777833992993556,-1.2129124454254296,-1.216579655763545,0.0,1.0658141036401503e-14,-1.1102230246251565e-16,0,0,1,0,0,0,6.893443350174381,7.700059775075268
-0.05968421068337747,-1.5799251700720662,-0.6064412525926522,0.6800408900632446,902.79,2465.27,0.5906805082573354,0.5893730398473188,-0.03413201010223751,0.24192074994403673,0.6019298889448319,-1.2129124454254296,-1.216579655763545,0.0,1.0658141036401503e-14,-1.1102230246251565e-16,0,0,1,0,0,0,6.806597032521191,7.810462166781896
-0.05968421068337747,-1.2890809109948371,-0.6064412525926522,0.6800408900632446,876.64,2507.87,0.5290305466588715,0.44158713457997867,-0.03413201010223751,0.013031707790398566,-0.18648651446281053,-1.2129124454254296,-1.216579655763545,0.0,1.0658141036401503e-14,-1.1102230246251565e-16,0,0,1,0,0,0,6.77723648677375,7.827587731552556
-0.05968421068337747,-0.9982366519176081,-0.6064412525926522,0.6800408900632446,977.72,2649.84,0.6546448625932301,0.8154569791276929,0.11653220015533564,0.47134024178980377,0.02991858142801119,-1.2129124454254296,-1.216579655763545,0.0,1.0658141036401503e-14,-1.1102230246251565e-16,0,0,1,0,0,0,6.8862455954942545,7.882631849884438
-0.05968421068337747,-0.7073923928403791,-0.6064412525926522,0.6800408900632446,1086.22,2664.98,0.7703644994647538,0.889676718213839,0.1541982527197285,0.06156785462019668,0.18042735082234845,-1.2129124454254296,-1.216579655763545,0.0,1.0658141036401503e-14,-1.1102230246251565e-16,0,0,1,0,0,0,6.991379258547055,7.888326998835046
-0.05968421068337747,-0.4165481337631501,-0.6064412525926522,0.6800408900632446,1057.27,2708.19,0.6092346567759493,0.924917369248754,0.07886614759094235,-0.08801895856016469,0.2529523018776509,-1.2129124454254296,-1.216579655763545,0.0,1.0658141036401503e-14,-1.1102230246251565e-16,0,0,1,0,0,0,6.9643907783483625,7.904404976207404
-0.05968421068337747,-0.12570387468592106,-0.6064412525926522,0.6800408900632446,1140.35,2534.0,0.7458488393162979,1.215234453627634,0.1541982527197285,-0.06414872241436233,-0.4664484222999457,-1.2129124454254296,-1.216579655763545,0.0,1.0658141036401503e-14,-1.1102230246251565e-16,0,0,1,0,0,0,7.039967051290641,7.837948916025283
-0.05968421068337747,0.16514038439130796,-0.6064412525926522,0.6800408900632446,1039.95,2289.23,0.596446986791327,1.3832026901998367,0.07886614759094235,0.39336413704684936,-0.18609659537111536,-1.2129124454254296,-1.216579655763545,0.0,1.0658141036401503e-14,-1.1102230246251565e-16,0,0,1,0,0,0,6.947889036721783,7.736407528186082
-0.05968421068337747,0.455984643468537,-0.6064412525926522,0.6800408900632446,980.67,2381.24,0.43482306025970024,1.198842845171483,0.04120009502654906,0.45569197587199994,-0.27031911917727297,-1.2129124454254296,-1.216579655763545,0.0,1.0658141036401503e-14,-1.1102230246251565e-16,0,0,1,0,0,0,6.889255202997551,7.775796500507241
-0.05968421068337747,0.7468289025457661,-0.6064412525926522,0.6800408900632446,1061.83,2574.96,0.5081945109188026,1.0674485483602947,0.11653220015533564,0.2756043053942245,-0.09407568973105424,-1.2129124454254296,-1.216579655763545,0.0,1.0658141036401503e-14,-1.1102230246251565e-16,0,0,1,0,0,0,6.968690440811325,7.853977559153374
-0.05968421068337747,1.037673161622995,-0.6064412525926522,0.6800408900632446,1163.8,2446.51,0.5379825657584273,1.0472139312230357,0.1541982527197285,0.2191114131824922,-0.30346224197136284,-1.2129124454254296,-1.216579655763545,0.0,1.0658141036401503e-14,-1.1102230246251565e-16,0,0,1,0,0,0,7.060304677442422,7.802826460198157
-0.05968421068337747,1.3285174207002242,-0.6064412525926522,0.6800408900632446,1167.9,2449.43,0.45078326860349754,0.9143294881885603,0.1541982527197285,-0.07024889387384516,-0.3393347984073189,-1.2129124454254296,-1.216579655763545,0.0,1.0658141036401503e-14,-1.1102230246251565e-16,0,0,1,0,0,0,7.063818414613725,7.8040187983427405
-0.05968421068337747,1.619361679777453,-0.6064412525926522,0.6800408900632446,1214.82,2494.09,0.4603658947129708,0.9529948612454142,0.1918643052841218,0.30663561238376746,0.145724551661478,-1.2129124454254296,-1.216579655763545,0.0,1.0658141036401503e-14,-1.1102230246251565e-16,0,0,1,0,0,0,7.103174025253346,7.822080079679323
0.11638421083259207,-1.5799251700720662,-0.6064412525926522,0.6800408900632446,1169.77,2781.54,0.49082356318168385,1.2590238382592978,0.30486246297730163,0.47134024178980377,0.13987576528605036,-1.2129124454254296,-1.216579655763545,0.0,1.0658141036401503e-14,-1.1102230246251565e-16,0,0,1,0,0,0,7.0654169309841475,7.931119458607918
0.11638421083259207,-1.2890809109948371,-0.6064412525926522,0.6800408900632446,1176.01,2802.7,0.6277628008817833,1.2736377284139848,0.3801945681060882,0.5928132212873313,0.09815442247466669,-1.2129124454254296,-1.216579655763545,0.0,1.0658141036401503e-14,-1.1102230246251565e-16,0,0,1,0,0,0,7.070732603400905,7.938695252416376
0.11638421083259207,-0.9982366519176081,-0.6064412525926522,0.6800408900632446,1263.57,2978.57,0.5764170878474412,1.3863659830597956,0.5308587783636614,0.4625878218696761,0.12349916343485304,-1.2129124454254296,-1.216579655763545,0.0,1.0658141036401503e-14,-1.1102230246251565e-16,0,0,1,0,0,0,7.1424874224267825,7.999534273785868
0.11638421083259207,-0.7073923928403791,-0.6064412525926522,0.6800408900632446,1747.17,3490.53,0.5503346618289832,1.685519373113603,0.9075193040075934,1.3009635602794678,0.8475789167127917,-1.2129124454254296,-1.216579655763545,0.0,1.0658141036401503e-14,-1.1102230246251565e-16,0,0,1,0,0,0,7.466324805491193,8.15809531454475
0.11638421083259207,-0.4165481337631501,-0.6064412525926522,0.6800408900632446,1541.6,3226.26,0.5549244406846736,2.377417793210088,0.7945211463144144,0.902065391798504,0.3855247930540101,-1.2129124454254296,-1.216579655763545,0.0,1.0658141036401503e-14,-1.1102230246251565e-16,0,0,1,0,0,0,7.341224583499899,8.079388758995389
0.11638421083259207,-0.12570387468592106,-0.6064412525926522,0.6800408900632446,1306.16,2705.01,0.9678160057041876,1.929197494995237,0.6815229886212345,0.07270729815490444,-0.09719504246461562,-1.2129124454254296,-1.216579655763545,0.0,1.0658141036401503e-14,-1.1102230246251565e-16,0,0,1,0,0,0,7.175612123882354,7.903230504215405
0.11638421083259207,0.16514038439130796,-0.6064412525926522,0.6800408900632446,1159.19,2529.55,0.755750019482328,2.508576803775495,0.6438569360568412,-0.00871672958688798,0.04902461692107474,-1.2129124454254296,-1.216579655763545,0.0,1.0658141036401503e-14,-1.1102230246251565e-16,0,0,1,0,0,0,7.056339063791233,7.836191949399848
0.11638421083259207,0.455984643468537,-0.6064412525926522,0.6800408900632446,1011.53,2560.89,0.7986377972599367,2.1216355011287757,0.4555266732348748,-0.2293838015125275,-0.06639143422069685,-1.2129124454254296,-1.216579655763545,0.0,1.0658141036401503e-14,-1.1102230246251565e-16,0,0,1,0,0,0,6.920207428171375,7.848500546328068
0.11638421083259207,0.7468289025457661,-0.6064412525926522,0.6800408900632446,1063.41,2632.75,0.8608533548363686,2.111727335889731,0.4931927257992681,-0.3089512553318687,-0.2730485528191392,-1.2129124454254296,-1.216579655763545,0.0,1.0658141036401503e-14,-1.1102230246251565e-16,0,0,1,0,0,0,6.970175934023701,7.876163965118399
0.11638421083259207,1.037673161622995,-0.6064412525926522,0.6800408900632446,1173.07,2584.41,0.793605943386984,2.6370169510563084,0.5685248309280546,-0.29171164033767805,-0.14047606164277998,-1.2129124454254296,-1.216579655763545,0.0,1.0658141036401503e-14,-1.1102230246251565e-16,0,0,1,0,0,0,7.068231623823476,7.85763938171581
0.11638421083259207,1.3285174207002242,-0.6064412525926522,0.6800408900632446,1158.67,2510.25,0.8901408247299757,1.8737483697392616,0.4555266732348748,-0.33388239086192895,-0.26369049461845506,-1.2129124454254296,-1.216579655763545,0.0,1.0658141036401503e-14,-1.1102230246251565e-16,0,0,1,0,0,0,7.055890760868894,7.828535916129145
0.11638421083259207,1.619361679777453,-0.6064412525926522,0.6800408900632446,1151.84,2456.57,0.7192788305582126,2.2686894047425716,0.4555266732348748,-0.4503160982842314,-0.4188782931131344,-1.2129124454254296,-1.216579655763545,0.0,1.0658141036401503e-14,-1.1102230246251565e-16,0,0,1,0,0,0,7.049983742209648,7.806928335847597
0.2924526323485616,-1.5799251700720662,-0.6064412525926522,0.6800408900632446,1104.99,2683.95,0.5920327377219021,2.5202365443998067,0.4555266732348748,-0.45986419274255247,-0.49725203054386446,-1.2129124454254296,-1.216579655763545,0.0,1.0658141036401503e-14,-1.1102230246251565e-16,0,0,1,0,0,0,7.0084961404500845,7.895417384795644
0.2924526323485616,-1.2890809109948371,-0.6064412525926522,0.6800408900632446,1078.88,2513.36,0.6592021359329459,2.1353866750489283,0.3801945681060882,-0.5320053508720884,-0.7627869319882782,-1.2129124454254296,-1.216579655763545,0.0,1.0658141036401503e-14,-1.1102230246251565e-16,0,0,1,0,0,0,6.984605202833857,7.829773576989017
0.2924526323485616,-0.9982366519176081,-0.6064412525926522,0.6800408900632446,1050.34,2614.16,0.6237516202104506,2.2424419168797716,0.3801945681060882,-0.7606291681796621,-0.8372614785020565,-1.2129124454254296,-1.216579655763545,0.0,1.0658141036401503e-14,-1.1102230246251565e-16,0,0,1,0,0,0,6.957820819988859,7.86908056009572
0.2924526323485616,-0.7073923928403791,-0.6064412525926522,0.6800408900632446,1000.21,2626.66,0.6209951524557576,1.3501057582931586,0.30486246297730163,-1.4467658449484473,-1.3254401813044148,-1.2129124454254296,-1.216579655763545,0.0,1.0658141036401503e-14,-1.1102230246251565e-16,0,0,1,0,0,0,6.908964547522122,7.873848995283417
0.2924526323485616,-0.4165481337631501,-0.6064412525926522,0.6800408900632446,890.23,2589.37,0.6572778093872171,1.919916759744945,0.30486246297730163,-1.4335046026452238,-1.1300907163651324,-1.2129124454254296,-1.216579655763545,0.0,1.0658141036401503e-14,-1.1102230246251565e-16,0,0,1,0,0,0,6.792602531084009,7.85955600163333
0.2924526323485616,-0.12570387468592106,-0.6064412525926522,0.6800408900632446,898.27,2419.64,0.6952572542525791,1.190163396993744,0.1918643052841218,-1.1412268222821773,-0.7717550710972672,-1.2129124454254296,-1.216579655763545,0.0,1.0658141036401503e-14,-1.1102230246251565e-16,0,0,1,0,0,0,6.801583323084597,7.791787246996525
0.2924526323485616,0.16514038439130796,-0.6064412525926522,0.6800408900632446,730.65,2122.9,0.7756498963623129,1.8013324918707796,0.11653220015533564,-1.2934658839231834,-0.9873803288046985,-1.2129124454254296,-1.216579655763545,0.0,1.0658141036401503e-14,-1.1102230246251565e-16,0,0,1,0,0,0,6.595302257538435,7.661009300274201
0.2924526323485616,0.455984643468537,-0.6064412525926522,0.6800408900632446,666.26,2160.74,0.6193308700378305,1.2762520200337857,-0.03413201010223751,-1.2181420276408739,-0.9698339696784156,-1.2129124454254296,-1.216579655763545,0.0,1.0658141036401503e-14,-1.1102230246251565e-16,0,0,1,0,0,0,6.503179775058806,7.678668731948031
0.2924526323485616,0.7468289025457661,-0.6064412525926522,0.6800408900632446,742.44,2234.59,0.5353236145516601,1.4234366382285708,-0.03413201010223751,-1.1133782134454078,-0.9499480960019618,-1.2129124454254296,-1.216579655763545,0.0,1.0658141036401503e-14,-1.1102230246251565e-16,0,0,1,0,0,0,6.611288063249084,7.712260454313433
0.2924526323485616,1.037673161622995,-0.6064412525926522,0.6800408900632446,785.6,2081.12,0.3617571614507649,1.6526838703689046,-0.14713016779541738,-1.188967294573782,-1.1195629008893626,-1.2129124454254296,-1.216579655763545,0.0,1.0658141036401503e-14,-1.1102230246251565e-16,0,0,1,0,0,0,6.667719859997709,7.641141884401581
0.2924526323485616,1.3285174207002242,-0.6064412525926522,0.6800408900632446,800.32,2324.34,-0.19169475574848016,0.8035619522576,-0.2601283254885972,-1.133270076900243,-0.6493204763049825,-1.2129124454254296,-1.216579655763545,0.0,1.0658141036401503e-14,-1.1102230246251565e-16,0,0,1,0,0,0,6.686260367913452,7.751621543889073
0.2924526323485616,1.619361679777453,-0.6064412525926522,0.6800408900632446,827.42,2213.24,-0.13217715599798568,0.5940264789305642,-0.2977943780529905,-1.0600680193864493,-0.746800249228776,-1.2129124454254296,-1.216579655763545,0.0,1.0658141036401503e-14,-1.1102230246251565e-16,0,0,1,0,0,0,6.719520272156116,7.70266450847762
0.46852105386453113,-1.5799251700720662,-0.6064412525926522,0.6800408900632446,881.49,2555.08,-0.197409225456911,0.2869517852687601,-0.2601283254885972,-0.8494794916112597,-0.547551593372542,-1.2129124454254296,-1.216579655763545,0.0,1.0658141036401503e-14,-1.1102230246251565e-16,0,0,1,0,0,0,6.782747457298491,7.8462301139121635
0.46852105386453113,-1.2890809109948371,-0.6064412525926522,0.6800408900632446,1025.45,2743.47,-0.2849790854939572,0.3419041951169732,-0.18479622035981066,-0.4442159268247487,-0.0032245413660786136,-1.2129124454254296,-1.216579655763545,0.0,1.0658141036401503e-14,-1.1102230246251565e-16,0,0,1,0,0,0,6.933861526066616,7.917343256977386
0.46852105386453113,-0.9982366519176081,-0.6064412525926522,0.6800408900632446,1011.09,2812.35,-0.3271387397137232,0.6560374761522396,-0.22246227292420395,-0.41212372045094775,-0.06483175785391615,-1.2129124454254296,-1.216579655763545,0.0,1.0658141036401503e-14,-1.1102230246251565e-16,0,0,1,0,0,0,6.919772778699447,7.942131223074961
0.46852105386453113,-0.7073923928403791,-0.6064412525926522,0.6800408900632446,1062.25,2919.65,-0.13622084218529415,0.4197316566384435,0.003534042462155777,-0.14849022346286397,0.07436935788126108,-1.2129124454254296,-1.216579655763545,0.0,1.0658141036401503e-14,-1.1102230246251565e-16,0,0,1,0,0,0,6.969085534133743,7.97956147322974
0.46852105386453113,-0.4165481337631501,-0.6064412525926522,0.6800408900632446,1360.43,3527.27,-0.05945581565838679,0.9640010289647758,0.30486246297730163,1.0879880088896978,1.051896520761063,-1.2129124454254296,-1.216579655763545,0.0,1.0658141036401503e-14,-1.1102230246251565e-16,0,0,1,0,0,0,7.216290896910327,8.168562944810608
0.46852105386453113,-0.12570387468592106,-0.6064412525926522,0.6800408900632446,1399.36,3092.3,0.007095977749129913,1.0748731365605282,0.22953035784851508,1.1664945633247812,0.7235846455537263,-1.2129124454254296,-1.216579655763545,0.0,1.0658141036401503e-14,-1.1102230246251565e-16,0,0,1,0,0,0,7.244484625404935,8.036993761192008
0.46852105386453113,0.16514038439130796,-0.6064412525926522,0.6800408900632446,1271.22,3100.58,-0.2905245265193171,0.9991632512510963,0.11653220015533564,1.6492037831621176,1.435186987897419,-1.2129124454254296,-1.216579655763545,0.0,1.0658141036401503e-14,-1.1102230246251565e-16,0,0,1,0,0,0,7.14851868491975,8.039666938051173
0.46852105386453113,0.455984643468537,-0.6064412525926522,0.6800408900632446,1273.91,3212.82,-0.20605569270630025,0.9606547356914302,0.1541982527197285,2.105920968085136,1.5381256281049451,-1.2129124454254296,-1.216579655763545,0.0,1.0658141036401503e-14,-1.1102230246251565e-16,0,0,1,0,0,0,7.150630866865765,8.0752155397509
0.46852105386453113,0.7468289025457661,-0.6064412525926522,0.6800408900632446,1259.39,3301.04,-0.4188172969700278,0.6742590887422514,0.07886614759094235,1.5338309751240726,1.5006933953022086,-1.2129124454254296,-1.216579655763545,0.0,1.0658141036401503e-14,-1.1102230246251565e-16,0,0,1,0,0,0,7.139176475862436,8.102295738277082
0.46852105386453113,1.037673161622995,-0.6064412525926522,0.6800408900632446,1272.56,3320.55,-0.45957271289966756,0.9323158145327902,0.11653220015533564,1.3311991927308173,1.9619676807775999,-1.2129124454254296,-1.216579655763545,0.0,1.0658141036401503e-14,-1.1102230246251565e-16,0,0,1,0,0,0,7.149571407561732,8.108186820431705
0.46852105386453113,1.3285174207002242,-0.6064412525926522,0.6800408900632446,1320.27,3304.42,-0.1572649132276043,0.911532196155373,0.11653220015533564,1.4102361968580295,1.2838983803196917,-1.2129124454254296,-1.216579655763545,0.0,1.0658141036401503e-14,-1.1102230246251565e-16,0,0,1,0,0,0,7.186348674250581,8.103318824393327
0.46852105386453113,1.619361679777453,-0.6064412525926522,0.6800408900632446,1362.18,3321.39,-0.3909665708825217,0.7308062164785428,0.07886614759094235,1.4012185520918374,1.5919344627588796,-1.2129124454254296,-1.216579655763545,0.0,1.0658141036401503e-14,-1.1102230246251565e-16,0,0,1,0,0,0,7.2175754846059235,8.108439682439633
0.6445894753805007,-1.5799251700720662,-0.6064412525926522,0.6800408900632446,1279.74,3308.08,-0.4166394273996933,0.8474559085540555,0.11653220015533564,0.8853562264964423,0.7887011338668204,-1.2129124454254296,-1.216579655763545,0.0,1.0658141036401503e-14,-1.1102230246251565e-16,0,0,1,0,0,0,7.155193314863785,8.10442548411773
0.6445894753805007,-1.2890809109948371,-0.6064412525926522,0.6800408900632446,1050.35,3400.92,-0.537299902699439,0.9064604704129593,0.04120009502654906,-0.24847999042916938,0.5738557143427794,-1.2129124454254296,-1.216579655763545,0.0,1.0658141036401503e-14,-1.1102230246251565e-16,0,0,1,0,0,0,6.957830331614443,8.132095257100241
0.6445894753805007,-0.9982366519176081,-0.6064412525926522,0.6800408900632446,1160.52,3498.48,-0.5013748064437062,0.7530015523306517,0.07886614759094235,0.07907269446045175,0.591012154377367,-1.2129124454254296,-1.216579655763545,0.0,1.0658141036401503e-14,-1.1102230246251565e-16,0,0,1,0,0,0,7.0574847711754325,8.160369665011105
0.6445894753805007,-0.7073923928403791,-0.6064412525926522,0.6800408900632446,1249.4,4133.51,0.00605580123792497,0.7817064743160648,0.34252851554169494,0.15439655074276143,1.2608931539096762,-1.2129124454254296,-1.216579655763545,0.0,1.0658141036401503e-14,-1.1102230246251565e-16,0,0,1,0,0,0,7.131218779107267,8.327124099831446
0.6445894753805007,-0.4165481337631501,-0.6064412525926522,0.6800408900632446,1217.62,4176.99,0.14601155082051817,0.5465248001987831,0.3801945681060882,-0.5914157163905298,0.35784053754365286,-1.2129124454254296,-1.216579655763545,0.0,1.0658141036401503e-14,-1.1102230246251565e-16,0,0,1,0,0,0,7.105474349956097,8.337585548623938
0.6445894753805007,-0.12570387468592106,-0.6064412525926522,0.6800408900632446,1171.34,3431.15,0.04356716667324461,-0.04310253173109314,0.22953035784851508,-0.7449809022618582,0.06696089513905279,-1.2129124454254296,-1.216579655763545,0.0,1.0658141036401503e-14,-1.1102230246251565e-16,0,0,1,0,0,0,7.0667570304544745,8.140942165946466
0.6445894753805007,0.16514038439130796,-0.6064412525926522,0.6800408900632446,958.9,3372.13,0.21497525351339022,-0.0844606251563419,0.22953035784851508,-0.9645870748032399,-0.0188213050338856,-1.2129124454254296,-1.216579655763545,0.0,1.0658141036401503e-14,-1.1102230246251565e-16,0,0,1,0,0,0,6.866829112369492,8.123596375676794
0.6445894753805007,0.455984643468537,-0.6064412525926522,0.6800408900632446,947.67,3453.45,0.0758581462429558,0.012947880597436531,0.22953035784851508,-0.9921704587939447,-0.06834102967917272,-1.2129124454254296,-1.216579655763545,0.0,1.0658141036401503e-14,-1.1102230246251565e-16,0,0,1,0,0,0,6.8550610036789585,8.147418533949446
0.6445894753805007,0.7468289025457661,-0.6064412525926522,0.6800408900632446,813.0,3624.0,-0.09593350568569665,-0.0862644863740046,0.22953035784851508,-1.2528864824753192,0.020950442319022163,-0.979173004207254,-0.9576445455987785,0.0,1.0658141036401503e-14,-1.1102230246251565e-16,0,0,1,0,0,0,6.70196036600254,8.195609567288775
0.6445894753805007,1.037673161622995,-0.6064412525926522,0.6800408900632446,773.0,3459.0,-0.09468529387225097,0.20407874092107403,0.22953035784851508,-1.354202373671947,-0.1977941681219706,-0.7454335629890783,-0.6987094354340125,0.0,1.0658141036401503e-14,-1.1102230246251565e-16,0,0,1,0,0,0,6.651571873589727,8.14902386805177
0.6445894753805007,1.3285174207002242,-0.6064412525926522,0.6800408900632446,791.0,3039.0,-0.16618442681118484,0.1846284112697558,0.07886614759094235,-1.3762160358952982,-0.6734954599900832,-0.5701289820754466,-0.43977432526924587,0.0,1.0658141036401503e-14,-1.1102230246251565e-16,0,0,1,0,0,0,6.674561391814426,8.019612794400267
0.6445894753805007,1.619361679777453,-0.6064412525926522,0.6800408900632446,828.0,2703.0,-0.050243752431030055,0.11853911912119121,-0.03413201010223751,-1.3531414742876893,-1.086419778095273,-0.3363895408572714,-0.1808392151044798,0.0,1.0658141036401503e-14,-1.1102230246251565e-16,0,0,1,0,0,0,6.720220155135295,7.902487437162855
0.8206578968964702,-1.5799251700720662,-0.6064412525926522,0.6800408900632446,815.0,3073.0,0.0070764744395444,0.16938709112631722,0.07886614759094235,-1.2759610440829283,-0.6376229035541272,-0.1610849599436393,0.013362117519095442,0.0,1.0658141036401503e-14,-1.1102230246251565e-16,0,0,1,0,0,0,6.704414354964107,8.03073492409854
0.8206578968964702,-1.2890809109948371,-0.6064412525926522,0.6800408900632446,873.43,2981.77,0.11154920278366708,0.2884942173244423,0.003534042462155777,-0.7595682687954042,-0.8407707503273131,-0.1610849599436393,0.013362117519095442,0.0,1.0658141036401503e-14,-1.1102230246251565e-16,0,0,1,0,0,0,6.773572245514402,8.000607677955122
0.8206578968964702,-0.9982366519176081,-0.6064412525926522,0.6800408900632446,905.91,2989.83,0.10305226090776382,0.2917359389329954,-0.10946411523102409,-0.8948329402882842,-0.9273327886836417,-0.1610849599436393,0.013362117519095442,0.0,1.0658141036401503e-14,-1.1102230246251565e-16,0,0,1,0,0,0,6.810043216966773,8.003306219836453
0.8206578968964702,-0.7073923928403791,-0.6064412525926522,0.6800408900632446,793.4,3143.89,0.5031431537362645,0.22352907057239227,0.003534042462155777,-1.2810003161581531,-1.2938567348771055,-0.1610849599436393,0.013362117519095442,0.0,1.0658141036401503e-14,-1.1102230246251565e-16,0,0,1,0,0,0,6.677587112730963,8.053534192370238
0.8206578968964702,-0.4165481337631501,-0.6064412525926522,0.6800408900632446,911.43,3086.32,0.555327509082766,0.3978761786969089,0.04120009502654906,-0.9799701158749791,-1.3784691777749585,-0.1610849599436393,0.013362117519095442,0.0,1.0658141036401503e-14,-1.1102230246251565e-16,0,0,1,0,0,0,6.816111370185339,8.035058679641603
0.8206578968964702,-0.12570387468592106,-0.6064412525926522,0.6800408900632446,939.47,2610.24,0.7824825558202889,0.32214015047127914,0.003534042462155777,-0.8380748232304875,-1.2934668157854103,-0.1610849599436393,0.013362117519095442,0.0,1.0658141036401503e-14,-1.1102230246251565e-16,0,0,1,0,0,0,6.846379750305701,7.86758048327991
0.8206578968964702,0.16514038439130796,-0.6064412525926522,0.6800408900632446,949.03,2516.75,0.622620428254515,0.2348489532861296,0.07886614759094235,-0.34024778716747617,-1.3496151649895156,-0.1610849599436393,0.013362117519095442,0.0,1.0658141036401503e-14,-1.1102230246251565e-16,0,0,1,0,0,0,6.85649356304335,7.831120924528254
0.8206578968964702,0.455984643468537,-0.6064412525926522,0.6800408900632446,818.95,2410.34,0.8446721089839402,0.14334874659310098,0.07886614759094235,-0.6731049689783868,-1.5379460862782846,-0.1610849599436393,0.013362117519095442,0.0,1.0658141036401503e-14,-1.1102230246251565e-16,0,0,1,0,0,0,6.709243362789454,7.787937888562257
0.8206578968964702,0.7468289025457661,-0.6064412525926522,0.6800408900632446,1106.63,2447.29,0.8986117621930995,-0.013561036427344018,0.1918643052841218,0.6450625159620319,-1.6264577200930894,-0.3363895408572714,-0.1808392151044798,0.0,1.0658141036401503e-14,-1.1102230246251565e-16,0,0,1,0,0,0,7.009977876520464,7.803145100668193
0.8206578968964702,1.037673161622995,-0.6064412525926522,0.6800408900632446,1121.74,2306.92,0.9295570134014391,0.22729365050490558,0.22953035784851508,0.8837648774200554,-1.6592109237954842,-0.5701289820754466,-0.43977432526924587,0.0,1.0658141036401503e-14,-1.1102230246251565e-16,0,0,1,0,0,0,7.023527405225889,7.744101964982187
0.8206578968964702,1.3285174207002242,-0.6064412525926522,0.6800408900632446,1248.59,2288.61,1.0432873126952842,0.10585980476515748,0.26719641041290837,1.2213961064601266,-1.3231006667542438,-0.7454335629890783,-0.6987094354340125,0.0,1.0658141036401503e-14,-1.1102230246251565e-16,0,0,1,0,0,0,7.130570776492581,7.736136776367771
0.8206578968964702,1.619361679777453,-0.6064412525926522,0.6800408900632446,1209.45,2138.28,1.0023173603602085,-0.2612390244872735,0.1918643052841218,0.9089612377961802,-1.1749314119100773,-0.979173004207254,-0.9576445455987785,0.0,1.0658141036401503e-14,-1.1102230246251565e-16,0,0,1,0,0,0,7.098747470279262,7.668224602806238
0.9967263184124397,-1.5799251700720662,-0.6064412525926522,0.6800408900632446,1408.0,2167.0,1.0880994170186216,-0.6430301726429848,0.1918643052841218,1.6168463519422522,-1.509871911676232,-0.979173004207254,-0.8929107680575872,0.0,1.0658141036401503e-14,-1.1102230246251565e-16,0,0,1,0,0,0,7.25063551189868,7.681560362559537
0.9967263184124397,-1.2890809109948371,-0.6064412525926522,0.6800408900632446,1500.0,2500.0,1.5171267201681984,-0.2966365330193765,0.5308587783636614,1.5897934176436759,-0.99049968153826,-0.7454335629890783,-0.6339756578928205,0.0,1.0658141036401503e-14,-1.1102230246251565e-16,0,0,1,0,0,0,7.313886831633462,7.824445930877619
0.9967263184124397,-0.9982366519176081,-0.6064412525926522,0.6800408900632446,1375.0,2750.0,2.1266051447022067,-0.43046212103698045,0.606190883492448,1.060404624898993,-0.673105540898388,-0.511694121770903,-0.31030677018686253,0.0,1.0658141036401503e-14,-1.1102230246251565e-16,0,0,1,0,0,0,7.226936018493289,7.919719760924575
0.9967263184124397,-0.7073923928403791,-0.6064412525926522,0.6800408900632446,1741.82,3133.0,2.749410830786025,-0.3899144580138698,1.2088477245227398,2.8575681818318452,-0.3740375975681894,-0.2779546805527272,-0.05137166002209593,0.0,1.0658141036401503e-14,-1.1102230246251565e-16,0,0,1,0,0,0,7.463259769963532,8.050065422915965
0.9967263184124397,-0.4165481337631501,-0.6064412525926522,0.6800408900632446,2000.0,3683.0,2.5329240943915456,-0.4774409414448012,1.3595119347803128,2.8549159333712004,0.3933231748879136,-0.10265009963909563,0.1428296726014782,0.0,1.0658141036401503e-14,-1.1102230246251565e-16,0,0,1,0,0,0,7.601402334583733,8.211754397375197
0.9967263184124397,-0.12570387468592106,-0.6064412525926522,0.6800408900632446,2120.0,3780.0,2.5329240943915456,-0.8090376905003367,1.5478421976022794,3.019885787623301,1.3868370205272178,0.13108934157908014,0.3370310052250534,0.0,1.0658141036401503e-14,-1.1102230246251565e-16,0,0,1,0,0,0,7.659642954564682,8.237743803890933
0.9967263184124397,0.16514038439130796,-0.6064412525926522,0.6800408900632446,2450.0,4000.0,2.5329240943915456,-0.5320273504662419,1.8115045655530315,3.8818665373328303,1.9377926970924988,0.2479590621881675,0.4664985603074362,0.0,1.0658141036401503e-14,-1.1102230246251565e-16,0,0,1,0,0,0,7.804251383528112,8.294299608857235
0.9967263184124397,0.455984643468537,-0.6064412525926522,0.6800408900632446,2450.0,4550.0,2.1051905107777795,-0.4903555420466168,1.773838512988639,4.96928840619716,3.1009213476192037,0.4232636431017996,0.6606998929310114,0.0,1.0658141036401503e-14,-1.1102230246251565e-16,0,0,1,0,0,0,7.804251383528112,8.423102268016642
0.9967263184124397,0.7468289025457661,-0.6064412525926522,0.6800408900632446,2560.0,4900.0,1.6227696470874264,-0.6636569335232129,1.8115045655530315,3.1702682753418565,3.5473787076101786,0.5985682240154306,0.7901674480133942,0.0,1.0658141036401503e-14,-1.1102230246251565e-16,0,0,1,0,0,0,7.848153086199526,8.497194544909547
0.9967263184124397,1.037673161622995,-0.6064412525926522,0.6800408900632446,2450.0,4325.0,1.964077564826471,-0.503191713899839,1.8491706181174248,2.82759777422656,3.0506217847905264,0.7738728049290627,0.9196350030957781,0.0,1.0658141036401503e-14,-1.1102230246251565e-16,0,0,1,0,0,0,7.804251383528112,8.372398606513004
0.9967263184124397,1.3285174207002242,-0.6064412525926522,0.6800408900632446,2500.0,3620.0,1.6877806790377208,-0.394907755007689,1.6608403552954591,2.3454190040813527,1.9077689270319707,0.89074252553815,0.9843687806369694,0.0,1.0658141036401503e-14,-1.1102230246251565e-16,0,0,1,0,0,0,7.824445930877619,8.19450550976564
0.9967263184124397,1.619361679777453,-0.6064412525926522,0.6800408900632446,2500.0,3600.0,1.2327034553856613,-0.7406216788101491,1.5855082501666726,2.5172847043311295,2.305096481469353,1.0660471064517822,1.0491025581781608,0.0,1.0658141036401503e-14,-1.1102230246251565e-16,0,0,1,0,0,0,7.824445930877619,8.188966863648876
1.1727947399284093,-1.5799251700720662,-0.6064412525926522,0.6800408900632446,2050.0,4375.0,0.9076482956341901,-0.743079112932762,1.4725100924734926,0.8964956700311502,3.6124951959232727,1.0660471064517822,1.0491025581781608,0.0,1.0658141036401503e-14,-1.1102230246251565e-16,0,0,1,0,0,0,7.62608275807238,8.383890344101816
1.1727947399284093,-1.2890809109948371,-0.6064412525926522,0.6800408900632446,2000.0,4500.0,1.2327034553856613,-0.825167869794508,1.5855082501666726,0.5710647839100447,2.758962304202536,1.0660471064517822,1.0491025581781608,0.0,1.0658141036401503e-14,-1.1102230246251565e-16,0,0,1,0,0,0,7.601402334583733,8.412054873292933
1.1727947399284093,-0.9982366519176081,-0.6064412525926522,0.6800408900632446,2240.0,4940.0,1.1026813914850728,-1.0408207855118774,1.7361724604242457,1.3555998785687484,2.74492521690151,1.0660471064517822,1.0491025581781608,0.0,1.0658141036401503e-14,-1.1102230246251565e-16,0,0,1,0,0,0,7.714677473800927,8.50532301884575
1.1727947399284093,-0.7073923928403791,-0.6064412525926522,0.6800408900632446,2000.0,5125.0,0.8263845056963224,-0.8728786918558729,1.6231743027310659,0.08013359384470965,2.1187151556390598,1.0660471064517822,1.0491025581781608,0.0,1.0658141036401503e-14,-1.1102230246251565e-16,0,0,1,0,0,0,7.601402334583733,8.542080906924017
1.1727947399284093,-0.4165481337631501,-0.6064412525926522,0.6800408900632446,2300.0,5375.0,0.5825931358827191,-1.1161123841621408,1.7361724604242457,0.08490764107387011,1.4308978778887722,1.0660471064517822,1.0491025581781608,0.0,1.0658141036401503e-14,-1.1102230246251565e-16,0,0,1,0,0,0,7.741099090035366,8.589699882202986
1.1727947399284093,-0.12570387468592106,-0.6064412525926522,0.6800408900632446,2126.06,4860.0,0.6476041678330133,-1.1049232160293934,1.6608403552954591,-0.3052381074869661,0.7536084156142547,1.0660471064517822,1.0491025581781608,0.0,1.0658141036401503e-14,-1.1102230246251565e-16,0,0,1,0,0,0,7.662496023547089,8.488999457045455
1.1727947399284093,0.16514038439130796,-0.6064412525926522,0.6800408900632446,2058.25,5000.0,0.7451207157584546,-1.2455198193422812,1.4348440399090994,-0.7370241568799242,0.6144072998790775,1.0660471064517822,1.0491025581781608,0.0,1.0658141036401503e-14,-1.1102230246251565e-16,0,0,1,0,0,0,7.630097117821358,8.517393171418904
1.1727947399284093,0.455984643468537,-0.6064412525926522,0.6800408900632446,2000.0,4875.0,0.7451207157584546,-1.296576934676991,1.3595119347803128,-0.8001476702432683,-0.08198819788850384,1.0660471064517822,1.0491025581781608,0.0,1.0658141036401503e-14,-1.1102230246251565e-16,0,0,1,0,0,0,7.601402334583733,8.492080490601163
1.1727947399284093,0.7468289025457661,-0.6064412525926522,0.6800408900632446,2000.0,5000.0,0.9076482956341901,-1.2351149386954738,1.4725100924734926,-0.8932415912118973,-0.2808469346530427,1.0660471064517822,1.0491025581781608,0.0,1.0658141036401503e-14,-1.1102230246251565e-16,0,0,1,0,0,0,7.601402334583733,8.517393171418904
1.1727947399284093,1.037673161622995,-0.6064412525926522,0.6800408900632446,2000.0,5167.0,0.9076482956341901,-1.3537776353182327,1.510176145037886,-0.8001476702432683,0.39878204217164603,1.0660471064517822,1.0491025581781608,0.0,1.0658141036401503e-14,-1.1102230246251565e-16,0,0,1,0,0,0,7.601402334583733,8.550241045462437
1.1727947399284093,1.3285174207002242,-0.6064412525926522,0.6800408900632446,1920.0,4600.0,0.6476041678330133,-1.4363892505039388,1.246513777087133,-0.9282512708924074,0.6951205518599786,1.0660471064517822,1.0491025581781608,0.0,1.0658141036401503e-14,-1.1102230246251565e-16,0,0,1,0,0,0,7.560601162768557,8.434028950155469
1.1727947399284093,1.619361679777453,-0.6064412525926522,0.6800408900632446,1775.0,4125.0,0.5825931358827191,-1.5024262568201074,0.8321871988788077,-1.0820816816098002,0.20811160633270587,1.0660471064517822,1.0491025581781608,0.0,1.0658141036401503e-14,-1.1102230246251565e-16,0,0,1,0,0,0,7.4821189235521155,8.325063693631197
1.348863161444379,-1.5799251700720662,-0.6064412525926522,0.6800408900632446,2050.0,3875.0,0.5825931358827191,-1.4638915983442435,0.7945211463144144,-0.31292962802283575,-0.8060679511664425,1.0660471064517822,1.0491025581781608,0.0,1.0658141036401503e-14,-1.1102230246251565e-16,0,0,1,0,0,0,7.62608275807238,8.262558973010657
1.348863161444379,-1.2890809109948371,-0.6064412525926522,0.6800408900632446,1600.0,4200.0,0.7126151997833076,-1.5671299744101777,0.7945211463144144,-0.8433793201517767,-0.6204664635195395,1.0660471064517822,1.0491025581781608,0.0,1.0658141036401503e-14,-1.1102230246251565e-16,0,0,1,0,0,0,7.3783837129967145,8.343077871169383
1.348863161444379,-0.9982366519176081,-0.6064412525926522,0.6800408900632446,1625.0,4500.0,0.6638569258205869,-1.5469999289377114,0.9451853565719867,-1.0412370553158719,-0.7078083400592586,1.0660471064517822,1.0491025581781608,0.0,1.0658141036401503e-14,-1.1102230246251565e-16,0,0,1,0,0,0,7.3938782901077555,8.412054873292933
1.348863161444379,-0.7073923928403791,-0.6064412525926522,0.6800408900632446,1625.0,4750.0,0.8263845056963224,-1.2577808470391472,1.0205174617007733,-0.810226214393718,-0.6458112044797258,1.0660471064517822,1.0491025581781608,0.0,1.0658141036401503e-14,-1.1102230246251565e-16,0,0,1,0,0,0,7.3938782901077555,8.46611040118692
1.348863161444379,-0.4165481337631501,-0.6064412525926522,0.6800408900632446,1800.0,5000.0,0.9076482956341901,-1.4125207680151572,0.98285140913638,-0.8895284433669948,-0.6325539553620899,1.0660471064517822,1.0491025581781608,0.0,1.0658141036401503e-14,-1.1102230246251565e-16,0,0,1,0,0,0,7.496097345175956,8.517393171418904
1.348863161444379,-0.12570387468592106,-0.6064412525926522,0.6800408900632446,1706.38,4625.0,0.9076482956341901,-1.3965735891343725,0.9075193040075934,-0.8364834741541006,-0.5491112697393227,1.0660471064517822,1.0491025581781608,0.0,1.0658141036401503e-14,-1.1102230246251565e-16,0,0,1,0,0,0,7.442715310790837,8.439447842791385
1.348863161444379,0.16514038439130796,-0.6064412525926522,0.6800408900632446,1775.0,4500.0,0.9076482956341901,-1.2061747304642791,0.98285140913638,-0.6778790162075472,-0.7503095210540326,1.0660471064517822,1.0491025581781608,0.0,1.0658141036401503e-14,-1.1102230246251565e-16,0,0,1,0,0,0,7.4821189235521155,8.412054873292933
1.348863161444379,0.455984643468537,-0.6064412525926522,0.6800408900632446,1700.0,4500.0,0.9076482956341901,-1.2824597599300664,0.9451853565719867,-0.7107668971195416,-0.6602382108724474,1.0660471064517822,1.0491025581781608,0.0,1.0658141036401503e-14,-1.1102230246251565e-16,0,0,1,0,0,0,7.438971592395862,8.412054873292933
1.348863161444379,0.7468289025457661,-0.6064412525926522,0.6800408900632446,1500.0,5000.0,0.9076482956341901,-0.8841985745696102,1.0581835142651665,-0.975991743184012,-0.3603904293588583,1.0660471064517822,1.0491025581781608,0.0,1.0658141036401503e-14,-1.1102230246251565e-16,0,0,1,0,0,0,7.313886831633462,8.517393171418904
1.348863161444379,1.037673161622995,-0.6064412525926522,0.6800408900632446,1525.0,4750.0,1.0701758755099258,-1.184868253762902,0.98285140913638,-0.9428386374259533,-0.675055136356864,1.0660471064517822,1.0491025581781608,0.0,1.0658141036401503e-14,-1.1102230246251565e-16,0,0,1,0,0,0,7.330405211844402,8.46611040118692
1.348863161444379,1.3285174207002242,-0.6064412525926522,0.6800408900632446,1500.0,4500.0,1.2327034553856613,-1.0976031994939506,0.9075193040075934,-0.8932415912118973,-0.4450028722567111,1.0660471064517822,1.0491025581781608,0.0,1.0658141036401503e-14,-1.1102230246251565e-16,0,0,1,0,0,0,7.313886831633462,8.412054873292933
1.348863161444379,1.619361679777453,-0.6064412525926522,0.6800408900632446,1750.0,4375.0,1.0701758755099258,-0.7205700620862773,0.98285140913638,-0.35032633131792607,-0.12409945979158267,1.0660471064517822,1.0491025581781608,0.0,1.0658141036401503e-14,-1.1102230246251565e-16,0,0,1,0,0,0,7.467942332285852,8.383890344101816
1.5249315829603483,-1.5799251700720662,-0.6064412525926522,0.6800408900632446,2000.0,4833.0,0.9076482956341901,-0.3033552624822644,1.0958495668295598,-0.37764449046256654,0.6034895653116126,1.0660471064517822,1.0491025581781608,0.0,1.0658141036401503e-14,-1.1102230246251565e-16,0,0,1,0,0,0,7.601402334583733,8.483429561263428
1.5249315829603483,-1.2890809109948371,-0.6064412525926522,0.6800408900632446,2000.0,5000.0,0.9076482956341901,-0.48295709676258064,1.2841798296515263,0.35013248713834066,0.3824054403204488,1.0660471064517822,1.0491025581781608,0.0,1.0658141036401503e-14,-1.1102230246251565e-16,0,0,1,0,0,0,7.601402334583733,8.517393171418904
1.5249315829603483,-0.9982366519176081,-0.6064412525926522,0.6800408900632446,2029.0,5072.0,0.977860210140508,-0.49819841690601924,1.3595119347803128,0.34641933929343804,0.1351967361857083,1.0660471064517822,1.0491025581781608,0.0,1.0658141036401503e-14,-1.1102230246251565e-16,0,0,1,0,0,0,7.615791072035833,8.53168763756669
1.5249315829603483,-0.7073923928403791,-0.6064412525926522,0.6800408900632446,2092.0,5229.0,1.1312862455432022,-0.5233479022885034,1.4725100924734926,0.44932657956645256,0.03264801506987742,1.0660471064517822,1.0491025581781608,0.0,1.0658141036401503e-14,-1.1102230246251565e-16,0,0,1,0,0,0,7.646353722445999,8.56216655705897
1.5249315829603483,-0.4165481337631501,-0.6064412525926522,0.6800408900632446,2000.0,4100.0,0.9726593275844844,-0.5846791836890307,1.246513777087133,-0.018264824045208954,-1.062244794410172,1.0660471064517822,1.0491025581781608,0.0,1.0658141036401503e-14,-1.1102230246251565e-16,0,0,1,0,0,0,7.601402334583733,8.31898612539206
1.5249315829603483,-0.12570387468592106,-0.6064412525926522,0.6800408900632446,2000.0,4563.0,0.9076482956341901,-0.24202398108173712,1.5855082501666726,0.14352233205411813,-0.4126395876460116,1.0660471064517822,1.0491025581781608,0.0,1.0658141036401503e-14,-1.1102230246251565e-16,0,0,1,0,0,0,7.601402334583733,8.425954710981966
1.5249315829603483,0.16514038439130796,-0.6064412525926522,0.6800408900632446,2000.0,4200.0,0.7126151997833076,-0.4173645200217784,1.2841798296515263,0.023375476786912933,-0.6204664635195395,1.0660471064517822,1.0491025581781608,0.0,1.0658141036401503e-14,-1.1102230246251565e-16,0,0,1,0,0,0,7.601402334583733,8.343077871169383
1.5249315829603483,0.455984643468537,-0.6064412525926522,0.6800408900632446,1788.0,4000.0,0.9076482956341901,-0.2513831450806244,1.1711816719583463,-0.17554315776144,-0.7935905402321969,1.0660471064517822,1.0491025581781608,0.0,1.0658141036401503e-14,-1.1102230246251565e-16,0,0,1,0,0,0,7.489412083508719,8.294299608857235
1.5249315829603483,0.7468289025457661,-0.6064412525926522,0.6800408900632446,1900.0,4000.0,0.9076482956341901,-0.16333380332573275,1.133515619393953,0.3944250364311073,-1.140228612749207,1.0660471064517822,1.0491025581781608,0.0,1.0658141036401503e-14,-1.1102230246251565e-16,0,0,1,0,0,0,7.550135342488429,8.294299608857235
1.5249315829603483,1.037673161622995,-0.6064412525926522,0.6800408900632446,1940.0,4000.0,0.9076482956341901,0.05514254734102139,1.0205174617007733,0.4087471781185887,-0.9760726751455384,1.0660471064517822,1.0491025581781608,0.0,1.0658141036401503e-14,-1.1102230246251565e-16,0,0,1,0,0,0,7.57095858316901,8.294299608857235
1.5249315829603483,1.3285174207002242,-0.6064412525926522,0.6800408900632446,1838.0,3875.0,0.9076482956341901,-0.01288132060619583,0.98285140913638,0.28462195016041647,-0.9019880477234554,1.0660471064517822,1.0491025581781608,0.0,1.0658141036401503e-14,-1.1102230246251565e-16,0,0,1,0,0,0,7.516977224604321,8.262558973010657
1.5249315829603483,1.619361679777453,-0.6064412525926522,0.6800408900632446,1863.0,4000.0,1.2991642333484468,-0.09340150249606088,1.0205174617007733,-0.14159437746518774,-0.6945510909416227,1.0660471064517822,1.0491025581781608,0.0,1.0658141036401503e-14,-1.1102230246251565e-16,0,0,1,0,0,0,7.530479995245536,8.294299608857235
1.7010000044763178,-1.5799251700720662,-0.6064412525926522,0.6800408900632446,2006.4,4343.0,1.6004578609220856,-0.21705749611263944,1.397177987344706,-0.30444243294877266,-0.755768388337765,1.0660471064517822,1.0491025581781608,0.0,1.0658141036401503e-14,-1.1102230246251565e-16,0,0,1,0,0,0,7.6045956313797,8.37655086161377
1.7010000044763178,-1.2890809109948371,-0.6064412525926522,0.6800408900632446,1961.08,4258.0,2.17936159712987,-0.26144816781685737,1.4725100924734926,-0.3646484730054075,-0.9390303614344969,1.0660471064517822,1.0491025581781608,0.0,1.0658141036401503e-14,-1.1102230246251565e-16,0,0,1,0,0,0,7.581760414013716,8.356789669923213
1.7010000044763178,-0.9982366519176081,-0.6064412525926522,0.6800408900632446,1918.68,4160.0,2.673998033723684,-0.2916170931093587,1.5855082501666726,-0.4572119442819077,-1.0614649562267817,1.0660471064517822,1.0491025581781608,0.0,1.0658141036401503e-14,-1.1102230246251565e-16,0,0,1,0,0,0,7.559913784464729,8.333510708982942
1.7010000044763178,-0.7073923928403791,-0.6064412525926522,0.6800408900632446,2041.02,4211.0,2.1120686779581206,-0.04454039212198347,1.5478421976022794,-0.37764449046256654,-1.1195629008893626,1.0660471064517822,1.0491025581781608,0.0,1.0658141036401503e-14,-1.1102230246251565e-16,0,0,1,0,0,0,7.6216947929959415,8.345692873253865
1.7010000044763178,-0.4165481337631501,-0.6064412525926522,0.6800408900632446,1992.23,4266.66,1.805437644661363,0.28033762747066404,1.4725100924734926,-0.3232733970193501,-0.20208327813061752,0.89074252553815,0.9843687806369694,0.0,1.0658141036401503e-14,-1.1102230246251565e-16,0,0,1,0,0,0,7.597511717467973,8.358820946642973
1.7010000044763178,-0.12570387468592106,-0.6064412525926522,0.6800408900632446,2016.24,4307.72,1.410560636595276,0.22052263520962107,1.4348440399090994,-0.2914464154916136,-0.5783552016164607,0.7738728049290627,0.9196350030957781,0.0,1.0658141036401503e-14,-1.1102230246251565e-16,0,0,1,0,0,0,7.609485519472556,8.368396155230684
1.7010000044763178,0.16514038439130796,-0.6064412525926522,0.6800408900632446,2195.7,4158.91,1.1812927313193686,-0.08168947603935318,1.3218458822159196,-0.05353972857178354,-0.3986025003449854,0.5985682240154306,0.7901674480133942,0.0,1.0658141036401503e-14,-1.1102230246251565e-16,0,0,1,0,0,0,7.69471151322014,8.333248718405892
1.7010000044763178,0.455984643468537,-0.6064412525926522,0.6800408900632446,2128.18,4108.33,1.1108532782012246,-0.009665741913840778,1.3218458822159196,0.19179325403785177,-0.25472235550946604,0.4232636431017996,0.59596611538982,0.0,1.0658141036401503e-14,-1.1102230246251565e-16,0,0,1,0,0,0,7.663492208055162,8.321015277169929
-1.6443000043271032,-1.5799251700720662,0.9653850011439116,0.4277442698691995,490.0,916.5,-1.503571872783052,-1.3020146612461767,-1.8044364806287205,,,-1.2129124454254296,-1.216579655763545,0.0,1.0658141036401503e-14,-1.1102230246251565e-16,0,0,0,1,0,0,6.19644412779452,6.821652579928726
-1.6443000043271032,-1.2890809109948371,0.9653850011439116,0.4277442698691995,478.87,940.35,-1.3953155023794221,-1.3706659591821462,-1.7667704280643273,,,-1.2129124454254296,-1.216579655763545,0.0,1.0658141036401503e-14,-1.1102230246251565e-16,0,0,0,1,0,0,6.173515233886633,6.847315015170721
-1.6443000043271032,-0.9982366519176081,0.9653850011439116,0.4277442698691995,508.56,979.71,-1.4431961274108138,-1.3653850901101485,-1.7667704280643273,,,-1.2129124454254296,-1.216579655763545,0.0,1.0658141036401503e-14,-1.1102230246251565e-16,0,0,0,1,0,0,6.233547608241586,6.888276799144493
-1.6443000043271032,-0.7073923928403791,0.9653850011439116,0.4277442698691995,508.41,1022.81,-1.5564583472746163,-1.3198179871770201,-1.7667704280643273,,,-1.2129124454254296,-1.216579655763545,0.0,1.0658141036401503e-14,-1.1102230246251565e-16,0,0,0,1,0,0,6.233253193291032,6.931286241508502
-1.6443000043271032,-0.4165481337631501,0.9653850011439116,0.4277442698691995,520.44,1057.95,-1.574258367822607,-1.3578559302451225,-1.7667704280643273,,,-1.2129124454254296,-1.216579655763545,0.0,1.0658141036401503e-14,-1.1102230246251565e-16,0,0,0,1,0,0,6.256594215089252,6.965033130133611
-1.6443000043271032,-0.12570387468592106,0.9653850011439116,0.4277442698691995,481.17,953.8,-1.5936316553437944,-1.2167626115244723,-1.8044364806287205,,,-1.2129124454254296,-1.216579655763545,0.0,1.0658141036401503e-14,-1.1102230246251565e-16,0,0,0,1,0,0,6.178296748963036,6.861501894464675
-1.6443000043271032,0.16514038439130796,0.9653850011439116,0.4277442698691995,499.11,934.43,-1.654046407335203,-1.244081958951391,-1.8044364806287205,,,-1.2129124454254296,-1.216579655763545,0.0,1.0658141036401503e-14,-1.1102230246251565e-16,0,0,0,1,0,0,6.214828074225741,6.841006316618419
-1.6443000043271032,0.455984643468537,0.9653850011439116,0.4277442698691995,477.55,969.6,-1.509552887722479,-1.252526120883347,-1.8044364806287205,,,-1.2129124454254296,-1.216579655763545,0.0,1.0658141036401503e-14,-1.1102230246251565e-16,0,0,0,1,0,0,6.1707606986419155,6.877914436971116
-1.6443000043271032,0.7468289025457661,0.9653850011439116,0.4277442698691995,482.58,1010.85,-1.5266247847126264,-1.2439773872865985,-1.7667704280643273,,,-1.2129124454254296,-1.216579655763545,0.0,1.0658141036401503e-14,-1.1102230246251565e-16,0,0,0,1,0,0,6.181216761392465,6.919535617517669
-1.6443000043271032,1.037673161622995,0.9653850011439116,0.4277442698691995,461.83,984.57,-1.439314968803381,-1.2944070726325567,-1.7667704280643273,,,-1.2129124454254296,-1.216579655763545,0.0,1.0658141036401503e-14,-1.1102230246251565e-16,0,0,0,1,0,0,6.137359816036245,6.893220154004312
-1.6443000043271032,1.3285174207002242,0.9653850011439116,0.4277442698691995,492.31,916.72,-1.527664961223831,-1.2527614071291295,-1.7667704280643273,,,-1.2129124454254296,-1.216579655763545,0.0,1.0658141036401503e-14,-1.1102230246251565e-16,0,0,0,1,0,0,6.201137779674202,6.821892333201961
-1.6443000043271032,1.619361679777453,0.9653850011439116,0.4277442698691995,487.62,902.66,-1.5221000168888859,-1.2157953236251455,-1.8044364806287205,,,-1.2129124454254296,-1.216579655763545,0.0,1.0658141036401503e-14,-1.1102230246251565e-16,0,0,0,1,0,0,6.191585091264652,6.806453183451812
-1.4682315828111336,-1.5799251700720662,0.9653850011439116,0.4277442698691995,539.67,956.57,-1.5520180937924113,-1.2034820100958836,-1.729104375499934,-0.04399163411346257,-0.1899957862880671,-1.2129124454254296,-1.216579655763545,0.0,1.0658141036401503e-14,-1.1102230246251565e-16,0,0,0,1,0,0,6.292809111216357,6.864398825432219
-1.4682315828111336,-1.2890809109948371,0.9653850011439116,0.4277442698691995,529.46,989.33,-1.616073463573036,-1.2571011312179985,-1.729104375499934,-0.032852190578754804,-0.15724258258567247,-1.2129124454254296,-1.216579655763545,0.0,1.0658141036401503e-14,-1.1102230246251565e-16,0,0,0,1,0,0,6.273744554645768,6.898038220918756
-1.4682315828111336,-0.9982366519176081,0.9653850011439116,0.4277442698691995,577.01,1020.45,-1.591752836520431,-1.26154542697166,-1.729104375499934,0.044063014779941664,-0.19818408721366576,-1.2129124454254296,-1.216579655763545,0.0,1.0658141036401503e-14,-1.1102230246251565e-16,0,0,0,1,0,0,6.359591169560779,6.928978465433662
-1.4682315828111336,-0.7073923928403791,0.9653850011439116,0.4277442698691995,588.01,1101.25,-1.5386518256234307,-1.213834604910295,-1.6537722703711475,0.10241248091412516,-0.06132248602865959,-1.2129124454254296,-1.216579655763545,0.0,1.0658141036401503e-14,-1.1102230246251565e-16,0,0,0,1,0,0,6.378443161436156,7.005108824238047
-1.4682315828111336,-0.4165481337631501,0.9653850011439116,0.4277442698691995,610.21,1131.46,-1.557706559088062,-1.2410755235886197,-1.6537722703711475,0.14458323143837598,-0.08939666063071214,-1.2129124454254296,-1.216579655763545,0.0,1.0658141036401503e-14,-1.1102230246251565e-16,0,0,0,1,0,0,6.415440598975011,7.03214753664512
-1.4682315828111336,-0.12570387468592106,0.9653850011439116,0.4277442698691995,551.45,961.62,-1.5916553199725054,-1.0615782609730955,-1.729104375499934,0.07429864723129127,-0.328417063839854,-1.1544775851208855,-0.9576445455987785,0.0,1.0658141036401503e-14,-1.1102230246251565e-16,0,0,0,1,0,0,6.3143629315591845,6.869658733715292
-1.4682315828111336,0.16514038439130796,0.9653850011439116,0.4277442698691995,594.72,1112.32,-1.5617567463785653,-1.1422814432763468,-1.6537722703711475,0.19524117703668986,0.38201552122875354,-1.1544775851208855,-0.7634432129752039,0.0,1.0658141036401503e-14,-1.1102230246251565e-16,0,0,0,1,0,0,6.389770758017667,7.015101821183019
-1.4682315828111336,0.455984643468537,0.9653850011439116,0.4277442698691995,563.53,1057.79,-1.509130316014802,-1.1615487725142786,-1.6914383229355408,0.1647403197392758,-0.005564055916249679,-1.1544775851208855,-0.5045081028104378,0.0,1.0658141036401503e-14,-1.1102230246251565e-16,0,0,0,1,0,0,6.335993526553158,6.96488202565402
-1.4682315828111336,0.7468289025457661,0.9653850011439116,0.4277442698691995,589.8,1316.27,-1.5014850186574475,-1.1828291062994576,-1.578440165242361,0.2763999799324178,0.8175551466522634,-1.1544775851208855,-0.5045081028104378,0.0,1.0658141036401503e-14,-1.1102230246251565e-16,0,0,0,1,0,0,6.381477550657225,7.183316692120839
-1.4682315828111336,1.037673161622995,0.9653850011439116,0.4277442698691995,529.16,1437.21,-1.5136355805289576,-1.3351115931528552,-1.6161062178067542,0.07376819753916235,1.4320676351638577,-1.1544775851208855,-0.5045081028104378,0.0,1.0658141036401503e-14,-1.1102230246251565e-16,0,0,0,1,0,0,6.273178847779971,7.271154563780085
-1.4682315828111336,1.3285174207002242,0.9653850011439116,0.4277442698691995,634.11,1340.13,-1.3148578492377379,-0.89575374352913,-1.5031080601135745,0.45091792864283947,1.4406458551811516,-1.1544775851208855,-0.5045081028104378,0.0,1.0658141036401503e-14,-1.1102230246251565e-16,0,0,0,1,0,0,6.453798212236851,7.201267821163214
-1.4682315828111336,1.619361679777453,0.9653850011439116,0.4277442698691995,662.19,1332.63,-1.2523692453271151,-1.0432520767182918,-1.5031080601135745,0.6365753208879689,1.4967942043852571,-1.1544775851208855,-0.5045081028104378,0.0,1.0658141036401503e-14,-1.1102230246251565e-16,0,0,0,1,0,0,6.497061525299685,7.195659826684464
-1.2921631612951643,-1.5799251700720662,0.9653850011439116,0.4277442698691995,672.59,1430.76,-1.217568839924123,-1.1023612102419884,-1.427775954984788,0.3403191678339552,1.5724385081741208,-1.0960427248163418,-0.31030677018686253,0.0,1.0658141036401503e-14,-1.1102230246251565e-16,0,0,0,1,0,0,6.512621617212219,7.266659735709153
-1.2921631612951643,-1.2890809109948371,0.9653850011439116,0.4277442698691995,667.34,1494.69,-1.2854663616930098,-1.0968450549242084,-1.427775954984788,0.3777158711290456,1.6313162910200918,-1.0960427248163418,-0.31030677018686253,0.0,1.0658141036401503e-14,-1.1102230246251565e-16,0,0,0,1,0,0,6.5047970260851535,7.31034291781021
-1.2921631612951643,-0.9982366519176081,0.9653850011439116,0.4277442698691995,774.88,1421.46,-1.1031429225884097,-0.7902670766701666,-1.3524438498560014,0.5965263691322339,1.1719916010031766,-1.0960427248163418,-0.31030677018686253,0.0,1.0658141036401503e-14,-1.1102230246251565e-16,0,0,0,1,0,0,6.653997869050091,7.260143046097217
-1.2921631612951643,-0.7073923928403791,0.9653850011439116,0.4277442698691995,699.93,1440.11,-0.9854924580679623,-0.28855837191419215,-1.2771117447272147,0.19179325403785177,0.839390615787193,-1.0960427248163418,-0.31030677018686253,0.0,1.0658141036401503e-14,-1.1102230246251565e-16,0,0,0,1,0,0,6.552408024701865,7.273168928963949
-1.2921631612951643,-0.4165481337631501,0.9653850011439116,0.4277442698691995,814.81,1712.45,-0.6486247938111227,-0.030240216961672926,-1.0511154293408553,0.5763692808313341,1.641844106495862,-1.0960427248163418,-0.31030677018686253,0.0,1.0658141036401503e-14,-1.1102230246251565e-16,0,0,0,1,0,0,6.70418148471468,7.446264160848066
-1.2921631612951643,-0.12570387468592106,0.9653850011439116,0.4277442698691995,865.3,1711.4,-0.6157422138506639,-0.051102264087683494,-1.013449376776462,1.196464970930066,2.6798087285884153,-1.1544775851208855,-0.5045081028104378,0.0,1.0658141036401503e-14,-1.1102230246251565e-16,0,0,0,1,0,0,6.764231268896094,7.445651174270791
-1.2921631612951643,0.16514038439130796,0.9653850011439116,0.4277442698691995,794.68,1453.37,-0.747688604296981,-0.12126985116313782,-1.1641135870340353,0.5787563044459143,0.8351015057785461,-1.1544775851208855,-0.7634432129752039,0.0,1.0658141036401503e-14,-1.1102230246251565e-16,0,0,0,1,0,0,6.679197094966429,7.282328096147768
-1.2921631612951643,0.455984643468537,0.9653850011439116,0.4277442698691995,711.33,1672.09,-0.8143899230779832,-0.19954174225997384,-1.1641135870340353,0.38275514320427056,1.903869736115019,-1.1544775851208855,-0.9576445455987785,0.0,1.0658141036401503e-14,-1.1102230246251565e-16,0,0,0,1,0,0,6.5685412871829065,7.422427495116702
-1.2921631612951643,0.7468289025457661,0.9653850011439116,0.4277442698691995,706.55,1768.46,-0.8063155529097565,-0.3261257424907296,-1.126447534469642,0.212215567184816,0.9789816506140655,-1.1544775851208855,-0.9576445455987785,0.0,1.0658141036401503e-14,-1.1102230246251565e-16,0,0,0,1,0,0,6.56180829839838,7.478429694274293
-1.2921631612951643,1.037673161622995,0.9653850011439116,0.4277442698691995,645.96,1587.95,-0.9860125463235647,-0.4183056650049064,-1.2771117447272147,0.2724216072414508,0.04863469782937957,-1.1544775851208855,-0.9576445455987785,0.0,1.0658141036401503e-14,-1.1102230246251565e-16,0,0,0,1,0,0,6.472284468787567,7.370828699710615
-1.2921631612951643,1.3285174207002242,0.9653850011439116,0.4277442698691995,688.3,1414.93,-0.9716841148817199,-0.37906514779169614,-1.2771117447272147,-0.08616238463771338,-0.14281557619295102,-1.1544775851208855,-0.9576445455987785,0.0,1.0658141036401503e-14,-1.1102230246251565e-16,0,0,0,1,0,0,6.535676589891606,7.255541838003465
-1.2921631612951643,1.619361679777453,0.9653850011439116,0.4277442698691995,659.52,1222.84,-1.0088574229508982,-0.34884393666679886,-1.314777797291608,-0.32353862186541454,-0.6816837609156818,-1.1544775851208855,-0.7634432129752039,0.0,1.0658141036401503e-14,-1.1102230246251565e-16,0,0,0,1,0,0,6.4930274035947875,7.109748735573556
-1.1160947397791947,-1.5799251700720662,0.9653850011439116,0.4277442698691995,746.95,1323.08,-0.8191747350295246,-0.141765897462376,-1.126447534469642,-0.01959094827553128,-0.6539995054053246,-0.979173004207254,-0.6987094354340125,0.0,1.0658141036401503e-14,-1.1102230246251565e-16,0,0,0,1,0,0,6.61733613082047,7.188473157632285
-1.1160947397791947,-1.2890809109948371,0.9653850011439116,0.4277442698691995,693.12,1400.0,-0.9685375809353256,-0.7903455054187606,-1.2017796395984286,-0.2105528374419501,-0.6075991334935987,-0.7454335629890783,-0.43977432526924587,0.0,1.0658141036401503e-14,-1.1102230246251565e-16,0,0,0,1,0,0,6.542644856222303,7.244941546337007
-1.1160947397791947,-0.9982366519176081,0.9653850011439116,0.4277442698691995,840.11,1364.41,-0.8239465447746763,-0.09572822203768387,-1.0887814819052488,-0.08961030763655152,-0.5167479851286232,-0.5701289820754466,-0.1808392151044798,0.0,1.0658141036401503e-14,-1.1102230246251565e-16,0,0,0,1,0,0,6.73472244809044,7.2192100288185
-1.1160947397791947,-0.7073923928403791,0.9653850011439116,0.4277442698691995,776.0,1366.67,-0.9955431636074777,-0.5460922393807707,-1.2017796395984286,-0.02463022035075625,-0.5592491661233971,-0.3363895408572714,0.013362117519095442,0.0,1.0658141036401503e-14,-1.1102230246251565e-16,0,0,0,1,0,0,6.655440350367647,7.220863841012149
-1.1160947397791947,-0.4165481337631501,0.9653850011439116,0.4277442698691995,852.71,1543.75,-1.1015891589247977,-0.7886462158658905,-1.2017796395984286,-0.1896000746028569,-0.7444607346786049,-0.1610849599436393,0.20756345014266955,0.0,1.0658141036401503e-14,-1.1102230246251565e-16,0,0,0,1,0,0,6.749591557664418,7.3426173639410885
-1.1160947397791947,-0.12570387468592106,0.9653850011439116,0.4277442698691995,825.31,1523.08,-1.1158525793346925,-0.9774503566479055,-1.2394456921628219,-0.4354635069046211,-0.78930143022355,0.014219620969991733,0.40176478276624483,0.0,1.0658141036401503e-14,-1.1102230246251565e-16,0,0,0,1,0,0,6.716970005775988,7.329146228307179
-1.1160947397791947,0.16514038439130796,0.9653850011439116,0.4277442698691995,625.81,1280.85,-1.2511665412360344,-1.1536274689062822,-1.5031080601135745,-0.8765324259098356,-0.8232243912010302,0.18952420188362382,0.59596611538982,0.0,1.0658141036401503e-14,-1.1102230246251565e-16,0,0,0,1,0,0,6.44064346440693,7.156059625954846
-1.1160947397791947,0.455984643468537,0.9653850011439116,0.4277442698691995,470.26,1541.67,-1.296524738227755,-1.3481569083356613,-1.578440165242361,-1.2117766313353264,-0.6645273208810942,0.3648287827972559,0.7254336704722029,0.0,1.0658141036401503e-14,-1.1102230246251565e-16,0,0,0,1,0,0,6.155409958696227,7.341269960403711
-1.1160947397791947,0.7468289025457661,0.9653850011439116,0.4277442698691995,449.76,1550.0,-1.3253051220721503,-1.079956731060295,-1.578440165242361,-1.2767567186211217,-0.8419405076023985,0.5401333637108869,0.8549012255545856,0.0,1.0658141036401503e-14,-1.1102230246251565e-16,0,0,0,1,0,0,6.110935047084149,7.346655163176539
-1.1160947397791947,1.037673161622995,0.9653850011439116,0.4277442698691995,435.67,1418.18,-1.332326313522782,-1.3976193057822923,-1.6161062178067542,-1.1762365019626873,-0.7772139383809996,0.715437944624519,0.9843687806369694,0.0,1.0658141036401503e-14,-1.1102230246251565e-16,0,0,0,1,0,0,6.079177761085738,7.257834519009567
-1.1160947397791947,1.3285174207002242,0.9653850011439116,0.4277442698691995,458.97,1300.9,-1.2332364986241433,-2.000082809565391,-1.6914383229355408,-1.1966588151096516,-0.6746652172651687,0.89074252553815,1.0491025581781608,0.0,1.0658141036401503e-14,-1.1102230246251565e-16,0,0,0,1,0,0,6.13116126996509,7.171580014903351
-1.1160947397791947,1.619361679777453,0.9653850011439116,0.4277442698691995,461.63,1318.18,-1.1905892616647507,-1.8658127919724212,-1.6914383229355408,-1.108869391062312,-0.05625353783662233,1.0660471064517822,1.0491025581781608,0.0,1.0658141036401503e-14,-1.1102230246251565e-16,0,0,0,1,0,0,6.1369275985376746,7.184765610427008
-0.9400263182632251,-1.5799251700720662,0.9653850011439116,0.4277442698691995,498.13,1550.0,-1.256497445855959,-1.9950633696553735,-1.6161062178067542,-1.1963935902635872,0.3083208128983656,1.0660471064517822,1.0491025581781608,0.0,1.0658141036401503e-14,-1.1102230246251565e-16,0,0,0,1,0,0,6.212866582863889,7.346655163176539
-0.9400263182632251,-1.2890809109948371,0.9653850011439116,0.4277442698691995,614.01,1700.0,-1.1183425018583888,-2.0136771259883552,-1.4654420075491812,-0.6155511773823967,0.47520618414390026,1.0660471064517822,1.0491025581781608,0.0,1.0658141036401503e-14,-1.1102230246251565e-16,0,0,0,1,0,0,6.421638527836924,7.438971592395862
-0.9400263182632251,-0.9982366519176081,0.9653850011439116,0.4277442698691995,830.11,1700.0,-0.980785659354761,-1.7440129454059006,-1.2771117447272147,-0.3444913847045077,0.5988105362112706,1.0660471064517822,1.0491025581781608,0.0,1.0658141036401503e-14,-1.1102230246251565e-16,0,0,0,1,0,0,6.7227621567330145,7.438971592395862
-0.9400263182632251,-0.7073923928403791,0.9653850011439116,0.4277442698691995,733.33,1733.33,-1.017679419986553,-1.303478664553265,-1.2394456921628219,-0.4588032933582945,0.6857624936592943,1.0660471064517822,1.0491025581781608,0.0,1.0658141036401503e-14,-1.1102230246251565e-16,0,0,0,1,0,0,6.598958518859292,7.458376450652252
-0.9400263182632251,-0.4165481337631501,0.9653850011439116,0.4277442698691995,950.0,1833.33,-0.8365001750442783,-1.1921882702983444,-0.9757833242120688,-0.010308078663274817,0.3710977866612888,1.0660471064517822,1.0491025581781608,0.0,1.0658141036401503e-14,-1.1102230246251565e-16,0,0,0,1,0,0,6.85751406254539,7.5144345711993745
-0.9400263182632251,-0.12570387468592106,0.9653850011439116,0.4277442698691995,1000.0,2000.0,-0.9334316236821667,-0.7935087982787197,-0.9381172716476756,0.24855137109564848,0.8604462467387324,1.0660471064517822,1.0491025581781608,0.0,1.0658141036401503e-14,-1.1102230246251565e-16,0,0,0,1,0,0,6.90875477931522,7.601402334583733
-0.9400263182632251,0.16514038439130796,0.9653850011439116,0.4277442698691995,904.52,1500.0,-0.7905048699394452,-0.4565004655701967,-0.9381172716476756,0.8683818363483161,0.30676113653158493,1.0660471064517822,1.0491025581781608,0.0,1.0658141036401503e-14,-1.1102230246251565e-16,0,0,0,1,0,0,6.8085093643241645,7.313886831633462
-0.9400263182632251,0.455984643468537,0.9653850011439116,0.4277442698691995,1050.0,1850.0,-0.7288159017218108,-1.2964723630121993,-0.862785166518889,2.9567622742599573,0.4194477540314903,1.0660471064517822,1.0491025581781608,0.0,1.0658141036401503e-14,-1.1102230246251565e-16,0,0,0,1,0,0,6.957497370876951,7.523481312573497
-0.9400263182632251,0.7468289025457661,0.9653850011439116,0.4277442698691995,700.0,1600.0,-0.9155535898958358,-1.5725154151469674,-1.0887814819052488,1.1627814154798786,-0.23444656274131695,1.0660471064517822,1.0491025581781608,0.0,1.0658141036401503e-14,-1.1102230246251565e-16,0,0,0,1,0,0,6.55250788703459,7.3783837129967145
-0.9400263182632251,1.037673161622995,0.9653850011439116,0.4277442698691995,685.0,1350.0,-0.9712225365548728,-0.06642201297971662,-1.0511154293408553,1.2049521660041294,-0.5479415124642371,1.0660471064517822,1.0491025581781608,0.0,1.0658141036401503e-14,-1.1102230246251565e-16,0,0,0,1,0,0,6.530877627725885,7.208600337960199
-0.9400263182632251,1.3285174207002242,0.9653850011439116,0.4277442698691995,747.0,1302.25,-0.8258643702172098,0.795431505320019,-0.9381172716476756,1.351356281031717,-0.35649123844190655,1.0660471064517822,1.0491025581781608,0.0,1.0658141036401503e-14,-1.1102230246251565e-16,0,0,0,1,0,0,6.617402977974478,7.172616423648216
-0.9400263182632251,1.619361679777453,0.9653850011439116,0.4277442698691995,733.0,1367.0,-0.8105152655737456,0.7983856548503943,-0.9004512190832823,1.2463272419901867,-0.21612036543164378,1.0660471064517822,1.0491025581781608,0.0,1.0658141036401503e-14,-1.1102230246251565e-16,0,0,0,1,0,0,6.598509028614515,7.221105098182496
-0.7639578967472556,-1.5799251700720662,0.9653850011439116,0.4277442698691995,600.0,1417.0,-0.8312927913850596,-0.06257900429860934,-1.0511154293408553,0.22945518217900654,-0.6949410100333179,1.0660471064517822,1.0491025581781608,0.0,1.0658141036401503e-14,-1.1102230246251565e-16,0,0,0,1,0,0,6.398594934535208,7.257002707092073
-0.7639578967472556,-1.2890809109948371,0.9653850011439116,0.4277442698691995,625.0,1500.0,-0.842162635927149,-0.17264068149222353,-1.126447534469642,-0.2654543805772955,-0.8189352811923833,1.0660471064517822,1.0491025581781608,0.0,1.0658141036401503e-14,-1.1102230246251565e-16,0,0,0,1,0,0,6.439350371100098,7.313886831633462
-0.7639578967472556,-0.9982366519176081,0.9653850011439116,0.4277442698691995,758.36,1500.0,-0.7025579459170868,-0.37828086030575603,-1.0511154293408553,-0.5420838950225383,-0.8189352811923833,1.0660471064517822,1.0491025581781608,0.0,1.0658141036401503e-14,-1.1102230246251565e-16,0,0,0,1,0,0,6.632475973247399,7.313886831633462
-0.7639578967472556,-0.7073923928403791,0.9653850011439116,0.4277442698691995,833.0,1613.0,-0.33535613415224,-0.07732360903428562,-0.862785166518889,0.04751093777877976,-0.6309942789953092,1.0660471064517822,1.0491025581781608,0.0,1.0658141036401503e-14,-1.1102230246251565e-16,0,0,0,1,0,0,6.726233402358747,7.3864708488298945
-0.7639578967472556,-0.4165481337631501,0.9653850011439116,0.4277442698691995,1067.0,2050.0,-0.08603882662286172,-0.4131816534300967,-0.5237906934393498,0.013827382328592007,0.10049393702483776,1.0660471064517822,1.0491025581781608,0.0,1.0658141036401503e-14,-1.1102230246251565e-16,0,0,0,1,0,0,6.97354301952014,7.62608275807238
-0.7639578967472556,-0.12570387468592106,0.9653850011439116,0.4277442698691995,950.0,2250.0,0.12098230351965492,-0.4995839914645136,-0.48612464087495655,-0.44554205105507094,0.1270084352601096,1.0660471064517822,1.0491025581781608,0.0,1.0658141036401503e-14,-1.1102230246251565e-16,0,0,0,1,0,0,6.85751406254539,7.719129840906732
-0.7639578967472556,0.16514038439130796,0.9653850011439116,0.4277442698691995,866.14,1475.0,0.32254900808154224,0.113598107959768,-0.48612464087495655,-0.42538496275417126,-0.42550691767195237,1.0660471064517822,1.0491025581781608,0.0,1.0658141036401503e-14,-1.1102230246251565e-16,0,0,0,1,0,0,6.765200440099886,7.297091005160418
-0.7639578967472556,0.455984643468537,0.9653850011439116,0.4277442698691995,825.0,1425.0,0.2528896873468022,-0.20035217266211255,-0.5991227985681364,-0.8813064731389961,-1.2560345829826738,1.0660471064517822,1.0491025581781608,0.0,1.0658141036401503e-14,-1.1102230246251565e-16,0,0,0,1,0,0,6.716594773520978,7.262628600974241
-0.7639578967472556,0.7468289025457661,0.9653850011439116,0.4277442698691995,712.26,1400.0,-0.42431072916982754,0.08813490758290801,-0.9381172716476756,-0.2665152799615534,-0.8477892939778262,1.0660471064517822,1.0491025581781608,0.0,1.0658141036401503e-14,-1.1102230246251565e-16,0,0,0,1,0,0,6.569846010324803,7.244941546337007
-0.7639578967472556,1.037673161622995,0.9653850011439116,0.4277442698691995,561.0,1400.0,-0.3904269793173343,-0.07285317036442672,-0.9757833242120688,-0.7929865993995274,-0.21612036543164378,1.0660471064517822,1.0491025581781608,0.0,1.0658141036401503e-14,-1.1102230246251565e-16,0,0,0,1,0,0,6.331501849893691,7.244941546337007
-0.7639578967472556,1.3285174207002242,0.9653850011439116,0.4277442698691995,683.0,1400.0,-0.35359822971749283,0.14938776023484132,-0.862785166518889,-0.540227321100087,-0.0675611914957824,1.0660471064517822,1.0491025581781608,0.0,1.0658141036401503e-14,-1.1102230246251565e-16,0,0,0,1,0,0,6.52795791762255,7.244941546337007
-0.7639578967472556,1.619361679777453,0.9653850011439116,0.4277442698691995,717.0,1400.0,-0.40841553185798074,0.5471783731037333,-0.9381172716476756,-0.3707486444648903,-0.2664199282603213,1.0660471064517822,1.0491025581781608,0.0,1.0658141036401503e-14,-1.1102230246251565e-16,0,0,0,1,0,0,6.576469569048224,7.244941546337007
-0.5878894752312861,-1.5799251700720662,0.9653850011439116,0.4277442698691995,650.0,1600.0,-0.4583700088085869,-0.2324556737532665,-0.9381172716476756,-0.09199733125113176,0.14299511801961176,1.0660471064517822,1.0491025581781608,0.0,1.0658141036401503e-14,-1.1102230246251565e-16,0,0,0,1,0,0,6.478509642208569,7.3783837129967145
-0.5878894752312861,-1.2890809109948371,0.9653850011439116,0.4277442698691995,650.0,1900.0,-0.44205223978906283,-0.08751934635150904,-0.862785166518889,-0.20683968959704752,0.6795237881921716,1.0660471064517822,1.0491025581781608,0.0,1.0658141036401503e-14,-1.1102230246251565e-16,0,0,0,1,0,0,6.478509642208569,7.550135342488429
-0.5878894752312861,-0.9982366519176081,0.9653850011439116,0.4277442698691995,900.0,2000.0,-0.4830742009496987,-0.10137509193645326,-0.8251191139544957,0.18251038442559528,0.9392099032611576,1.0660471064517822,1.0491025581781608,0.0,1.0658141036401503e-14,-1.1102230246251565e-16,0,0,0,1,0,0,6.803505257608338,7.601402334583733
-0.5878894752312861,-0.7073923928403791,0.9653850011439116,0.4277442698691995,804.25,2000.0,-0.24476976223269997,-0.3256551699991653,-0.7874530613901028,-0.4044321999150781,0.5750254716178648,1.0660471064517822,1.0491025581781608,0.0,1.0658141036401503e-14,-1.1102230246251565e-16,0,0,0,1,0,0,6.691152788211308,7.601402334583733
-0.5878894752312861,-0.4165481337631501,0.9653850011439116,0.4277442698691995,700.0,2161.8,-0.3830807327069509,-0.5437132340067516,-0.862785166518889,-1.2253030984846143,-0.14788452438498828,1.0660471064517822,1.0491025581781608,0.0,1.0658141036401503e-14,-1.1102230246251565e-16,0,0,0,1,0,0,6.55250788703459,7.67915895750785
-0.5878894752312861,-0.12570387468592106,0.9653850011439116,0.4277442698691995,900.0,2000.0,-0.4403749551647453,-0.18179070216152637,-0.8251191139544957,-0.45243789705274723,-0.7935905402321969,1.0660471064517822,1.0491025581781608,0.0,1.0658141036401503e-14,-1.1102230246251565e-16,0,0,0,1,0,0,6.803505257608338,7.601402334583733
-0.5878894752312861,0.16514038439130796,0.9653850011439116,0.4277442698691995,753.2,1986.6,-0.5763975373143462,-0.4738332190094758,-0.9004512190832823,-0.6587828272909053,0.9918489806400062,1.0660471064517822,1.0491025581781608,0.0,1.0658141036401503e-14,-1.1102230246251565e-16,0,0,0,1,0,0,6.625657584824257,7.594683159728166
-0.5878894752312861,0.455984643468537,0.9653850011439116,0.4277442698691995,650.0,2283.25,-0.4361102314688063,-0.5192434644454162,-0.7874530613901028,-0.8754715265255778,1.9880922599211766,1.0660471064517822,1.0491025581781608,0.0,1.0658141036401503e-14,-1.1102230246251565e-16,0,0,0,1,0,0,6.478509642208569,7.73379302187873
-0.5878894752312861,0.7468289025457661,0.9653850011439116,0.4277442698691995,700.0,2483.5,-0.15038674604726324,-0.5058582913520357,-0.5614567460037431,-0.3585483015459247,2.6571934212700956,1.0660471064517822,1.0491025581781608,0.0,1.0658141036401503e-14,-1.1102230246251565e-16,0,0,0,1,0,0,6.55250788703459,7.817826711042375
-0.5878894752312861,1.037673161622995,0.9653850011439116,0.4277442698691995,787.0,1813.0,-0.030155343558388788,-0.0580301368801559,-0.6367888511325297,0.7556612767709162,0.7898708911419059,1.0660471064517822,1.0491025581781608,0.0,1.0658141036401503e-14,-1.1102230246251565e-16,0,0,0,1,0,0,6.669498089857879,7.503289630675082
-0.5878894752312861,1.3285174207002242,0.9653850011439116,0.4277442698691995,834.0,1500.0,-0.14874846804211553,0.24925370011123207,-0.6367888511325297,0.27348250662570867,-0.08198819788850384,1.0660471064517822,1.0491025581781608,0.0,1.0658141036401503e-14,-1.1102230246251565e-16,0,0,0,1,0,0,6.727431724850855,7.313886831633462
-0.5878894752312861,1.619361679777453,0.9653850011439116,0.4277442698691995,800.0,1500.0,0.07401833403876251,0.1684198032269912,-0.6367888511325297,-0.005799256280178819,-0.08198819788850384,1.0660471064517822,1.0491025581781608,0.0,1.0658141036401503e-14,-1.1102230246251565e-16,0,0,0,1,0,0,6.68586094706836,7.313886831633462
-0.4118210537153165,-1.5799251700720662,0.9653850011439116,0.4277442698691995,733.0,1844.0,-0.12198992729137453,-0.3766599995014792,-0.5991227985681364,0.025762500401493162,0.23423618547628253,1.0660471064517822,1.0491025581781608,0.0,1.0658141036401503e-14,-1.1102230246251565e-16,0,0,0,1,0,0,6.598509028614515,7.520234556474628
-0.4118210537153165,-1.2890809109948371,0.9653850011439116,0.4277442698691995,750.0,2000.0,-0.32964166444380916,-0.6852509823027682,-0.674454903696923,0.09498618522432001,-0.1552929871271966,1.0660471064517822,1.0491025581781608,0.0,1.0658141036401503e-14,-1.1102230246251565e-16,0,0,0,1,0,0,6.621405651764134,7.601402334583733
-0.4118210537153165,-0.9982366519176081,0.9653850011439116,0.4277442698691995,796.0,2000.0,-0.17308859840430602,-0.3952476129182634,-0.6367888511325297,-0.6195295500733637,-0.3603904293588583,1.0660471064517822,1.0491025581781608,0.0,1.0658141036401503e-14,-1.1102230246251565e-16,0,0,0,1,0,0,6.680854678790215,7.601402334583733
-0.4118210537153165,-0.7073923928403791,0.9653850011439116,0.4277442698691995,830.0,2144.38,-0.05978737192133284,0.0736255890930136,-0.48612464087495655,-0.22805767728220513,-0.07886884515494244,1.0660471064517822,1.0491025581781608,0.0,1.0658141036401503e-14,-1.1102230246251565e-16,0,0,0,1,0,0,6.7226297948554485,7.6710719718489715
-0.4118210537153165,-0.4165481337631501,0.9653850011439116,0.4277442698691995,888.0,2067.33,0.0008549186819014329,0.3096438365286313,-0.44845858831056323,0.3994643085063322,-0.5307850724296495,1.0660471064517822,1.0491025581781608,0.0,1.0658141036401503e-14,-1.1102230246251565e-16,0,0,0,1,0,0,6.790097235513905,7.634496797365753
-0.4118210537153165,-0.12570387468592106,0.9653850011439116,0.4277442698691995,900.0,1750.0,-0.10836361499459285,0.720662764993716,-0.48612464087495655,-0.31292962802283575,-0.8477892939778262,1.0660471064517822,1.0491025581781608,0.0,1.0658141036401503e-14,-1.1102230246251565e-16,0,0,0,1,0,0,6.803505257608338,7.467942332285852
-0.4118210537153165,0.16514038439130796,0.9653850011439116,0.4277442698691995,800.0,1680.0,-0.02004612809011792,0.4193917987278697,-0.5614567460037431,-0.14822499861679952,-0.9620355878445123,1.0660471064517822,1.0491025581781608,0.0,1.0658141036401503e-14,-1.1102230246251565e-16,0,0,0,1,0,0,6.68586094706836,7.427144133408616
-0.4118210537153165,0.455984643468537,0.9653850011439116,0.4277442698691995,600.0,1687.5,-0.1799927699974272,0.06486771216668051,-0.5991227985681364,-0.5168875346464136,-1.377689339591568,1.0660471064517822,1.0491025581781608,0.0,1.0658141036401503e-14,-1.1102230246251565e-16,0,0,0,1,0,0,6.398594934535208,7.431595839825622
-0.4118210537153165,0.7468289025457661,0.9653850011439116,0.4277442698691995,600.0,1712.5,-0.4160803325249204,0.03145706526562613,-0.6367888511325297,-0.6919359330489641,-1.570699289980679,1.0660471064517822,1.0491025581781608,0.0,1.0658141036401503e-14,-1.1102230246251565e-16,0,0,0,1,0,0,6.398594934535208,7.4462933413146635
-0.4118210537153165,1.037673161622995,0.9653850011439116,0.4277442698691995,588.0,1563.0,-0.19443172019358756,0.47991264972625824,-0.6367888511325297,-0.9836832637198817,-0.8980888568065036,1.0660471064517822,1.0491025581781608,0.0,1.0658141036401503e-14,-1.1102230246251565e-16,0,0,0,1,0,0,6.3784261836515865,7.355001921105257
-0.4118210537153165,1.3285174207002242,0.9653850011439116,0.4277442698691995,487.5,1550.0,-0.4450687516715567,0.6349924286128432,-0.674454903696923,-1.4149388634207107,-0.23054737182436524,1.0660471064517822,1.0491025581781608,0.0,1.0658141036401503e-14,-1.1102230246251565e-16,0,0,0,1,0,0,6.191339471482838,7.346655163176539
-0.4118210537153165,1.619361679777453,0.9653850011439116,0.4277442698691995,500.0,1525.0,-0.5047618812083167,0.9151399185906984,-0.674454903696923,-1.3075228007646003,-0.29527394104576415,1.0660471064517822,1.0491025581781608,0.0,1.0658141036401503e-14,-1.1102230246251565e-16,0,0,0,1,0,0,6.2166061010848646,7.330405211844402
-0.235752632199347,-1.5799251700720662,0.9653850011439116,0.4277442698691995,550.0,1900.0,-0.7176275031231651,1.2137443074043484,-0.5991227985681364,-0.9751960686458186,-0.24185502548352528,1.0660471064517822,1.0491025581781608,0.0,1.0658141036401503e-14,-1.1102230246251565e-16,0,0,0,1,0,0,6.311734809152915,7.550135342488429
-0.235752632199347,-1.2890809109948371,0.9653850011439116,0.4277442698691995,600.0,2100.0,-0.7176275031231651,1.6914015292581546,-0.5614567460037431,-0.8433793201517767,-0.16543088351127114,1.0660471064517822,1.0491025581781608,0.0,1.0658141036401503e-14,-1.1102230246251565e-16,0,0,0,1,0,0,6.398594934535208,7.650168700845001
-0.235752632199347,-0.9982366519176081,0.9653850011439116,0.4277442698691995,650.0,2116.64,-0.7176275031231651,3.627598188715037,-0.5237906934393498,-0.7993519957050748,-0.13306759890057165,1.0660471064517822,1.0491025581781608,0.0,1.0658141036401503e-14,-1.1102230246251565e-16,0,0,0,1,0,0,6.478509642208569,7.658057540043142
-0.235752632199347,-0.7073923928403791,0.9653850011439116,0.4277442698691995,676.44,2270.94,-0.7176275031231651,0.740348380890816,-0.5991227985681364,-0.8035955932421062,-0.13033816525870542,1.0660471064517822,1.0491025581781608,0.0,1.0658141036401503e-14,-1.1102230246251565e-16,0,0,0,1,0,0,6.518320987946501,7.7283893710416285
-0.235752632199347,-0.4165481337631501,0.9653850011439116,0.4277442698691995,794.79,2376.76,-0.7176275031231651,2.8261086639165027,-0.41079253574617,-0.5914157163905298,0.22331845090881766,1.0660471064517822,1.0491025581781608,0.0,1.0658141036401503e-14,-1.1102230246251565e-16,0,0,0,1,0,0,6.679335331942526,7.7739141470102595
-0.235752632199347,-0.12570387468592106,0.9653850011439116,0.4277442698691995,897.44,2267.0,-0.8261959264801565,3.249257905497462,-0.48612464087495655,-0.3203559237126409,0.7914305675086866,1.0660471064517822,1.0491025581781608,0.0,1.0658141036401503e-14,-1.1102230246251565e-16,0,0,0,1,0,0,6.800659926030594,7.7266536648476425
-0.235752632199347,0.16514038439130796,0.9653850011439116,0.4277442698691995,988.0,2006.43,-0.7176275031231651,3.4156575670977842,-0.48612464087495655,0.3103487602286701,0.39722236580486536,1.0660471064517822,1.0491025581781608,0.0,1.0658141036401503e-14,-1.1102230246251565e-16,0,0,0,1,0,0,6.8966943316227125,7.604610575972622
-0.235752632199347,0.455984643468537,0.9653850011439116,0.4277442698691995,1000.0,2050.0,-0.3925723433716941,3.381331918129799,-0.5991227985681364,1.4553244206889895,0.47715577960237615,1.0660471064517822,1.0491025581781608,0.0,1.0658141036401503e-14,-1.1102230246251565e-16,0,0,0,1,0,0,6.90875477931522,7.62608275807238
-0.235752632199347,0.7468289025457661,0.9653850011439116,0.4277442698691995,825.0,2250.0,-0.7176275031231651,2.9574245319790964,-0.6367888511325297,0.6816635447189289,0.8635655994722938,1.0660471064517822,1.0491025581781608,0.0,1.0658141036401503e-14,-1.1102230246251565e-16,0,0,0,1,0,0,6.716594773520978,7.719129840906732
-0.235752632199347,1.037673161622995,0.9653850011439116,0.4277442698691995,700.0,2500.0,-0.7176275031231651,2.1946788089860108,-0.5614567460037431,0.1923237037299807,1.9771745253537116,1.0660471064517822,1.0491025581781608,0.0,1.0658141036401503e-14,-1.1102230246251565e-16,0,0,0,1,0,0,6.55250788703459,7.824445930877619
-0.235752632199347,1.3285174207002242,0.9653850011439116,0.4277442698691995,1000.0,2500.0,-0.7176275031231651,1.527433158864248,-0.41079253574617,2.475379178652943,2.0294236836408652,1.0660471064517822,1.0491025581781608,0.0,1.0658141036401503e-14,-1.1102230246251565e-16,0,0,0,1,0,0,6.90875477931522,7.824445930877619
-0.235752632199347,1.619361679777453,0.9653850011439116,0.4277442698691995,900.0,2533.0,-0.7176275031231651,0.8571287875473181,-0.2977943780529905,1.8088691404929287,2.2169747667462434,1.0660471064517822,1.0491025581781608,0.0,1.0658141036401503e-14,-1.1102230246251565e-16,0,0,0,1,0,0,6.803505257608338,7.837554360881084
-0.05968421068337747,-1.5799251700720662,0.9653850011439116,0.4277442698691995,850.0,2600.0,-0.6034811332248387,1.4816830555177336,-0.3354604306173834,1.1338719072588512,1.076071504446164,1.0660471064517822,1.0491025581781608,0.0,1.0658141036401503e-14,-1.1102230246251565e-16,0,0,0,1,0,0,6.7464121285733745,7.8636512654486515
-0.05968421068337747,-1.2890809109948371,0.9653850011439116,0.4277442698691995,1000.0,2575.0,-0.5011212634191005,0.7275906377861877,-0.2977943780529905,1.4553244206889895,0.521606556055626,1.0660471064517822,1.0491025581781608,0.0,1.0658141036401503e-14,-1.1102230246251565e-16,0,0,0,1,0,0,6.90875477931522,7.853993087224244
-0.05968421068337747,-0.9982366519176081,0.9653850011439116,0.4277442698691995,1000.0,2100.0,-0.4160608292153355,3.0767408015068067,-0.37312648318177666,1.1153061680343384,-0.391194037602777,1.0660471064517822,1.0491025581781608,0.0,1.0658141036401503e-14,-1.1102230246251565e-16,0,0,0,1,0,0,6.90875477931522,7.650168700845001
-0.05968421068337747,-0.7073923928403791,0.9653850011439116,0.4277442698691995,1000.0,2500.0,-0.3956863718021132,3.1265430568640116,-0.22246227292420395,0.9556408107035269,0.03303793416157259,1.0660471064517822,1.0491025581781608,0.0,1.0658141036401503e-14,-1.1102230246251565e-16,0,0,0,1,0,0,6.90875477931522,7.824445930877619
-0.05968421068337747,-0.4165481337631501,0.9653850011439116,0.4277442698691995,835.11,2375.0,-0.48117587881675006,1.5145708440948278,-0.44845858831056323,-0.17846063106814916,-0.3631198630007245,1.0660471064517822,1.0491025581781608,0.0,1.0658141036401503e-14,-1.1102230246251565e-16,0,0,0,1,0,0,6.72876018337632,7.773173680482536
-0.05968421068337747,-0.12570387468592106,0.9653850011439116,0.4277442698691995,1025.0,2500.0,-0.5201369902645616,1.4909899336842245,-0.22246227292420395,0.06395487823477695,0.04044639690378088,1.0660471064517822,1.0491025581781608,0.0,1.0658141036401503e-14,-1.1102230246251565e-16,0,0,0,1,0,0,6.933423025730715,7.824445930877619
-0.05968421068337747,0.16514038439130796,0.9653850011439116,0.4277442698691995,1033.0,2275.0,-0.4802332188534709,1.736602631364512,-0.10946411523102409,-0.19225232306350162,0.16171123442098012,1.0660471064517822,1.0491025581781608,0.0,1.0658141036401503e-14,-1.1102230246251565e-16,0,0,0,1,0,0,6.9411900550683745,7.730174795246222
-0.05968421068337747,0.455984643468537,0.9653850011439116,0.4277442698691995,1000.0,2367.0,-0.7176275031231651,1.3750722432622557,-0.18479622035981066,-0.31292962802283575,0.24242448640188122,1.0660471064517822,1.0491025581781608,0.0,1.0658141036401503e-14,-1.1102230246251565e-16,0,0,0,1,0,0,6.90875477931522,7.769800996003896
-0.05968421068337747,0.7468289025457661,0.9653850011439116,0.4277442698691995,1000.0,2500.0,-0.7176275031231651,1.0892255975532352,-0.14713016779541738,0.24961227047990636,0.07280968151448035,1.0660471064517822,1.0491025581781608,0.0,1.0658141036401503e-14,-1.1102230246251565e-16,0,0,0,1,0,0,6.90875477931522,7.824445930877619
-0.05968421068337747,1.037673161622995,0.9653850011439116,0.4277442698691995,1076.39,2500.0,-0.706133552674353,1.251102534651302,0.11653220015533564,1.1131843692658225,-0.3603904293588583,0.9491773858426948,1.0491025581781608,0.0,1.0658141036401503e-14,-1.1102230246251565e-16,0,0,0,1,0,0,6.982296728599498,7.824445930877619
-0.05968421068337747,1.3285174207002242,0.9653850011439116,0.4277442698691995,1100.0,2250.0,-0.7176275031231651,1.294055345964629,-0.03413201010223751,-0.04770478195836517,-0.7503095210540326,0.9491773858426948,1.0491025581781608,0.0,1.0658141036401503e-14,-1.1102230246251565e-16,0,0,0,1,0,0,7.00397413672268,7.719129840906732
-0.05968421068337747,1.619361679777453,0.9653850011439116,0.4277442698691995,1200.0,2375.0,-0.7176275031231651,2.8980278263772226,0.22953035784851508,0.5710647839100447,-0.603699942576647,0.9491773858426948,1.0491025581781608,0.0,1.0658141036401503e-14,-1.1102230246251565e-16,0,0,0,1,0,0,7.0909098220799835,7.773173680482536
0.11638421083259207,-1.5799251700720662,0.9653850011439116,0.4277442698691995,1200.0,2533.0,-0.7176275031231651,3.1555878367599988,0.26719641041290837,0.7792662880706541,-0.46098955501621325,0.9491773858426948,1.0491025581781608,0.0,1.0658141036401503e-14,-1.1102230246251565e-16,0,0,0,1,0,0,7.0909098220799835,7.837554360881084
0.11638421083259207,-1.2890809109948371,0.9653850011439116,0.4277442698691995,1300.0,2700.0,-0.3925723433716941,2.9447975034554585,0.4178606206704815,0.48274491017057597,-0.17127966988669877,0.9491773858426948,1.0491025581781608,0.0,1.0658141036401503e-14,-1.1102230246251565e-16,0,0,0,1,0,0,7.170888478512505,7.901377353792616
0.11638421083259207,-0.9982366519176081,0.9653850011439116,0.4277442698691995,1400.0,2700.0,-0.5011407667286855,3.072845506993303,0.4555266732348748,0.7479697562350466,0.7536084156142547,0.9491773858426948,1.0491025581781608,0.0,1.0658141036401503e-14,-1.1102230246251565e-16,0,0,0,1,0,0,7.244941546337007,7.901377353792616
0.11638421083259207,-0.7073923928403791,0.9653850011439116,0.4277442698691995,1775.0,3000.0,-0.7037151422858025,1.2349723553571308,0.7191890411856278,1.742562928976811,0.4194477540314903,0.9491773858426948,1.0491025581781608,0.0,1.0658141036401503e-14,-1.1102230246251565e-16,0,0,0,1,0,0,7.4821189235521155,8.006700845440367
0.11638421083259207,-0.4165481337631501,0.9653850011439116,0.4277442698691995,2000.0,3133.0,-0.06751718362022303,0.43863298504960346,1.0958495668295598,3.3866917497304643,0.8842313113321382,0.9491773858426948,1.0491025581781608,0.0,1.0658141036401503e-14,-1.1102230246251565e-16,0,0,0,1,0,0,7.601402334583733,8.050065422915965
0.11638421083259207,-0.12570387468592106,0.9653850011439116,0.4277442698691995,1582.55,2478.24,-0.2550870130032122,1.510780121246117,0.606190883492448,1.1298935345678842,-0.3943133903363384,0.7738728049290627,1.0491025581781608,0.0,1.0658141036401503e-14,-1.1102230246251565e-16,0,0,0,1,0,0,7.367424441103814,7.815707340580234
0.11638421083259207,0.16514038439130796,0.9653850011439116,0.4277442698691995,1329.04,2500.0,-0.15886418461358157,1.31504810767163,0.3801945681060882,0.44720478079793685,0.025239552327669126,0.6570030843199753,1.0491025581781608,0.0,1.0658141036401503e-14,-1.1102230246251565e-16,0,0,0,1,0,0,7.19296429595152,7.824445930877619
0.11638421083259207,0.455984643468537,0.9653850011439116,0.4277442698691995,1133.0,2500.0,-0.06751718362022303,0.949125709648109,0.07886614759094235,0.03981941724291013,-0.14125589982617032,0.6570030843199753,1.0491025581781608,0.0,1.0658141036401503e-14,-1.1102230246251565e-16,0,0,0,1,0,0,7.033506484287697,7.824445930877619
0.11638421083259207,0.7468289025457661,0.9653850011439116,0.4277442698691995,1200.0,2181.25,-0.06751718362022303,2.619527340119841,0.07886614759094235,0.2175200641061054,-0.8575372712702055,0.6570030843199753,1.0491025581781608,0.0,1.0658141036401503e-14,-1.1102230246251565e-16,0,0,0,1,0,0,7.0909098220799835,7.688111733615459
0.11638421083259207,1.037673161622995,0.9653850011439116,0.4277442698691995,969.73,2300.0,-0.06751718362022303,1.4701017436420165,0.07886614759094235,-0.5757674504727261,-0.6723257027149977,0.6570030843199753,1.0491025581781608,0.0,1.0658141036401503e-14,-1.1102230246251565e-16,0,0,0,1,0,0,6.878048365772705,7.741099090035366
0.11638421083259207,1.3285174207002242,0.9653850011439116,0.4277442698691995,743.94,2067.0,-0.06751718362022303,2.090107144193978,-0.14713016779541738,-1.1714624547335268,-0.677394650907035,0.6570030843199753,1.0491025581781608,0.0,1.0658141036401503e-14,-1.1102230246251565e-16,0,0,0,1,0,0,6.613303678223537,7.63433723562832
0.11638421083259207,1.619361679777453,0.9653850011439116,0.4277442698691995,900.0,2000.0,-0.06751718362022303,2.4242136132045227,-0.0717980626666308,-0.975991743184012,-0.9760726751455384,0.6570030843199753,1.0491025581781608,0.0,1.0658141036401503e-14,-1.1102230246251565e-16,0,0,0,1,0,0,6.803505257608338,7.601402334583733
0.2924526323485616,-1.5799251700720662,0.9653850011439116,0.4277442698691995,1000.0,2500.0,-0.06751718362022303,2.323014384602033,0.1918643052841218,-0.7550594464123082,-0.411079911279231,0.6570030843199753,1.0491025581781608,0.0,1.0658141036401503e-14,-1.1102230246251565e-16,0,0,0,1,0,0,6.90875477931522,7.824445930877619
0.2924526323485616,-1.2890809109948371,0.9653850011439116,0.4277442698691995,1000.0,2500.0,-0.06751718362022303,2.3453665779513293,0.04120009502654906,-0.9250685727396337,-0.6493204763049825,0.6570030843199753,1.0491025581781608,0.0,1.0658141036401503e-14,-1.1102230246251565e-16,0,0,0,1,0,0,6.90875477931522,7.824445930877619
0.2924526323485616,-0.9982366519176081,0.9653850011439116,0.4277442698691995,900.0,2500.0,-0.06751718362022303,2.2882443060586817,0.04120009502654906,-1.26004755331906,-0.6493204763049825,0.6570030843199753,1.0491025581781608,0.0,1.0658141036401503e-14,-1.1102230246251565e-16,0,0,0,1,0,0,6.803505257608338,7.824445930877619
0.2924526323485616,-0.7073923928403791,0.9653850011439116,0.4277442698691995,800.0,2400.0,-0.06751718362022303,1.5204530002393795,0.003534042462155777,-1.7698097074549723,-1.140228612749207,0.6570030843199753,1.0491025581781608,0.0,1.0658141036401503e-14,-1.1102230246251565e-16,0,0,0,1,0,0,6.68586094706836,7.783640596221253
0.2924526323485616,-0.4165481337631501,0.9653850011439116,0.4277442698691995,800.0,2026.87,-0.06751718362022303,1.620083653869989,-0.10946411523102409,-1.9042787044096592,-1.7371947421345189,0.6570030843199753,1.0491025581781608,0.0,1.0658141036401503e-14,-1.1102230246251565e-16,0,0,0,1,0,0,6.68586094706836,7.614741260092314
0.2924526323485616,-0.12570387468592106,0.9653850011439116,0.4277442698691995,800.0,2300.0,-0.06751718362022303,1.6167896464290394,-0.0717980626666308,-1.6244664918116427,-0.6407422562876887,0.7738728049290627,1.0491025581781608,0.0,1.0658141036401503e-14,-1.1102230246251565e-16,0,0,0,1,0,0,6.68586094706836,7.741099090035366
0.2924526323485616,0.16514038439130796,0.9653850011439116,0.4277442698691995,727.58,1808.15,-0.15210303729075061,1.86182719995297,-0.22246227292420395,-1.5133372813106294,-1.4392965560794058,0.7738728049290627,1.0491025581781608,0.0,1.0658141036401503e-14,-1.1102230246251565e-16,0,0,0,1,0,0,6.591097434293783,7.500612400697362
0.2924526323485616,0.455984643468537,0.9653850011439116,0.4277442698691995,633.78,1920.0,-0.025110487479046407,0.828946723885866,-0.41079253574617,-1.481510299782893,-1.2650027220916626,0.6570030843199753,1.0491025581781608,0.0,1.0658141036401503e-14,-1.1102230246251565e-16,0,0,0,1,0,0,6.453278482169792,7.560601162768557
0.2924526323485616,0.7468289025457661,0.9653850011439116,0.4277442698691995,606.27,2000.0,-0.2661193851251767,1.0748992794767267,-0.48612464087495655,-1.625262166349836,-0.6844131945575481,0.5401333637108869,1.0491025581781608,0.0,1.0658141036401503e-14,-1.1102230246251565e-16,0,0,0,1,0,0,6.4089735027042725,7.601402334583733
0.2924526323485616,1.037673161622995,0.9653850011439116,0.4277442698691995,600.0,2400.0,-0.3925723433716941,3.135823792114305,-0.41079253574617,-1.324231966066662,-0.19077562447145746,0.6570030843199753,1.0491025581781608,0.0,1.0658141036401503e-14,-1.1102230246251565e-16,0,0,0,1,0,0,6.398594934535208,7.783640596221253
0.2924526323485616,1.3285174207002242,0.9653850011439116,0.4277442698691995,483.0,2233.0,-0.3925723433716941,2.556235340004464,-0.5991227985681364,-1.2433383880169984,-0.04728539872763334,0.6570030843199753,1.0491025581781608,0.0,1.0658141036401503e-14,-1.1102230246251565e-16,0,0,0,1,0,0,6.182084906716632,7.711548979629146
0.2924526323485616,1.619361679777453,0.9653850011439116,0.4277442698691995,613.83,2365.78,-0.3665744316947716,0.6478547433822628,-0.5991227985681364,-1.1563446385078522,0.3527715893516155,0.5401333637108869,1.0491025581781608,0.0,1.0658141036401503e-14,-1.1102230246251565e-16,0,0,0,1,0,0,6.421345806830476,7.76928566053868
0.46852105386453113,-1.5799251700720662,0.9653850011439116,0.4277442698691995,586.62,2688.0,-0.360066827396547,0.8946961581238556,-0.5991227985681364,-1.4093691416533571,-0.06717127240408723,0.5401333637108869,1.0491025581781608,0.0,1.0658141036401503e-14,-1.1102230246251565e-16,0,0,0,1,0,0,6.376080480480185,7.896924656268864
0.46852105386453113,-1.2890809109948371,0.9653850011439116,0.4277442698691995,733.0,3006.44,-0.360066827396547,0.8049736697322922,-0.44845858831056323,-1.0210799670149722,0.4295856504155649,0.5401333637108869,1.0491025581781608,0.0,1.0658141036401503e-14,-1.1102230246251565e-16,0,0,0,1,0,0,6.598509028614515,8.00884449752514
0.46852105386453113,-0.9982366519176081,0.9653850011439116,0.4277442698691995,950.0,3000.0,-0.3925723433716941,1.1018787689930702,-0.2977943780529905,-0.1654646136109901,0.4194477540314903,0.5401333637108869,1.0491025581781608,0.0,1.0658141036401503e-14,-1.1102230246251565e-16,0,0,0,1,0,0,6.85751406254539,8.006700845440367
0.46852105386453113,-0.7073923928403791,0.9653850011439116,0.4277442698691995,1350.0,3200.0,-0.06751718362022303,0.7908564949853676,0.003534042462155777,1.5104911886703993,0.9392099032611576,0.5401333637108869,1.0491025581781608,0.0,1.0658141036401503e-14,-1.1102230246251565e-16,0,0,0,1,0,0,7.208600337960199,8.071218539969863
0.46852105386453113,-0.4165481337631501,0.9653850011439116,0.4277442698691995,1550.0,3500.0,-0.06751718362022303,1.631063678673152,0.3801945681060882,2.1735533038315755,2.4735415290816687,0.5401333637108869,1.0491025581781608,0.0,1.0658141036401503e-14,-1.1102230246251565e-16,0,0,0,1,0,0,7.346655163176539,8.160803920954665
0.46852105386453113,-0.12570387468592106,0.9653850011439116,0.4277442698691995,1600.0,3450.0,-0.06751718362022303,1.718720876685074,0.4178606206704815,2.3393188326218697,1.589205029117013,0.48169850340634324,1.0491025581781608,0.0,1.0658141036401503e-14,-1.1102230246251565e-16,0,0,0,1,0,0,7.3783837129967145,8.146419323098003
0.46852105386453113,0.16514038439130796,0.9653850011439116,0.4277442698691995,1525.0,3275.0,-0.06751718362022303,2.0146325451303286,0.34252851554169494,2.593934684843761,2.8026332424723956,0.6570030843199753,1.0491025581781608,0.0,1.0658141036401503e-14,-1.1102230246251565e-16,0,0,0,1,0,0,7.330405211844402,8.09437844497296
0.46852105386453113,0.455984643468537,0.9653850011439116,0.4277442698691995,1533.33,3233.33,-0.06751718362022303,1.8714216501976393,0.30486246297730163,3.451406612170195,2.306656157836134,0.7738728049290627,1.0491025581781608,0.0,1.0658141036401503e-14,-1.1102230246251565e-16,0,0,0,1,0,0,7.335849082650574,8.08157707574757
0.46852105386453113,0.7468289025457661,0.9653850011439116,0.4277442698691995,1366.67,3066.67,-0.5009262303232495,1.155131889288414,0.07886614759094235,3.013520391317754,1.719048086651506,0.89074252553815,1.0491025581781608,0.0,1.0658141036401503e-14,-1.1102230246251565e-16,0,0,0,1,0,0,7.220863841012149,8.028673594772352
0.46852105386453113,1.037673161622995,0.9653850011439116,0.4277442698691995,1200.0,3300.0,-0.3925723433716941,1.7576738218201065,0.1918643052841218,2.3393188326218697,1.1018061644980452,0.89074252553815,1.0491025581781608,0.0,1.0658141036401503e-14,-1.1102230246251565e-16,0,0,0,1,0,0,7.0909098220799835,8.101980731853192
0.46852105386453113,1.3285174207002242,0.9653850011439116,0.4277442698691995,1200.0,3350.0,-0.3925723433716941,1.552504215498138,0.11653220015533564,3.6243332118042293,1.5899848673004038,0.89074252553815,1.0491025581781608,0.0,1.0658141036401503e-14,-1.1102230246251565e-16,0,0,0,1,0,0,7.0909098220799835,8.11701408773731
0.46852105386453113,1.619361679777453,0.9653850011439116,0.4277442698691995,1200.0,3066.67,-0.7176275031231651,1.6754020645449739,0.003534042462155777,2.2197024270467933,0.7949398393339432,1.0660471064517822,1.0491025581781608,0.0,1.0658141036401503e-14,-1.1102230246251565e-16,0,0,0,1,0,0,7.0909098220799835,8.028673594772352
0.6445894753805007,-1.5799251700720662,0.9653850011439116,0.4277442698691995,1125.0,3100.0,-0.6201109551977239,1.1132247946230063,-0.10946411523102409,2.121304009156875,0.23735553820984392,1.0660471064517822,1.0491025581781608,0.0,1.0658141036401503e-14,-1.1102230246251565e-16,0,0,0,1,0,0,7.026426808699636,8.03947991910045
0.6445894753805007,-1.2890809109948371,0.9653850011439116,0.4277442698691995,1125.0,3050.0,-0.4900888912971354,1.2888267627250274,-0.0717980626666308,1.1054928487299527,-0.303852161063058,1.0660471064517822,1.0491025581781608,0.0,1.0658141036401503e-14,-1.1102230246251565e-16,0,0,0,1,0,0,7.026426808699636,8.02322468471667
0.6445894753805007,-0.9982366519176081,0.9653850011439116,0.4277442698691995,1108.08,2855.1,-0.4765210889291091,1.0249140237061354,-0.18479622035981066,0.12840451582844328,-0.5487213506476275,0.89074252553815,1.0491025581781608,0.0,1.0658141036401503e-14,-1.1102230246251565e-16,0,0,0,1,0,0,7.011286121809029,7.957212336852101
0.6445894753805007,-0.7073923928403791,0.9653850011439116,0.4277442698691995,1140.0,3687.82,-0.19753924752081145,1.064964971321483,0.07886614759094235,-0.7256194884991519,0.23384626638458736,0.89074252553815,1.0491025581781608,0.0,1.0658141036401503e-14,-1.1102230246251565e-16,0,0,0,1,0,0,7.039660349862076,8.213061902695191
0.6445894753805007,-0.4165481337631501,0.9653850011439116,0.4277442698691995,1050.0,4929.0,-0.6848034330914617,0.46524647373917594,0.1541982527197285,-1.1685449814268176,1.2316492220325383,0.89074252553815,1.0491025581781608,0.0,1.0658141036401503e-14,-1.1102230246251565e-16,0,0,0,1,0,0,6.957497370876951,8.503094267036737
0.6445894753805007,-0.12570387468592106,0.9653850011439116,0.4277442698691995,970.0,4100.0,-0.5199939659942707,0.09822607323533891,0.04120009502654906,-1.3571198469786563,0.3742171393948501,0.89074252553815,1.0491025581781608,0.0,1.0658141036401503e-14,-1.1102230246251565e-16,0,0,0,1,0,0,6.878326468291325,8.31898612539206
0.6445894753805007,0.16514038439130796,0.9653850011439116,0.4277442698691995,938.0,3662.0,-0.5640909489661553,0.09885350322409113,-0.14713016779541738,-1.333780060524983,0.10049393702483776,0.89074252553815,1.0491025581781608,0.0,1.0658141036401503e-14,-1.1102230246251565e-16,0,0,0,1,0,0,6.844815479208263,8.206037762778815
0.6445894753805007,0.455984643468537,0.9653850011439116,0.4277442698691995,749.0,3171.0,-0.34251384876996754,0.006281436966944566,-0.3354604306173834,-1.6695547156426025,-0.4356448140560269,0.89074252553815,1.0491025581781608,0.0,1.0658141036401503e-14,-1.1102230246251565e-16,0,0,0,1,0,0,6.620073206530356,8.06211758275474
0.6445894753805007,0.7468289025457661,0.9653850011439116,0.4277442698691995,714.0,3000.0,-0.34251384876996754,-0.042501244658538904,-0.3354604306173834,-1.579643492826747,-0.4450028722567111,0.89074252553815,1.0491025581781608,0.0,1.0658141036401503e-14,-1.1102230246251565e-16,0,0,0,1,0,0,6.5722825426940075,8.006700845440367
0.6445894753805007,1.037673161622995,0.9653850011439116,0.4277442698691995,742.0,3092.0,-0.13252821557051725,0.19547772149192943,-0.18479622035981066,-1.32529286545092,-0.6060394571268182,0.89074252553815,1.0491025581781608,0.0,1.0658141036401503e-14,-1.1102230246251565e-16,0,0,0,1,0,0,6.610696044717759,8.03689677268507
0.6445894753805007,1.3285174207002242,0.9653850011439116,0.4277442698691995,806.0,2908.0,-0.5316959517453237,0.4104509213881507,-0.3354604306173834,-1.1836627976524925,-0.8746937113047932,0.89074252553815,1.0491025581781608,0.0,1.0658141036401503e-14,-1.1102230246251565e-16,0,0,0,1,0,0,6.693323668269949,7.975564658495202
0.6445894753805007,1.619361679777453,0.9653850011439116,0.4277442698691995,750.0,2914.0,-0.06751718362022303,0.33123788530818604,-0.18479622035981066,-1.3075228007646003,-0.5545701370230551,0.89074252553815,1.0491025581781608,0.0,1.0658141036401503e-14,-1.1102230246251565e-16,0,0,0,1,0,0,6.621405651764134,7.977625098784593
0.8206578968964702,-1.5799251700720662,0.9653850011439116,0.4277442698691995,688.0,3000.0,-0.06751718362022303,0.4124116401030013,-0.3354604306173834,-1.3430629301372394,-0.4863342959763996,0.89074252553815,1.0491025581781608,0.0,1.0658141036401503e-14,-1.1102230246251565e-16,0,0,0,1,0,0,6.535241271013659,8.006700845440367
0.8206578968964702,-1.2890809109948371,0.9653850011439116,0.4277442698691995,688.17,2200.92,0.061211160744554675,0.4697169124090354,-0.48612464087495655,-1.3427977052911748,-1.4459251806382236,0.7738728049290627,1.0491025581781608,0.0,1.0658141036401503e-14,-1.1102230246251565e-16,0,0,0,1,0,0,6.535487974977411,7.697084986014115
0.8206578968964702,-0.9982366519176081,0.9653850011439116,0.4277442698691995,700.0,3200.0,-0.06751718362022303,0.3387409022570141,-0.2977943780529905,-1.2897527360782808,0.11063183340891228,0.89074252553815,1.0491025581781608,0.0,1.0658141036401503e-14,-1.1102230246251565e-16,0,0,0,1,0,0,6.55250788703459,8.071218539969863
0.8206578968964702,-0.7073923928403791,0.9653850011439116,0.4277442698691995,500.0,3500.0,0.32254900808154224,0.0832200393376822,-0.37312648318177666,-1.8019019138287735,-0.558859247031702,0.89074252553815,1.0491025581781608,0.0,1.0658141036401503e-14,-1.1102230246251565e-16,0,0,0,1,0,0,6.2166061010848646,8.160803920954665
0.8206578968964702,-0.4165481337631501,0.9653850011439116,0.4277442698691995,700.0,3800.0,1.2327034553856613,0.25563257166354625,-0.10946411523102409,-1.196924039955716,-1.2536950684325026,0.89074252553815,1.0491025581781608,0.0,1.0658141036401503e-14,-1.1102230246251565e-16,0,0,0,1,0,0,6.55250788703459,8.24301946898925
0.8206578968964702,-0.12570387468592106,0.9653850011439116,0.4277442698691995,1000.0,2688.4,1.2327034553856613,0.3767004165765219,-0.22246227292420395,-0.23097515058891432,-1.7028818620653432,0.89074252553815,1.0491025581781608,0.0,1.0658141036401503e-14,-1.1102230246251565e-16,0,0,0,1,0,0,6.90875477931522,7.89707339938977
0.8206578968964702,0.16514038439130796,0.9653850011439116,0.4277442698691995,920.0,2100.0,1.1026813914850728,0.3285190220235933,-0.22246227292420395,-0.3638527984672141,-2.0233953554387765,0.89074252553815,1.0491025581781608,0.0,1.0658141036401503e-14,-1.1102230246251565e-16,0,0,0,1,0,0,6.825460036255307,7.650168700845001
0.8206578968964702,0.455984643468537,0.9653850011439116,0.4277442698691995,850.0,2000.0,0.9076482956341901,0.4992584077127845,-0.18479622035981066,0.0445934644720706,-1.800361634989137,0.89074252553815,1.0491025581781608,0.0,1.0658141036401503e-14,-1.1102230246251565e-16,0,0,0,1,0,0,6.7464121285733745,7.601402334583733
0.8206578968964702,0.7468289025457661,0.9653850011439116,0.4277442698691995,775.0,1950.0,0.9076482956341901,-0.041847671753588694,-0.18479622035981066,-0.0864276094837779,-1.7251072502919684,0.89074252553815,1.0491025581781608,0.0,1.0658141036401503e-14,-1.1102230246251565e-16,0,0,0,1,0,0,6.654152520183219,7.576097340623111
0.8206578968964702,1.037673161622995,0.9653850011439116,0.4277442698691995,820.0,2267.0,1.0376703595347785,0.07299815910426138,0.04120009502654906,-0.034178314809077175,-1.4006945660015833,0.89074252553815,1.0491025581781608,0.0,1.0658141036401503e-14,-1.1102230246251565e-16,0,0,0,1,0,0,6.710523109452428,7.7266536648476425
0.8206578968964702,1.3285174207002242,0.9653850011439116,0.4277442698691995,958.0,2060.0,1.2327034553856613,0.5245124647600601,0.04120009502654906,0.18728443165475572,-1.4973945007419867,0.89074252553815,1.0491025581781608,0.0,1.0658141036401503e-14,-1.1102230246251565e-16,0,0,0,1,0,0,6.8658910748834385,7.630946580890459
0.8206578968964702,1.619361679777453,0.9653850011439116,0.4277442698691995,975.0,1850.0,1.2327034553856613,0.11801626079723153,-0.03413201010223751,0.48274491017057597,-1.7839850331379394,0.89074252553815,1.0491025581781608,0.0,1.0658141036401503e-14,-1.1102230246251565e-16,0,0,0,1,0,0,6.883462586413092,7.523481312573497
0.9967263184124397,-1.5799251700720662,0.9653850011439116,0.4277442698691995,1000.0,2264.0,1.2327034553856613,-0.35558880904588475,0.1918643052841218,0.8898650488795383,-1.316861961287121,0.89074252553815,1.0491025581781608,0.0,1.0658141036401503e-14,-1.1102230246251565e-16,0,0,0,1,0,0,6.90875477931522,7.725330037917135
0.9967263184124397,-1.2890809109948371,0.9653850011439116,0.4277442698691995,1123.0,2561.71,1.2260788312299264,-0.20746304586797024,0.30486246297730163,1.3630261742585537,0.2786869619295324,0.89074252553815,1.0491025581781608,0.0,1.0658141036401503e-14,-1.1102230246251565e-16,0,0,0,1,0,0,7.024649030453636,7.848820571308358
0.9967263184124397,-0.9982366519176081,0.9653850011439116,0.4277442698691995,1090.0,2783.33,1.2327034553856613,-0.20843033376729686,0.4178606206704815,1.1646379894023298,-0.8680650867459752,0.89074252553815,1.0491025581781608,0.0,1.0658141036401503e-14,-1.1102230246251565e-16,0,0,0,1,0,0,6.994849985833071,7.931762548912412
0.9967263184124397,-0.7073923928403791,0.9653850011439116,0.4277442698691995,1486.0,3500.0,1.2327034553856613,0.5050359921925445,0.7945211463144144,4.917304336368523,-0.3603904293588583,0.89074252553815,1.0491025581781608,0.0,1.0658141036401503e-14,-1.1102230246251565e-16,0,0,0,1,0,0,7.304515946460155,8.160803920954665
0.9967263184124397,-0.4165481337631501,0.9653850011439116,0.4277442698691995,1700.0,3500.0,1.2327034553856613,0.07025315290347005,0.8321871988788077,3.476072522854191,-0.6680365927063509,0.89074252553815,1.0491025581781608,0.0,1.0658141036401503e-14,-1.1102230246251565e-16,0,0,0,1,0,0,7.438971592395862,8.160803920954665
0.9967263184124397,-0.12570387468592106,0.9653850011439116,0.4277442698691995,1700.0,3500.0,1.2327034553856613,-0.2811337837139574,0.98285140913638,1.5436442944284583,0.816775308468873,0.89074252553815,1.0491025581781608,0.0,1.0658141036401503e-14,-1.1102230246251565e-16,0,0,0,1,0,0,7.438971592395862,8.160803920954665
0.9967263184124397,0.16514038439130796,0.9653850011439116,0.4277442698691995,1400.0,3500.0,1.2327034553856613,-0.20832576210250492,1.0581835142651665,1.0707483938955074,2.2392001549728686,0.89074252553815,1.0491025581781608,0.0,1.0658141036401503e-14,-1.1102230246251565e-16,0,0,0,1,0,0,7.244941546337007,8.160803920954665
0.9967263184124397,0.455984643468537,0.9653850011439116,0.4277442698691995,1533.0,3800.0,1.8693629923780872,-0.24364484188601393,1.4348440399090994,1.818152010105185,3.1488813958977104,0.89074252553815,1.0491025581781608,0.0,1.0658141036401503e-14,-1.1102230246251565e-16,0,0,0,1,0,0,7.335633981927201,8.24301946898925
0.9967263184124397,0.7468289025457661,0.9653850011439116,0.4277442698691995,1767.0,4050.0,2.5329240943915456,-0.2129792011857503,1.4348440399090994,3.0819484016023875,3.8386482691064736,0.89074252553815,1.0491025581781608,0.0,1.0658141036401503e-14,-1.1102230246251565e-16,0,0,0,1,0,0,7.477604243197589,8.30671904320269
0.9967263184124397,1.037673161622995,0.9653850011439116,0.4277442698691995,1950.0,4500.0,2.5329240943915456,-0.4234558194959141,1.510176145037886,3.3418687507455687,3.4803126238386084,0.89074252553815,1.0491025581781608,0.0,1.0658141036401503e-14,-1.1102230246251565e-16,0,0,0,1,0,0,7.576097340623111,8.412054873292933
0.9967263184124397,1.3285174207002242,0.9653850011439116,0.4277442698691995,1640.0,3700.0,2.662946158292134,-0.29428367056155547,1.2088477245227398,1.5752060511101302,2.743755459626424,0.89074252553815,1.0491025581781608,0.0,1.0658141036401503e-14,-1.1102230246251565e-16,0,0,0,1,0,0,7.403061091090091,8.216358332386156
0.9967263184124397,1.619361679777453,0.9653850011439116,0.4277442698691995,1500.0,3500.0,2.3346209436335625,-0.3282433187027681,1.0958495668295598,1.1153061680343384,3.117297949470401,0.89074252553815,1.0491025581781608,0.0,1.0658141036401503e-14,-1.1102230246251565e-16,0,0,0,1,0,0,7.313886831633462,8.160803920954665
1.1727947399284093,-1.5799251700720662,0.9653850011439116,0.4277442698691995,1180.0,4160.0,1.8237837578777367,-0.16150379919187205,1.3218458822159196,0.16447509489321127,2.9051819635882263,0.89074252553815,1.0491025581781608,0.0,1.0658141036401503e-14,-1.1102230246251565e-16,0,0,0,1,0,0,7.074116816197362,8.333510708982942
1.1727947399284093,-1.2890809109948371,0.9653850011439116,0.4277442698691995,1420.0,4500.0,1.2961867280851234,-0.45506260517930575,1.246513777087133,0.3885900898176889,2.58973741840683,1.0660471064517822,1.0491025581781608,0.0,1.0658141036401503e-14,-1.1102230246251565e-16,0,0,0,1,0,0,7.259116128097101,8.412054873292933
1.1727947399284093,-0.9982366519176081,0.9653850011439116,0.4277442698691995,1520.0,4072.0,1.12076095947045,-0.5657255694454748,1.1711816719583463,0.7333823897015007,1.4449349651897985,1.0660471064517822,1.0491025581781608,0.0,1.0658141036401503e-14,-1.1102230246251565e-16,0,0,0,1,0,0,7.327123292259293,8.312135107648412
1.1727947399284093,-0.7073923928403791,0.9653850011439116,0.4277442698691995,1550.0,4750.0,0.9458747824209632,-0.5756075917683218,1.4725100924734926,-0.19861771936904893,1.032010647084609,1.0660471064517822,1.0491025581781608,0.0,1.0658141036401503e-14,-1.1102230246251565e-16,0,0,0,1,0,0,7.346655163176539,8.46611040118692
1.1727947399284093,-0.4165481337631501,0.9653850011439116,0.4277442698691995,1637.5,4775.0,0.9076482956341901,-0.4970481285933073,1.4348440399090994,-0.4105323713745609,1.0600848216866616,1.0660471064517822,1.0491025581781608,0.0,1.0658141036401503e-14,-1.1102230246251565e-16,0,0,0,1,0,0,7.401536468138869,8.471358655072438
1.1727947399284093,-0.12570387468592106,0.9653850011439116,0.4277442698691995,1625.0,4500.0,0.9076482956341901,-0.73641266930227,1.3595119347803128,-0.4298937851372673,0.7536084156142547,1.0660471064517822,1.0491025581781608,0.0,1.0658141036401503e-14,-1.1102230246251565e-16,0,0,0,1,0,0,7.3938782901077555,8.412054873292933
1.1727947399284093,0.16514038439130796,0.9653850011439116,0.4277442698691995,1333.0,4167.0,0.9076482956341901,-0.7568564297691123,1.0958495668295598,-0.4399723292877172,0.3827953594121439,1.0660471064517822,1.0491025581781608,0.0,1.0658141036401503e-14,-1.1102230246251565e-16,0,0,0,1,0,0,7.195937226475569,8.335191583433202
1.1727947399284093,0.455984643468537,0.9653850011439116,0.4277442698691995,1167.0,4000.0,0.9076482956341901,-0.8033646776853687,0.9451853565719867,-0.946021335578727,-0.1552929871271966,1.0660471064517822,1.0491025581781608,0.0,1.0658141036401503e-14,-1.1102230246251565e-16,0,0,0,1,0,0,7.0630481633881725,8.294299608857235
1.1727947399284093,0.7468289025457661,0.9653850011439116,0.4277442698691995,1100.0,4575.0,0.9076482956341901,-0.9104199195162123,1.0958495668295598,-1.314153421916212,0.14494471347808766,1.0660471064517822,1.0491025581781608,0.0,1.0658141036401503e-14,-1.1102230246251565e-16,0,0,0,1,0,0,7.00397413672268,8.428580533059634
1.1727947399284093,1.037673161622995,0.9653850011439116,0.4277442698691995,1067.0,4500.0,0.9076482956341901,-0.8661338194767864,0.98285140913638,-1.5138677310027584,-0.3603904293588583,1.0660471064517822,1.0491025581781608,0.0,1.0658141036401503e-14,-1.1102230246251565e-16,0,0,0,1,0,0,6.97354301952014,8.412054873292933
1.1727947399284093,1.3285174207002242,0.9653850011439116,0.4277442698691995,786.88,3300.0,0.9076482956341901,-0.7554708552106179,0.34252851554169494,-1.6926292772502116,-0.7818929674813416,1.0660471064517822,1.0491025581781608,0.0,1.0658141036401503e-14,-1.1102230246251565e-16,0,0,0,1,0,0,6.669345793997494,8.101980731853192
1.1727947399284093,1.619361679777453,0.9653850011439116,0.4277442698691995,712.94,2933.0,0.9076482956341901,-0.7747381844485496,0.04120009502654906,-1.7045643953231129,-0.9920593579050406,1.0660471064517822,1.0491025581781608,0.0,1.0658141036401503e-14,-1.1102230246251565e-16,0,0,0,1,0,0,6.570798925195117,7.984121958702927
1.348863161444379,-1.5799251700720662,0.9653850011439116,0.4277442698691995,730.0,3800.0,0.9076482956341901,-0.7608040101150114,0.11653220015533564,-1.3244971909127263,-0.6976704436751842,1.0660471064517822,1.0491025581781608,0.0,1.0658141036401503e-14,-1.1102230246251565e-16,0,0,0,1,0,0,6.594413459749778,8.24301946898925
1.348863161444379,-1.2890809109948371,0.9653850011439116,0.4277442698691995,740.0,4500.0,0.9076482956341901,-1.1296282718365107,0.1541982527197285,-1.583091415825585,-0.3603904293588583,1.0660471064517822,1.0491025581781608,0.0,1.0658141036401503e-14,-1.1102230246251565e-16,0,0,0,1,0,0,6.608000625296087,8.412054873292933
1.348863161444379,-0.9982366519176081,0.9653850011439116,0.4277442698691995,722.0,4300.0,0.9076482956341901,-0.8953093139537637,0.4178606206704815,-1.7053600698613063,-0.14203573800956068,1.0660471064517822,1.0491025581781608,0.0,1.0658141036401503e-14,-1.1102230246251565e-16,0,0,0,1,0,0,6.583409222158765,8.366602832783736
1.348863161444379,-0.7073923928403791,0.9653850011439116,0.4277442698691995,788.0,4000.0,0.9076482956341901,-0.7927506537089776,0.22953035784851508,-1.6167749712757729,-0.9760726751455384,1.0660471064517822,1.0491025581781608,0.0,1.0658141036401503e-14,-1.1102230246251565e-16,0,0,0,1,0,0,6.670766320845874,8.294299608857235
1.348863161444379,-0.4165481337631501,0.9653850011439116,0.4277442698691995,730.0,4250.0,0.9889120855720579,-0.7568564297691123,0.606190883492448,-1.7828057249121319,-0.7889115111318548,1.0660471064517822,1.0491025581781608,0.0,1.0658141036401503e-14,-1.1102230246251565e-16,0,0,0,1,0,0,6.594413459749778,8.35490952835879
1.348863161444379,-0.12570387468592106,0.9653850011439116,0.4277442698691995,700.0,4000.0,1.0701758755099258,-0.7988419531831132,0.606190883492448,-1.8225894518218024,-0.7935905402321969,1.0660471064517822,1.0491025581781608,0.0,1.0658141036401503e-14,-1.1102230246251565e-16,0,0,0,1,0,0,6.55250788703459,8.294299608857235
1.348863161444379,0.16514038439130796,0.9653850011439116,0.4277442698691995,765.0,3875.0,0.9076482956341901,-0.5884176207053454,0.4931927257992681,-1.4430526971035447,-0.6337237126371755,1.0660471064517822,1.0491025581781608,0.0,1.0658141036401503e-14,-1.1102230246251565e-16,0,0,0,1,0,0,6.641182169740591,8.262558973010657
1.348863161444379,0.455984643468537,0.9653850011439116,0.4277442698691995,761.0,3938.0,0.9076482956341901,-0.7146356201093288,0.4931927257992681,-1.2356468674811287,-0.4208278885716103,1.0660471064517822,1.0491025581781608,0.0,1.0658141036401503e-14,-1.1102230246251565e-16,0,0,0,1,0,0,6.635946555686647,8.278682162970906
1.348863161444379,0.7468289025457661,0.9653850011439116,0.4277442698691995,736.58,4667.0,0.9076482956341901,-0.6996818720440686,0.606190883492448,-1.1892325194198463,-0.2820166919281282,1.0660471064517822,1.0491025581781608,0.0,1.0658141036401503e-14,-1.1102230246251565e-16,0,0,0,1,0,0,6.603374556907305,8.448485993406447
1.348863161444379,1.037673161622995,0.9653850011439116,0.4277442698691995,817.0,4267.0,0.9076482956341901,-0.6728592400249123,0.606190883492448,-0.9343514423518902,-0.5623685188569586,1.0660471064517822,1.0491025581781608,0.0,1.0658141036401503e-14,-1.1102230246251565e-16,0,0,0,1,0,0,6.706862336602747,8.358900612421644
1.348863161444379,1.3285174207002242,0.9653850011439116,0.4277442698691995,1000.0,4500.0,0.9076482956341901,-0.6411740255929261,0.98285140913638,0.4052992551197505,1.0573553880447955,1.0660471064517822,1.0491025581781608,0.0,1.0658141036401503e-14,-1.1102230246251565e-16,0,0,0,1,0,0,6.90875477931522,8.412054873292933
1.348863161444379,1.619361679777453,0.9653850011439116,0.4277442698691995,890.0,3903.64,0.9076482956341901,-0.5678954314899093,0.6438569360568412,0.34562366475524464,0.9298518450604736,1.0660471064517822,1.0491025581781608,0.0,1.0658141036401503e-14,-1.1102230246251565e-16,0,0,0,1,0,0,6.792344427470809,8.269920868523434
1.5249315829603483,-1.5799251700720662,0.9653850011439116,0.4277442698691995,890.0,4039.62,0.40071827289857587,-0.04752068456855666,0.4555266732348748,0.2684432345504838,-0.11435148249920331,1.0660471064517822,1.0491025581781608,0.0,1.0658141036401503e-14,-1.1102230246251565e-16,0,0,0,1,0,0,6.792344427470809,8.30415342452713
1.5249315829603483,-1.2890809109948371,0.9653850011439116,0.4277442698691995,927.0,3955.52,0.7314683990488928,-0.5028779989054626,0.5685248309280546,0.35729355798208134,-0.832192530310019,1.0660471064517822,1.0491025581781608,0.0,1.0658141036401503e-14,-1.1102230246251565e-16,0,0,0,1,0,0,6.833031732786201,8.283120130009301
1.5249315829603483,-0.9982366519176081,0.9653850011439116,0.4277442698691995,940.0,3713.0,0.7990798722771988,-0.4223055311832016,0.5308587783636614,0.4877841822458009,-0.8926299895227713,1.0660471064517822,1.0491025581781608,0.0,1.0658141036401503e-14,-1.1102230246251565e-16,0,0,0,1,0,0,6.846943139585379,8.219864741912652
1.5249315829603483,-0.7073923928403791,0.9653850011439116,0.4277442698691995,1300.0,4000.0,1.0162167189911815,-0.33080532449017297,0.98285140913638,1.4102361968580295,-0.3603904293588583,1.0660471064517822,1.0491025581781608,0.0,1.0658141036401503e-14,-1.1102230246251565e-16,0,0,0,1,0,0,7.170888478512505,8.294299608857235
1.5249315829603483,-0.4165481337631501,0.9653850011439116,0.4277442698691995,1475.0,4825.0,1.1514396654477934,-0.30092397127584947,1.5855082501666726,2.393689926065086,0.16717010170471253,1.0660471064517822,1.0491025581781608,0.0,1.0658141036401503e-14,-1.1102230246251565e-16,0,0,0,1,0,0,7.297091005160418,8.481773246184977
1.5249315829603483,-0.12570387468592106,0.9653850011439116,0.4277442698691995,1388.0,4200.0,0.9076482956341901,0.3741384107891171,1.3595119347803128,2.2939653839448453,-0.16543088351127114,1.0660471064517822,1.0491025581781608,0.0,1.0658141036401503e-14,-1.1102230246251565e-16,0,0,0,1,0,0,7.236339342754344,8.343077871169383
1.5249315829603483,0.16514038439130796,0.9653850011439116,0.4277442698691995,1280.0,3760.0,0.9076482956341901,0.6322212794958538,1.0581835142651665,1.47256403568318,-0.47619639959232507,1.0660471064517822,1.0491025581781608,0.0,1.0658141036401503e-14,-1.1102230246251565e-16,0,0,0,1,0,0,7.155396301896734,8.232440158470336
1.5249315829603483,0.455984643468537,0.9653850011439116,0.4277442698691995,933.0,3100.0,0.9076482956341901,0.22554207511963884,0.4555266732348748,0.2864785240828678,-1.1901382564861893,1.0660471064517822,1.0491025581781608,0.0,1.0658141036401503e-14,-1.1102230246251565e-16,0,0,0,1,0,0,6.839476438228843,8.03947991910045
1.5249315829603483,0.7468289025457661,0.9653850011439116,0.4277442698691995,930.0,3300.0,0.8426372636838959,0.14625061029108025,0.6815229886212345,0.383550817742464,-1.5024634489340236,1.0660471064517822,1.0491025581781608,0.0,1.0658141036401503e-14,-1.1102230246251565e-16,0,0,0,1,0,0,6.836259277277067,8.101980731853192
1.5249315829603483,1.037673161622995,0.9653850011439116,0.4277442698691995,950.0,4000.0,0.7451207157584546,0.21908477481873076,0.6815229886212345,0.11885642137012237,-0.6044797807600374,1.0660471064517822,1.0491025581781608,0.0,1.0658141036401503e-14,-1.1102230246251565e-16,0,0,0,1,0,0,6.85751406254539,8.294299608857235
1.5249315829603483,1.3285174207002242,0.9653850011439116,0.4277442698691995,883.0,3833.0,0.9076482956341901,0.28603678320183,0.6438569360568412,-0.6232426979182664,-0.9382505232511066,1.0660471064517822,1.0491025581781608,0.0,1.0658141036401503e-14,-1.1102230246251565e-16,0,0,0,1,0,0,6.784457062637643,8.251663923605589
1.5249315829603483,1.619361679777453,0.9653850011439116,0.4277442698691995,920.0,3500.0,0.9076482956341901,0.19302028736931653,0.4178606206704815,-0.22354885489910917,-0.7635667701716685,1.0660471064517822,1.0491025581781608,0.0,1.0658141036401503e-14,-1.1102230246251565e-16,0,0,0,1,0,0,6.825460036255307,8.160803920954665
1.7010000044763178,-1.5799251700720662,0.9653850011439116,0.4277442698691995,1096.29,3441.13,1.0657811297500857,0.06742971795408535,0.6438569360568412,0.30186156515460705,-0.9382505232511066,0.89074252553815,0.9843687806369694,0.0,1.0658141036401503e-14,-1.1102230246251565e-16,0,0,0,1,0,0,7.000598782677181,8.14384574479737
1.7010000044763178,-1.2890809109948371,0.9653850011439116,0.4277442698691995,1081.16,3357.38,1.0864611390134744,0.31327770188015414,0.606190883492448,0.12813929098237878,-0.9499480960019618,0.7738728049290627,0.9196350030957781,0.0,1.0658141036401503e-14,-1.1102230246251565e-16,0,0,0,1,0,0,6.986714322780938,8.119213993831867
1.7010000044763178,-0.9982366519176081,0.9653850011439116,0.4277442698691995,1145.83,3497.68,1.096505343449795,0.16138735876972687,0.7191890411856278,0.26791278485835474,-0.5865435025420594,0.5985682240154306,0.7901674480133942,0.0,1.0658141036401503e-14,-1.1102230246251565e-16,0,0,0,1,0,0,7.044756893415921,8.16014103348411
1.7010000044763178,-0.7073923928403791,0.9653850011439116,0.4277442698691995,1341.77,3846.91,0.978536324872791,0.24005139360953326,0.8698532514432001,-0.2277924524361407,-0.5097294414781101,0.4232636431017996,0.6606998929310114,0.0,1.0658141036401503e-14,-1.1102230246251565e-16,0,0,0,1,0,0,7.202489923480079,8.255285422738687
1.7010000044763178,-0.4165481337631501,0.9653850011439116,0.4277442698691995,1231.51,3964.28,0.911210900185066,0.3273425907946828,0.9075193040075934,-0.7508158488752767,-1.0560060889430491,0.3063939224927112,0.5312323378486276,0.0,1.0658141036401503e-14,-1.1102230246251565e-16,0,0,0,1,0,0,7.116808019474194,8.285331749482305
1.7010000044763178,-0.12570387468592106,0.9653850011439116,0.4277442698691995,1347.29,3688.35,0.9250062411649186,0.30271596373615894,0.9451853565719867,-0.3906405079197256,-0.8353118830435806,0.13108934157908014,0.3370310052250534,0.0,1.0658141036401503e-14,-1.1102230246251565e-16,0,0,0,1,0,0,7.20659240186551,8.21320556975651
1.7010000044763178,0.16514038439130796,0.9653850011439116,0.4277442698691995,1166.07,3601.11,1.014929500558566,0.28650735569339375,0.7568550937500211,-0.5489797410202145,-0.525326205145917,-0.04421523933455195,0.1428296726014782,0.0,1.0658141036401503e-14,-1.1102230246251565e-16,0,0,0,1,0,0,7.062251613349695,8.18927506385928
1.7010000044763178,0.455984643468537,0.9653850011439116,0.4277442698691995,1155.05,3706.75,1.0331325895046484,0.3337476052631949,0.7568550937500211,0.3183055056106042,0.4026812330885978,-0.2195198202481835,-0.05137166002209593,0.0,1.0658141036401503e-14,-1.1102230246251565e-16,0,0,0,1,0,0,7.052764300892112,8.218180502622072
-1.6443000043271032,-1.5799251700720662,-1.500905916321194,-1.5384293909533153,616.88,1039.89,-1.2697726985802091,-1.391815578386335,-1.3901099024203947,,,-1.2129124454254296,-1.216579655763545,0.0,1.0658141036401503e-14,-1.1102230246251565e-16,0,0,0,0,0,1,6.42629426384605,6.947831395404471
-1.6443000043271032,-1.2890809109948371,-1.500905916321194,-1.5384293909533153,569.75,1063.16,-1.2648968711839372,-1.4255660831979633,-1.427775954984788,,,-1.2129124454254296,-1.216579655763545,0.0,1.0658141036401503e-14,-1.1102230246251565e-16,0,0,0,0,0,1,6.346951285409905,6.969941034536111
-1.6443000043271032,-0.9982366519176081,-1.500905916321194,-1.5384293909533153,615.99,1105.93,-1.2981110074073419,-1.514504284103587,-1.427775954984788,,,-1.2129124454254296,-1.216579655763545,0.0,1.0658141036401503e-14,-1.1102230246251565e-16,0,0,0,0,0,1,6.424852816318616,7.009345696743613
-1.6443000043271032,-0.7073923928403791,-1.500905916321194,-1.5384293909533153,634.13,1157.55,-1.2441713541981834,-1.3106679665077172,-1.3901099024203947,,,-1.2129124454254296,-1.216579655763545,0.0,1.0658141036401503e-14,-1.1102230246251565e-16,0,0,0,0,0,1,6.453829702348958,7.054924502198758
-1.6443000043271032,-0.4165481337631501,-1.500905916321194,-1.5384293909533153,643.86,1200.0,-1.2300964657809441,-1.385384421001625,-1.3524438498560014,,,-1.2129124454254296,-1.216579655763545,0.0,1.0658141036401503e-14,-1.1102230246251565e-16,0,0,0,0,0,1,6.4690332389725205,7.0909098220799835
-1.6443000043271032,-0.12570387468592106,-1.500905916321194,-1.5384293909533153,613.28,1106.02,-1.2055678034260986,-1.2626172865357785,-1.3901099024203947,,,-1.2129124454254296,-1.216579655763545,0.0,1.0658141036401503e-14,-1.1102230246251565e-16,0,0,0,0,0,1,6.420450850257492,7.009426999392769
-1.6443000043271032,0.16514038439130796,-1.500905916321194,-1.5384293909533153,618.22,1047.5,-1.2715865063716223,-1.3452811875538802,-1.3901099024203947,,,-1.2129124454254296,-1.216579655763545,0.0,1.0658141036401503e-14,-1.1102230246251565e-16,0,0,0,0,0,1,6.4284606214954945,6.955115850341975
-1.6443000043271032,0.455984643468537,-1.500905916321194,-1.5384293909533153,628.26,1135.46,-1.2119778911763972,-1.2496242571853684,-1.3524438498560014,,,-1.2129124454254296,-1.216579655763545,0.0,1.0658141036401503e-14,-1.1102230246251565e-16,0,0,0,0,0,1,6.444544525823993,7.0356734468967055
-1.6443000043271032,0.7468289025457661,-1.500905916321194,-1.5384293909533153,621.51,1164.89,-1.1919154867165367,-1.322301564215831,-1.314777797291608,,,-1.2129124454254296,-1.216579655763545,0.0,1.0658141036401503e-14,-1.1102230246251565e-16,0,0,0,0,0,1,6.433759692466862,7.061240022837534
-1.6443000043271032,1.037673161622995,-1.500905916321194,-1.5384293909533153,637.59,1161.38,-1.2825473663584417,-1.3652020896967625,-1.3524438498560014,,,-1.2129124454254296,-1.216579655763545,0.0,1.0658141036401503e-14,-1.1102230246251565e-16,0,0,0,0,0,1,6.459262620903455,7.05822490632691
-1.6443000043271032,1.3285174207002242,-1.500905916321194,-1.5384293909533153,671.02,1060.75,-1.129108328749357,-1.4235269357345186,-1.314777797291608,,,-1.2129124454254296,-1.216579655763545,0.0,1.0658141036401503e-14,-1.1102230246251565e-16,0,0,0,0,0,1,6.510288101985035,6.9676737691933806
-1.6443000043271032,1.619361679777453,-1.500905916321194,-1.5384293909533153,660.11,1052.77,-1.1991707178821895,-1.3019623754137806,-1.3524438498560014,,,-1.2129124454254296,-1.216579655763545,0.0,1.0658141036401503e-14,-1.1102230246251565e-16,0,0,0,0,0,1,6.493920240529775,6.960129488969877
-1.4682315828111336,-1.5799251700720662,-1.500905916321194,-1.5384293909533153,685.89,1083.63,-1.1215735501463184,-1.273832597584724,-1.2771117447272147,-0.016143025276693188,-0.1962344917551899,-1.2129124454254296,-1.216579655763545,0.0,1.0658141036401503e-14,-1.1102230246251565e-16,0,0,0,0,0,1,6.532174162954016,6.988994193991239
-1.4682315828111336,-1.2890809109948371,-1.500905916321194,-1.5384293909533153,639.52,1107.13,-1.1800834789015833,-1.334536448996499,-1.314777797291608,0.011970808406140706,-0.1993538444887513,-1.2129124454254296,-1.216579655763545,0.0,1.0658141036401503e-14,-1.1102230246251565e-16,0,0,0,0,0,1,6.462280346454276,7.010429188944633
-1.4682315828111336,-0.9982366519176081,-1.500905916321194,-1.5384293909533153,688.13,1142.21,-1.2204488286395205,-1.3528364903351047,-1.314777797291608,-0.0023513332813406814,-0.23249696728284114,-1.2129124454254296,-1.216579655763545,0.0,1.0658141036401503e-14,-1.1102230246251565e-16,0,0,0,0,0,1,6.535429932461251,7.041595373953187
-1.4682315828111336,-0.7073923928403791,-1.500905916321194,-1.5384293909533153,728.23,1255.41,-1.0697207510627638,-1.1691825040440973,-1.2017796395984286,0.08066404353683858,-0.030908796876436023,-1.2129124454254296,-1.216579655763545,0.0,1.0658141036401503e-14,-1.1102230246251565e-16,0,0,0,0,0,1,6.591989182934654,7.136013726881464
-1.4682315828111336,-0.4165481337631501,-1.500905916321194,-1.5384293909533153,748.6,1289.04,-1.1119129107985044,-1.1721889394068685,-1.2017796395984286,0.11859119652405786,-0.07107046332103895,-1.2129124454254296,-1.216579655763545,0.0,1.0658141036401503e-14,-1.1102230246251565e-16,0,0,0,0,0,1,6.619539730924212,7.162428504626925
-1.4682315828111336,-0.12570387468592106,-1.500905916321194,-1.5384293909533153,710.64,1160.49,-1.1155145219685507,-1.2477942530515076,-1.2394456921628219,0.10824742752754354,-0.16855023624483254,-1.2129124454254296,-1.216579655763545,0.0,1.0658141036401503e-14,-1.1102230246251565e-16,0,0,0,0,0,1,6.567572165566575,7.057458942616794
-1.4682315828111336,0.16514038439130796,-1.500905916321194,-1.5384293909533153,738.23,1186.64,-1.143326241436887,-1.254016267106634,-1.2394456921628219,0.20187179818830164,0.15742212441233316,-1.2129124454254296,-1.216579655763545,0.0,1.0658141036401503e-14,-1.1102230246251565e-16,0,0,0,0,0,1,6.605609103919534,7.0797234236966
-1.4682315828111336,0.455984643468537,-1.500905916321194,-1.5384293909533153,729.09,1257.11,-1.0172308438660962,-1.24238266939852,-1.2017796395984286,0.11275624991063954,0.05721291784667343,-1.2129124454254296,-1.216579655763545,0.0,1.0658141036401503e-14,-1.1102230246251565e-16,0,0,0,0,0,1,6.593167814214369,7.137365873819256
-1.4682315828111336,0.7468289025457661,-1.500905916321194,-1.5384293909533153,749.17,1501.81,-0.9032925092700105,-1.186541400399575,-1.0887814819052488,0.23184220579358678,0.7672555838235858,-1.2129124454254296,-1.216579655763545,0.0,1.0658141036401503e-14,-1.1102230246251565e-16,0,0,0,0,0,1,6.620299847512015,7.315091967923083
-1.4682315828111336,1.037673161622995,-1.500905916321194,-1.5384293909533153,701.71,1652.53,-0.9196167793927291,-1.312419541892984,-1.0887814819052488,-0.04611343288197833,1.288577409420034,-1.2129124454254296,-1.216579655763545,0.0,1.0658141036401503e-14,-1.1102230246251565e-16,0,0,0,0,0,1,6.55494428892086,7.410667675589584
-1.4682315828111336,1.3285174207002242,-1.500905916321194,-1.5384293909533153,834.62,1537.01,-0.7279122483777015,-1.0078022823537927,-0.9381172716476756,0.3336885466823435,1.3903462923524743,-1.2129124454254296,-1.216579655763545,0.0,1.0658141036401503e-14,-1.1102230246251565e-16,0,0,0,0,0,1,6.728173964293056,7.338244651995037
-1.4682315828111336,1.619361679777453,-1.500905916321194,-1.5384293909533153,834.72,1535.5,-0.7914735343155045,-1.0317753365073665,-0.9757833242120688,0.3885900898176889,1.4273886060635161,-1.2129124454254296,-1.216579655763545,0.0,1.0658141036401503e-14,-1.1102230246251565e-16,0,0,0,0,0,1,6.7282936287540505,7.33726238157054
-1.2921631612951643,-1.5799251700720662,-1.500905916321194,-1.5384293909533153,784.46,1573.43,-0.6665028275974536,-1.0262591811895865,-0.9381172716476756,0.06819847577180845,1.4020438651033296,-1.2129124454254296,-1.216579655763545,0.0,1.0658141036401503e-14,-1.1102230246251565e-16,0,0,0,0,0,1,6.666269533420063,7.361648580994496
-1.2921631612951643,-1.2890809109948371,-1.500905916321194,-1.5384293909533153,667.5,1577.19,-0.8198053420394427,-0.9628626094094166,-1.013449376776462,-0.19676114544659762,1.295206033978852,-1.2129124454254296,-1.216579655763545,0.0,1.0658141036401503e-14,-1.1102230246251565e-16,0,0,0,0,0,1,6.505036396541998,7.364033899734329
-1.2921631612951643,-0.9982366519176081,-1.500905916321194,-1.5384293909533153,777.33,1607.01,-0.662537154648486,-0.9079624853935994,-0.9381172716476756,0.03080177247671814,1.2261903547488058,-1.2129124454254296,-1.216579655763545,0.0,1.0658141036401503e-14,-1.1102230246251565e-16,0,0,0,0,0,1,6.657150598770471,7.382752668625047
-1.2921631612951643,-0.7073923928403791,-1.500905916321194,-1.5384293909533153,681.72,1680.35,-0.4961089128557328,-0.3597193898051699,-0.8251191139544957,-0.48240830465803236,0.9594856960293068,-1.2129124454254296,-1.216579655763545,0.0,1.0658141036401503e-14,-1.1102230246251565e-16,0,0,0,0,0,1,6.526084819439689,7.427352321135214
-1.2921631612951643,-0.4165481337631501,-1.500905916321194,-1.5384293909533153,767.48,1895.88,-0.10207704820499934,0.19780444103355244,-0.5614567460037431,-0.24609296681458917,1.4753486543420222,-1.2129124454254296,-1.216579655763545,0.0,1.0658141036401503e-14,-1.1102230246251565e-16,0,0,0,0,0,1,6.644414537916514,7.547965710158722
-1.2921631612951643,-0.12570387468592106,-1.500905916321194,-1.5384293909533153,864.2,1813.81,-0.01285590795641571,0.01025516022904176,-0.5237906934393498,0.26022126432248516,1.8348540568849727,-1.2129124454254296,-1.216579655763545,0.0,1.0658141036401503e-14,-1.1102230246251565e-16,0,0,0,0,0,1,6.762960694078903,7.503736058023691
-1.2921631612951643,0.16514038439130796,-1.500905916321194,-1.5384293909533153,906.72,1662.4,-0.16339545354051666,-0.03567794353085903,-0.5614567460037431,0.2923134706962861,1.2027952092470957,-1.2129124454254296,-1.216579655763545,0.0,1.0658141036401503e-14,-1.1102230246251565e-16,0,0,0,0,0,1,6.810935961001421,7.416618979434587
-1.2921631612951643,0.455984643468537,-1.500905916321194,-1.5384293909533153,924.03,1880.46,-0.061835219427767464,-0.11656412624749588,-0.5237906934393498,0.3962816103535585,1.5732183463575111,-1.2129124454254296,-1.216579655763545,0.0,1.0658141036401503e-14,-1.1102230246251565e-16,0,0,0,0,0,1,6.829826169418937,7.539803350174232
-1.2921631612951643,0.7468289025457661,-1.500905916321194,-1.5384293909533153,859.02,2049.72,-0.1857657496346134,-0.23452096413290907,-0.5237906934393498,0.07588999630767812,1.0620344171451375,-1.2129124454254296,-1.216579655763545,0.0,1.0658141036401503e-14,-1.1102230246251565e-16,0,0,0,0,0,1,6.756955644791095,7.625946229981514
-1.2921631612951643,1.037673161622995,-1.500905916321194,-1.5384293909533153,898.59,1809.59,-0.32687219448272653,-0.3530268032584799,-0.6367888511325297,0.4312912900340686,0.010032707751557308,-1.2129124454254296,-1.216579655763545,0.0,1.0658141036401503e-14,-1.1102230246251565e-16,0,0,0,0,0,1,6.801939103971798,7.5014080379950485
-1.2921631612951643,1.3285174207002242,-1.500905916321194,-1.5384293909533153,985.76,1636.57,-0.2606324540285721,-0.30210040250475995,-0.5991227985681364,0.16739256819992043,-0.10772285794038532,-1.2129124454254296,-1.216579655763545,0.0,1.0658141036401503e-14,-1.1102230246251565e-16,0,0,0,0,0,1,6.894426848770804,7.400968714687337
-1.2921631612951643,1.619361679777453,-1.500905916321194,-1.5384293909533153,985.32,1457.99,-0.32595553893222745,-0.2981789650750587,-0.6367888511325297,0.16553599427746915,-0.5572995706649213,-1.2129124454254296,-1.216579655763545,0.0,1.0658141036401503e-14,-1.1102230246251565e-16,0,0,0,0,0,1,6.893980845560297,7.285499694489701
-1.1160947397791947,-1.5799251700720662,-1.500905916321194,-1.5384293909533153,852.22,1442.11,-0.28289223136835273,-0.1432560436856623,-0.674454903696923,-0.08377536102313315,-0.6859728709243288,-0.979173004207254,-1.1518458782223537,0.0,1.0658141036401503e-14,-1.1102230246251565e-16,0,0,0,0,0,1,6.749017427485137,7.274555785944736
-1.1160947397791947,-1.2890809109948371,-1.500905916321194,-1.5384293909533153,690.33,1484.6,-0.5380215251540871,-0.36630740468706846,-0.862785166518889,-0.2222227306687868,-0.5892729361839256,-0.8038684232936224,-1.1518458782223537,0.0,1.0658141036401503e-14,-1.1102230246251565e-16,0,0,0,0,0,1,6.538617278508967,7.303574010038496
-1.1160947397791947,-0.9982366519176081,-1.500905916321194,-1.5384293909533153,804.59,1562.47,-0.35401430032197434,-0.5522358246873024,-0.7874530613901028,-0.21983570705420657,-0.46839801775842155,-0.6285638423799909,-1.087112100681162,0.0,1.0658141036401503e-14,-1.1102230246251565e-16,0,0,0,0,0,1,6.691574928219067,7.35466298899395
-1.1160947397791947,-0.7073923928403791,-1.500905916321194,-1.5384293909533153,750.21,1692.16,-0.5773011906584549,-0.6003649334078356,-0.8251191139544957,-0.046378657728042796,-0.3330960929401961,-0.45325926146635875,-1.0223783231399706,0.0,1.0658141036401503e-14,-1.1102230246251565e-16,0,0,0,0,0,1,6.621685239839528,7.434351884460326
-1.1160947397791947,-0.4165481337631501,-1.500905916321194,-1.5384293909533153,818.07,1871.43,-0.7082984200382977,-0.7476802661836114,-0.862785166518889,-0.13814645446634963,-0.4106899921875357,-0.2195198202481835,-0.9576445455987785,0.0,1.0658141036401503e-14,-1.1102230246251565e-16,0,0,0,0,0,1,6.70816955028618,7.534992331515036
-1.1160947397791947,-0.12570387468592106,-1.500905916321194,-1.5384293909533153,802.32,1760.34,-0.7115749760485925,-0.944196567244039,-0.9004512190832823,-0.5028306178049967,-0.4754165614089347,-0.04421523933455195,-0.9576445455987785,0.0,1.0658141036401503e-14,-1.1102230246251565e-16,0,0,0,0,0,1,6.688753140168477,7.473830161978298
-1.1160947397791947,0.16514038439130796,-1.500905916321194,-1.5384293909533153,843.65,1621.48,-0.8654430864685491,-1.2500686867607347,-0.9757833242120688,-0.4972608960376428,-0.4563105259158712,0.13108934157908014,-0.8929107680575872,0.0,1.0658141036401503e-14,-1.1102230246251565e-16,0,0,0,0,0,1,6.738922340368737,7.391711121845876
-1.1160947397791947,0.455984643468537,-1.500905916321194,-1.5384293909533153,823.7,1828.44,-1.041349936719655,-1.404207320664191,-1.013449376776462,-0.6009638108488506,-0.46839801775842155,0.3648287827972559,-0.8281769905163958,0.0,1.0658141036401503e-14,-1.1102230246251565e-16,0,0,0,0,0,1,6.7150196838393095,7.511765188075606
-1.1160947397791947,0.7468289025457661,-1.500905916321194,-1.5384293909533153,715.18,1925.64,-0.9620754843594665,-1.4253046540359835,-1.013449376776462,-0.7569160203347595,-0.5962914798344388,0.5401333637108869,-0.8281769905163958,0.0,1.0658141036401503e-14,-1.1102230246251565e-16,0,0,0,0,0,1,6.573931532013848,7.563532832072078
-1.1160947397791947,1.037673161622995,-1.500905916321194,-1.5384293909533153,886.99,1801.6,-0.9380084003314674,-1.4865575066879166,-0.9381172716476756,-0.34714363316515245,-0.37754686939344595,0.715437944624519,-0.7634432129752039,0.0,1.0658141036401503e-14,-1.1102230246251565e-16,0,0,0,0,0,1,6.7889604816675,7.496985346122309
-1.1160947397791947,1.3285174207002242,-1.500905916321194,-1.5384293909533153,1015.2,1716.74,-0.7910184570918525,-1.318824556361496,-0.7121209562613162,-0.23362739904955904,-0.16933007442822287,0.89074252553815,-0.6987094354340125,0.0,1.0658141036401503e-14,-1.1102230246251565e-16,0,0,0,0,0,1,6.923825459159632,7.448764752325327
-1.1160947397791947,1.619361679777453,-1.500905916321194,-1.5384293909533153,1004.48,1639.08,-0.8348358926263506,-1.4210695016119057,-0.8251191139544957,-0.26147600788632847,0.1238890825265482,0.89074252553815,-0.6987094354340125,0.0,1.0658141036401503e-14,-1.1102230246251565e-16,0,0,0,0,0,1,6.913220318413195,7.402500300116319
-0.9400263182632251,-1.5799251700720662,-1.500905916321194,-1.5384293909533153,903.68,1756.12,-0.7117180003188833,-1.2404742365160655,-0.7874530613901028,-0.15273382099989552,0.4884634332615362,0.89074252553815,-0.6987094354340125,0.0,1.0658141036401503e-14,-1.1102230246251565e-16,0,0,0,0,0,1,6.807581290011611,7.471431384090508
-0.9400263182632251,-1.2890809109948371,-1.500905916321194,-1.5384293909533153,804.18,1871.01,-0.7307922370930997,-1.2956357896938626,-0.862785166518889,0.12442614313747619,0.6545689663236804,0.89074252553815,-0.6987094354340125,0.0,1.0658141036401503e-14,-1.1102230246251565e-16,0,0,0,0,0,1,6.691065854907726,7.534767998903612
-0.9400263182632251,-0.9982366519176081,-1.500905916321194,-1.5384293909533153,919.32,1993.93,-0.5310263381162359,-1.156450903855667,-0.674454903696923,0.06528100246509928,0.716176182811518,0.89074252553815,-0.6987094354340125,0.0,1.0658141036401503e-14,-1.1102230246251565e-16,0,0,0,0,0,1,6.824721435652573,7.598364240989077
-0.9400263182632251,-0.7073923928403791,-1.500905916321194,-1.5384293909533153,1200.0,2000.0,-0.5386001233384449,-0.6735912416784564,-0.37312648318177666,1.27735854897973,0.34887239843466383,0.89074252553815,-0.5045081028104378,0.0,1.0658141036401503e-14,-1.1102230246251565e-16,0,0,0,0,0,1,7.0909098220799835,7.601402334583733
-0.9400263182632251,-0.4165481337631501,-1.500905916321194,-1.5384293909533153,1442.03,2100.0,0.02859512601509202,-0.6350304402863944,-0.03413201010223751,1.709940272910881,0.11570078160094957,0.89074252553815,-0.31030677018686253,0.0,1.0658141036401503e-14,-1.1102230246251565e-16,0,0,0,0,0,1,7.2745003485785515,7.650168700845001
-0.9400263182632251,-0.12570387468592106,-1.500905916321194,-1.5384293909533153,1263.36,2000.0,-0.31847276915474904,-0.3194854417764356,-0.3354604306173834,1.2110523374636122,0.17028945443827392,0.89074252553815,-0.11610543756328845,0.0,1.0658141036401503e-14,-1.1102230246251565e-16,0,0,0,0,0,1,7.1423213442826805,7.601402334583733
-0.9400263182632251,0.16514038439130796,-1.500905916321194,-1.5384293909533153,1194.4,1950.0,-0.06979256973848333,-0.31020470652614285,-0.2977943780529905,0.7896100570671685,0.4295856504155649,0.89074252553815,0.07809589506028682,0.0,1.0658141036401503e-14,-1.1102230246251565e-16,0,0,0,0,0,1,7.086236136390154,7.576097340623111
-0.9400263182632251,0.455984643468537,-1.500905916321194,-1.5384293909533153,1229.4,2055.0,-0.05907225056987996,-0.5971232117992825,-0.3354604306173834,0.9933027388446818,0.1227193252514627,0.89074252553815,0.20756345014266955,0.0,1.0658141036401503e-14,-1.1102230246251565e-16,0,0,0,0,0,1,7.115094598751379,7.628517626575055
-0.9400263182632251,0.7468289025457661,-1.500905916321194,-1.5384293909533153,1052.77,2000.0,-0.09223437796772518,-0.21326677326392812,-0.3354604306173834,0.9389316454014655,-0.20988165996452102,0.89074252553815,0.3370310052250534,0.0,1.0658141036401503e-14,-1.1102230246251565e-16,0,0,0,0,0,1,6.960129488969877,7.601402334583733
-0.9400263182632251,1.037673161622995,-1.500905916321194,-1.5384293909533153,973.18,1642.0,-0.11479320605447715,-0.5151651695185265,-0.5237906934393498,-0.05513107764817033,-0.7058587446007827,0.89074252553815,0.5312323378486276,0.0,1.0658141036401503e-14,-1.1102230246251565e-16,0,0,0,0,0,1,6.881596091496339,7.404279118037268
-0.9400263182632251,1.3285174207002242,-1.500905916321194,-1.5384293909533153,1107.76,1515.0,-0.13071440777910406,0.24640412224564942,-0.3354604306173834,-0.0710445684120386,-0.8185453621006881,0.89074252553815,0.6606998929310114,0.0,1.0658141036401503e-14,-1.1102230246251565e-16,0,0,0,0,0,1,7.010997552748844,7.323830566202317
-0.9400263182632251,1.619361679777453,-1.500905916321194,-1.5384293909533153,1462.95,1600.0,0.01904500542159347,0.28449435114614713,-0.10946411523102409,0.897556569415408,-0.4531911731823097,1.0660471064517822,0.7901674480133942,0.0,1.0658141036401503e-14,-1.1102230246251565e-16,0,0,0,0,0,1,7.288893540932565,7.3783837129967145
-0.7639578967472556,-1.5799251700720662,-1.500905916321194,-1.5384293909533153,1315.0,1718.0,-0.12334865785913578,0.24815569763091613,-0.10946411523102409,0.8943738712626343,-0.4450028722567111,1.0660471064517822,0.9196350030957781,0.0,1.0658141036401503e-14,-1.1102230246251565e-16,0,0,0,0,0,1,7.182352111885263,7.449498005382849
-0.7639578967472556,-1.2890809109948371,-1.500905916321194,-1.5384293909533153,1250.0,1825.0,-0.3210342038135904,0.09631764035288426,-0.14713016779541738,1.1574769185585891,-0.4563105259158712,1.0660471064517822,0.9843687806369694,0.0,1.0658141036401503e-14,-1.1102230246251565e-16,0,0,0,0,0,1,7.1316985104669115,7.509883061154913
-0.7639578967472556,-0.9982366519176081,-1.500905916321194,-1.5384293909533153,1101.71,1934.0,-0.3661323566775094,0.12734928187992028,-0.22246227292420395,0.21327646656907387,-0.47775607595910574,1.0660471064517822,1.0491025581781608,0.0,1.0658141036401503e-14,-1.1102230246251565e-16,0,0,0,0,0,1,7.005526065373191,7.5678626054638825
-0.7639578967472556,-0.7073923928403791,-1.500905916321194,-1.5384293909533153,1428.66,2467.0,0.10379338667199739,-0.10780624932116337,0.22953035784851508,0.19258892857604512,0.5500706497493738,1.0660471064517822,1.0491025581781608,0.0,1.0658141036401503e-14,-1.1102230246251565e-16,0,0,0,0,0,1,7.265191932746268,7.811163385025279
-0.7639578967472556,-0.4165481337631501,-1.500905916321194,-1.5384293909533153,1524.08,2842.85,-0.11169217983044784,-0.09920522989201877,0.30486246297730163,-0.16201669061215196,1.0187533979669732,1.0660471064517822,1.0491025581781608,0.0,1.0658141036401503e-14,-1.1102230246251565e-16,0,0,0,0,0,1,7.329802146681979,7.952914046916157
-0.7639578967472556,-0.12570387468592106,-1.500905916321194,-1.5384293909533153,1430.93,2303.07,0.2546124796934848,0.026045481612638602,0.3801945681060882,0.038758517858652225,0.2303369945593308,1.0660471064517822,1.0491025581781608,0.0,1.0658141036401503e-14,-1.1102230246251565e-16,0,0,0,0,0,1,7.266778463644229,7.742432403298705
-0.7639578967472556,0.16514038439130796,-1.500905916321194,-1.5384293909533153,1571.22,2158.0,0.39731169482438056,0.004503718665479843,0.3801945681060882,0.5238547613105689,0.0556532414798927,1.0660471064517822,1.0491025581781608,0.0,1.0658141036401503e-14,-1.1102230246251565e-16,0,0,0,0,0,1,7.360243912306603,7.677400430514807
-0.7639578967472556,0.455984643468537,-1.500905916321194,-1.5384293909533153,1534.0,2100.0,0.4665614460578343,0.27887362416357575,0.3801945681060882,0.34429754052492234,-0.27499814827761515,1.0660471064517822,1.0491025581781608,0.0,1.0658141036401503e-14,-1.1102230246251565e-16,0,0,0,0,0,1,7.336285660021297,7.650168700845001
-0.7639578967472556,0.7468289025457661,-1.500905916321194,-1.5384293909533153,1450.0,2000.0,0.5626282479707837,0.1311138618124336,0.4178606206704815,0.6877637161784117,-0.3603904293588583,1.0660471064517822,1.0491025581781608,0.0,1.0658141036401503e-14,-1.1102230246251565e-16,0,0,0,0,0,1,7.280008252884188,7.601402334583733
-0.7639578967472556,1.037673161622995,-1.500905916321194,-1.5384293909533153,1387.0,1875.0,0.2652027767981877,0.01950975256313656,0.26719641041290837,0.8148064174432932,0.19290476175659405,1.0660471064517822,1.0491025581781608,0.0,1.0658141036401503e-14,-1.1102230246251565e-16,0,0,0,0,0,1,7.23561914106675,7.53689712956617
-0.7639578967472556,1.3285174207002242,-1.500905916321194,-1.5384293909533153,1225.0,1867.0,0.21869388454094724,0.025418051623886384,0.1918643052841218,-0.03232174088662588,0.5453916206490317,1.0660471064517822,1.0491025581781608,0.0,1.0658141036401503e-14,-1.1102230246251565e-16,0,0,0,0,0,1,7.111512116496157,7.532623618788788
-0.7639578967472556,1.619361679777453,-1.500905916321194,-1.5384293909533153,1442.82,2000.0,0.364240582871266,0.23772467406791087,0.26719641041290837,-0.34953065677973266,0.6144072998790775,1.0660471064517822,1.0491025581781608,0.0,1.0658141036401503e-14,-1.1102230246251565e-16,0,0,0,0,0,1,7.275047657943237,7.601402334583733
-0.5878894752312861,-1.5799251700720662,-1.500905916321194,-1.5384293909533153,1350.0,1900.0,0.11896046042600097,-0.004855445333406892,0.1541982527197285,-0.24237981896968655,0.0525338887463313,1.0660471064517822,1.0491025581781608,0.0,1.0658141036401503e-14,-1.1102230246251565e-16,0,0,0,0,0,1,7.208600337960199,7.550135342488429
-0.5878894752312861,-1.2890809109948371,-1.500905916321194,-1.5384293909533153,1275.0,1950.0,0.45023717593511503,0.28831121691105643,0.22953035784851508,-0.2598846588099416,-0.0932958515476639,1.0660471064517822,1.0491025581781608,0.0,1.0658141036401503e-14,-1.1102230246251565e-16,0,0,0,0,0,1,7.151485463904735,7.576097340623111
-0.5878894752312861,-0.9982366519176081,-1.500905916321194,-1.5384293909533153,1140.0,2000.0,0.004417523232777272,0.174380388120137,0.04120009502654906,-0.22063138159239995,-0.22742801909080385,1.0660471064517822,1.0491025581781608,0.0,1.0658141036401503e-14,-1.1102230246251565e-16,0,0,0,0,0,1,7.039660349862076,7.601402334583733
-0.5878894752312861,-0.7073923928403791,-1.500905916321194,-1.5384293909533153,1399.53,2091.75,0.008753759063861943,0.2255943609520348,0.1541982527197285,-0.36703549661998774,-0.9534573678272185,1.0660471064517822,1.0491025581781608,0.0,1.0658141036401503e-14,-1.1102230246251565e-16,0,0,0,0,0,1,7.244606015391838,7.646234269540166
-0.5878894752312861,-0.4165481337631501,-1.500905916321194,-1.5384293909533153,1396.8,2276.8,0.13616888058324403,0.18800084745929935,0.1918643052841218,-0.5343923744866687,-1.1367193409239502,1.0660471064517822,1.0491025581781608,0.0,1.0658141036401503e-14,-1.1102230246251565e-16,0,0,0,0,0,1,7.242654851043029,7.730965343840251
-0.5878894752312861,-0.12570387468592106,-1.500905916321194,-1.5384293909533153,1140.0,2000.0,0.022906660719441276,0.25309670879233936,0.003534042462155777,-0.8521317400719043,-0.8735239540297076,1.0660471064517822,1.0491025581781608,0.0,1.0658141036401503e-14,-1.1102230246251565e-16,0,0,0,0,0,1,7.039660349862076,7.601402334583733
-0.5878894752312861,0.16514038439130796,-1.500905916321194,-1.5384293909533153,1126.6,2013.4,-0.09319654124058925,0.18865442036424956,-0.0717980626666308,-1.0635159423852876,-0.621636220794625,1.0660471064517822,1.0491025581781608,0.0,1.0658141036401503e-14,-1.1102230246251565e-16,0,0,0,0,0,1,7.027846759239957,7.608076663290083
-0.5878894752312861,0.455984643468537,-1.500905916321194,-1.5384293909533153,1338.97,2250.25,-0.28850268342566315,0.18021025843229288,0.003534042462155777,-0.6500304073707778,-0.08159827879680864,1.0660471064517822,1.0491025581781608,0.0,1.0658141036401503e-14,-1.1102230246251565e-16,0,0,0,0,0,1,7.200402504634639,7.719240896490166
-0.5878894752312861,0.7468289025457661,-1.500905916321194,-1.5384293909533153,1250.0,2533.5,-0.263304407441729,0.29557894761410264,0.1541982527197285,-0.6786746907457406,0.6795237881921716,1.0660471064517822,1.0491025581781608,0.0,1.0658141036401503e-14,-1.1102230246251565e-16,0,0,0,0,0,1,7.1316985104669115,7.8377516579124045
-0.5878894752312861,1.037673161622995,-1.500905916321194,-1.5384293909533153,1500.0,2693.0,0.09262449138293664,0.25327970920572523,0.34252851554169494,-0.09677137848029221,1.3408265677071873,1.0660471064517822,1.0491025581781608,0.0,1.0658141036401503e-14,-1.1102230246251565e-16,0,0,0,0,0,1,7.313886831633462,7.898782356970309
-0.5878894752312861,1.3285174207002242,-1.500905916321194,-1.5384293909533153,1500.0,2234.0,0.42072216742968166,0.21299347534459503,0.30486246297730163,0.28250015139190066,0.4061905049138544,1.0660471064517822,1.0491025581781608,0.0,1.0658141036401503e-14,-1.1102230246251565e-16,0,0,0,0,0,1,7.313886831633462,7.711996507047669
-0.5878894752312861,1.619361679777453,-1.500905916321194,-1.5384293909533153,1500.0,1933.0,0.4457839202465202,0.24778969680414378,0.30486246297730163,-0.2079005889813054,-0.49101332507674167,1.0660471064517822,1.0491025581781608,0.0,1.0658141036401503e-14,-1.1102230246251565e-16,0,0,0,0,0,1,7.313886831633462,7.56734567601324
-0.4118210537153165,-1.5799251700720662,-1.500905916321194,-1.5384293909533153,1322.0,1822.0,0.24974965450360306,0.27806319376143707,0.07886614759094235,-0.36783117115818115,-0.5206471760455749,1.0660471064517822,1.0491025581781608,0.0,1.0658141036401503e-14,-1.1102230246251565e-16,0,0,0,0,0,1,7.187657164114956,7.508238774678663
-0.4118210537153165,-1.2890809109948371,-1.500905916321194,-1.5384293909533153,1167.0,2000.0,-0.0030067366159463745,0.05294654238038892,0.003534042462155777,-0.5375750726394423,-0.26057114188489366,1.0660471064517822,1.0491025581781608,0.0,1.0658141036401503e-14,-1.1102230246251565e-16,0,0,0,0,0,1,7.0630481633881725,7.601402334583733
-0.4118210537153165,-0.9982366519176081,-1.500905916321194,-1.5384293909533153,1208.0,1959.4,-0.11500124135671791,0.18324283671126146,-0.0717980626666308,-0.15485561976841128,-0.43954400497297863,1.0660471064517822,1.0491025581781608,0.0,1.0658141036401503e-14,-1.1102230246251565e-16,0,0,0,0,0,1,7.097548850614793,7.580903813035392
-0.4118210537153165,-0.7073923928403791,-1.500905916321194,-1.5384293909533153,1210.0,2040.0,0.16830383367627405,0.497193117333142,0.04120009502654906,-0.6720440695941288,-0.45670044500756635,1.0660471064517822,1.0491025581781608,0.0,1.0658141036401503e-14,-1.1102230246251565e-16,0,0,0,0,0,1,7.099201743553092,7.621195162809845
-0.4118210537153165,-0.4165481337631501,-1.500905916321194,-1.5384293909533153,1332.13,1963.0,0.31948048737348816,0.7243227732614367,0.11653220015533564,-0.4357287317506856,-0.8976989377148084,1.0660471064517822,1.0491025581781608,0.0,1.0658141036401503e-14,-1.1102230246251565e-16,0,0,0,0,0,1,7.195284839804611,7.582738488914411
-0.4118210537153165,-0.12570387468592106,-1.500905916321194,-1.5384293909533153,1267.0,1917.0,0.5674000577159354,1.1099569300982552,0.1541982527197285,-0.01746914950701551,-0.5222068524123556,1.0660471064517822,1.0491025581781608,0.0,1.0658141036401503e-14,-1.1102230246251565e-16,0,0,0,0,0,1,7.145196134997171,7.559038255443384
-0.4118210537153165,0.16514038439130796,-1.500905916321194,-1.5384293909533153,1430.0,1840.0,0.7398678243768709,0.4268163869281038,0.22953035784851508,0.4013208824287835,-0.6961107673084034,1.0660471064517822,1.0491025581781608,0.0,1.0658141036401503e-14,-1.1102230246251565e-16,0,0,0,0,0,1,7.266128779556451,7.518064181233078
-0.4118210537153165,0.455984643468537,-1.500905916321194,-1.5384293909533153,1488.57,1850.0,0.7102813037362918,0.3211205767395566,0.26719641041290837,-0.016673474968822117,-1.0540564934845733,1.0660471064517822,1.0491025581781608,0.0,1.0658141036401503e-14,-1.1102230246251565e-16,0,0,0,0,0,1,7.306242766685196,7.523481312573497
-0.4118210537153165,0.7468289025457661,-1.500905916321194,-1.5384293909533153,1361.15,1843.55,0.6743562074805591,0.5360676337195799,0.26719641041290837,-0.07714473987152139,-1.422140116044818,0.89074252553815,0.9843687806369694,0.0,1.0658141036401503e-14,-1.1102230246251565e-16,0,0,0,0,0,1,7.216819612803947,7.5199906242865655
-0.4118210537153165,1.037673161622995,-1.500905916321194,-1.5384293909533153,1253.12,1800.0,0.669148823821341,0.39683046204898836,0.1918643052841218,-0.7494897246449542,-1.6533621374200562,0.89074252553815,0.9843687806369694,0.0,1.0658141036401503e-14,-1.1102230246251565e-16,0,0,0,0,0,1,7.134189410394413,7.496097345175956
-0.4118210537153165,1.3285174207002242,-1.500905916321194,-1.5384293909533153,1269.59,1835.51,0.4318000472740118,0.4044641935788069,0.26719641041290837,-0.7203149915778625,-1.0560060889430491,0.7738728049290627,0.9196350030957781,0.0,1.0658141036401503e-14,-1.1102230246251565e-16,0,0,0,0,0,1,7.147236638503965,7.515622310385109
-0.4118210537153165,1.619361679777453,-1.500905916321194,-1.5384293909533153,1247.0,1864.82,0.5892957732767947,0.3653805338627846,0.34252851554169494,-0.7603639433335977,-0.4980318687272548,0.5985682240154306,0.7901674480133942,0.0,1.0658141036401503e-14,-1.1102230246251565e-16,0,0,0,0,0,1,7.129297548929373,7.531455913731924
-0.235752632199347,-1.5799251700720662,-1.500905916321194,-1.5384293909533153,1248.06,1900.0,0.9076482956341901,0.34211333844655706,0.4555266732348748,-0.4611903169728748,-0.19350505811332366,0.5985682240154306,0.7901674480133942,0.0,1.0658141036401503e-14,-1.1102230246251565e-16,0,0,0,0,0,1,7.130146547402513,7.550135342488429
-0.235752632199347,-1.2890809109948371,-1.500905916321194,-1.5384293909533153,1050.0,2138.12,0.9076482956341901,0.6234634025695214,0.4178606206704815,-0.5789501486254996,-0.09095633699749284,0.5985682240154306,0.7901674480133942,0.0,1.0658141036401503e-14,-1.1102230246251565e-16,0,0,0,0,0,1,6.957497370876951,7.668149808490572
-0.235752632199347,-0.9982366519176081,-1.500905916321194,-1.5384293909533153,1425.0,2324.94,0.9076482956341901,0.06842314876960995,0.606190883492448,0.16341419550895342,0.367198595744337,0.5985682240154306,0.7901674480133942,0.0,1.0658141036401503e-14,-1.1102230246251565e-16,0,0,0,0,0,1,7.262628600974241,7.751879537389068
-0.235752632199347,-0.7073923928403791,-1.500905916321194,-1.5384293909533153,1550.0,2481.51,0.9076482956341901,0.7051338727720989,0.8321871988788077,0.43235218941832665,0.48339448506949895,0.5985682240154306,0.7901674480133942,0.0,1.0658141036401503e-14,-1.1102230246251565e-16,0,0,0,0,0,1,7.346655163176539,7.817025424108596
-0.235752632199347,-0.4165481337631501,-1.500905916321194,-1.5384293909533153,1695.73,2553.53,0.9076482956341901,0.10180765275446634,0.8698532514432001,0.4108689768871044,0.812486198460226,0.5985682240154306,0.7901674480133942,0.0,1.0658141036401503e-14,-1.1102230246251565e-16,0,0,0,0,0,1,7.4364581482740855,7.845623532683103
-0.235752632199347,-0.12570387468592106,-1.500905916321194,-1.5384293909533153,1350.0,2750.0,0.9076482956341901,0.2077910350211914,0.7945211463144144,-0.1392073538506075,1.333808024056674,0.5985682240154306,0.7901674480133942,0.0,1.0658141036401503e-14,-1.1102230246251565e-16,0,0,0,0,0,1,7.208600337960199,7.919719760924575
-0.235752632199347,0.16514038439130796,-1.500905916321194,-1.5384293909533153,1450.0,2325.0,1.1514396654477934,0.6170845310172072,0.7945211463144144,-0.2757981495738098,0.6674362963496212,0.5985682240154306,0.7901674480133942,0.0,1.0658141036401503e-14,-1.1102230246251565e-16,0,0,0,0,0,1,7.280008252884188,7.75190533307861
-0.235752632199347,0.455984643468537,-1.500905916321194,-1.5384293909533153,1253.4,2587.27,1.219616734654067,0.5464986572825852,0.7945211463144144,-0.7319848848046993,1.1934371510464115,0.5985682240154306,0.7901674480133942,0.0,1.0658141036401503e-14,-1.1102230246251565e-16,0,0,0,0,0,1,7.134412649596143,7.85874497784519
-0.235752632199347,0.7468289025457661,-1.500905916321194,-1.5384293909533153,1090.78,2741.8,0.7451207157584546,0.5187871661126967,0.4931927257992681,-0.8396661723068742,1.5392953853800306,0.7738728049290627,0.9196350030957781,0.0,1.0658141036401503e-14,-1.1102230246251565e-16,0,0,0,0,0,1,6.995564670806545,7.916734575410209
-0.235752632199347,1.037673161622995,-1.500905916321194,-1.5384293909533153,972.33,2864.63,1.1019727712368146,0.5880658940374184,0.5685248309280546,-0.9072985080533144,1.9459809980180978,0.7738728049290627,0.9196350030957781,0.0,1.0658141036401503e-14,-1.1102230246251565e-16,0,0,0,0,0,1,6.880723181930819,7.960543500263373
-0.235752632199347,1.3285174207002242,-1.500905916321194,-1.5384293909533153,900.0,3350.0,1.094769548896722,0.3694326858734757,0.7191890411856278,-1.0849991549165094,2.856831996218025,0.89074252553815,0.9843687806369694,0.0,1.0658141036401503e-14,-1.1102230246251565e-16,0,0,0,0,0,1,6.803505257608338,8.11701408773731
-0.235752632199347,1.619361679777453,-1.500905916321194,-1.5384293909533153,742.52,2682.36,1.2327034553856613,0.6940492763041434,0.5308587783636614,-1.3860293551996836,1.3490148686327859,0.89074252553815,0.9843687806369694,0.0,1.0658141036401503e-14,-1.1102230246251565e-16,0,0,0,0,0,1,6.611395665336668,7.894825019583318
-0.05968421068337747,-1.5799251700720662,-1.500905916321194,-1.5384293909533153,584.07,2267.0,0.6688107664551992,0.6444823071927198,0.22953035784851508,-1.7239258090858194,0.39293325579621846,0.89074252553815,0.9843687806369694,0.0,1.0658141036401503e-14,-1.1102230246251565e-16,0,0,0,0,0,1,6.371731498193053,7.7266536648476425
-0.05968421068337747,-1.2890809109948371,-1.500905916321194,-1.5384293909533153,750.0,2100.0,0.7935474334582286,0.650808892912638,0.3801945681060882,-1.070677013229028,-0.42979602768059927,0.89074252553815,0.9843687806369694,0.0,1.0658141036401503e-14,-1.1102230246251565e-16,0,0,0,0,0,1,6.621405651764134,7.650168700845001
-0.05968421068337747,-0.9982366519176081,-1.500905916321194,-1.5384293909533153,800.0,2425.0,0.668563724533788,1.2846700390495438,0.606190883492448,-1.4762058028616036,-0.19272521992993333,0.89074252553815,0.9843687806369694,0.0,1.0658141036401503e-14,-1.1102230246251565e-16,0,0,0,0,0,1,6.68586094706836,7.793999089503996
-0.05968421068337747,-0.7073923928403791,-1.500905916321194,-1.5384293909533153,900.0,2500.0,0.8693632989186617,0.8108819687930415,0.7568550937500211,-1.4252826324172252,-0.3311464974817202,0.89074252553815,0.9843687806369694,0.0,1.0658141036401503e-14,-1.1102230246251565e-16,0,0,0,0,0,1,6.803505257608338,7.824445930877619
-0.05968421068337747,-0.4165481337631501,-1.500905916321194,-1.5384293909533153,1000.0,2800.0,0.3543329016020413,1.0759711390408446,0.8698532514432001,-1.4011471714253585,0.015881494126984936,0.89074252553815,0.9843687806369694,0.0,1.0658141036401503e-14,-1.1102230246251565e-16,0,0,0,0,0,1,6.90875477931522,7.937731775260109
-0.05968421068337747,-0.12570387468592106,-1.500905916321194,-1.5384293909533153,1075.0,2725.0,0.5819625288728011,1.337478729769521,0.8698532514432001,-0.8531926394561623,-0.39587306670311917,0.89074252553815,0.9843687806369694,0.0,1.0658141036401503e-14,-1.1102230246251565e-16,0,0,0,0,0,1,6.98100574072173,7.9105906122564775
-0.05968421068337747,0.16514038439130796,-1.500905916321194,-1.5384293909533153,1150.0,2275.0,0.8935604050105613,1.4353578080148637,0.9451853565719867,-0.8616798345302255,-0.44422303407332075,0.89074252553815,0.9843687806369694,0.0,1.0658141036401503e-14,-1.1102230246251565e-16,0,0,0,0,0,1,7.048386408721883,7.730174795246222
-0.05968421068337747,0.455984643468537,-1.500905916321194,-1.5384293909533153,1200.0,2500.0,1.2327034553856613,1.3225249817042595,1.0581835142651665,-0.42591541244630016,-0.49179316326013206,0.89074252553815,0.9843687806369694,0.0,1.0658141036401503e-14,-1.1102230246251565e-16,0,0,0,0,0,1,7.0909098220799835,7.824445930877619
-0.05968421068337747,0.7468289025457661,-1.500905916321194,-1.5384293909533153,1300.0,2600.0,1.2327034553856613,1.0997350498648344,1.0958495668295598,0.1957716267288188,-0.5619785997652634,0.89074252553815,0.9843687806369694,0.0,1.0658141036401503e-14,-1.1102230246251565e-16,0,0,0,0,0,1,7.170888478512505,7.8636512654486515
-0.05968421068337747,1.037673161622995,-1.500905916321194,-1.5384293909533153,1200.0,2500.0,1.2327034553856613,1.3828628322892622,1.0581835142651665,0.3082269614601544,-0.8567574330868152,0.89074252553815,0.9843687806369694,0.0,1.0658141036401503e-14,-1.1102230246251565e-16,0,0,0,0,0,1,7.0909098220799835,7.824445930877619
-0.05968421068337747,1.3285174207002242,-1.500905916321194,-1.5384293909533153,1150.0,2600.0,1.2327034553856613,1.2899509081215412,1.0205174617007733,0.4238649943442635,-1.2334192756643536,0.89074252553815,0.9843687806369694,0.0,1.0658141036401503e-14,-1.1102230246251565e-16,0,0,0,0,0,1,7.048386408721883,7.8636512654486515
-0.05968421068337747,1.619361679777453,-1.500905916321194,-1.5384293909533153,1200.0,2700.0,1.2327034553856613,1.242318514808771,1.133515619393953,1.3211206485803675,-0.33465576930697677,1.0660471064517822,1.0491025581781608,0.0,1.0658141036401503e-14,-1.1102230246251565e-16,0,0,0,0,0,1,7.0909098220799835,7.901377353792616
0.11638421083259207,-1.5799251700720662,-1.500905916321194,-1.5384293909533153,1250.0,2800.0,1.2327034553856613,1.2336129237148343,1.2841798296515263,2.710898841958193,0.5563093552164966,1.0660471064517822,1.0491025581781608,0.0,1.0658141036401503e-14,-1.1102230246251565e-16,0,0,0,0,0,1,7.1316985104669115,7.937731775260109
0.11638421083259207,-1.2890809109948371,-1.500905916321194,-1.5384293909533153,1300.0,2800.0,1.2327034553856613,1.174320789777751,1.4348440399090994,1.6319641681679269,0.9392099032611576,1.0660471064517822,1.0491025581781608,0.0,1.0658141036401503e-14,-1.1102230246251565e-16,0,0,0,0,0,1,7.170888478512505,7.937731775260109
0.11638421083259207,-0.9982366519176081,-1.500905916321194,-1.5384293909533153,1400.0,2800.0,1.2327034553856613,1.0622722509530889,1.5478421976022794,1.6762567174606935,0.24242448640188122,1.0660471064517822,1.0491025581781608,0.0,1.0658141036401503e-14,-1.1102230246251565e-16,0,0,0,0,0,1,7.244941546337007,7.937731775260109
0.11638421083259207,-0.7073923928403791,-1.500905916321194,-1.5384293909533153,1500.0,2800.0,1.2327034553856613,1.4935519394716292,1.6985064078598524,1.4553244206889895,0.10751248067535088,1.0660471064517822,1.0491025581781608,0.0,1.0658141036401503e-14,-1.1102230246251565e-16,0,0,0,0,0,1,7.313886831633462,7.937731775260109
0.11638421083259207,-0.4165481337631501,-1.500905916321194,-1.5384293909533153,1575.0,2800.0,1.2327034553856613,1.9391056602342822,1.6985064078598524,1.21211323684787,-0.3603904293588583,1.0660471064517822,1.0491025581781608,0.0,1.0658141036401503e-14,-1.1102230246251565e-16,0,0,0,0,0,1,7.362645270417825,7.937731775260109
0.11638421083259207,-0.12570387468592106,-1.500905916321194,-1.5384293909533153,1425.0,2800.0,1.2327034553856613,1.7947183340726829,1.6985064078598524,0.5506424707630805,-0.25316267914268537,1.0660471064517822,1.0491025581781608,0.0,1.0658141036401503e-14,-1.1102230246251565e-16,0,0,0,0,0,1,7.262628600974241,7.937731775260109
0.11638421083259207,0.16514038439130796,-1.500905916321194,-1.5384293909533153,1525.0,2800.0,1.2327034553856613,2.0784474035696663,1.8491706181174248,0.5519685949934028,0.5395428342736039,1.0660471064517822,1.0491025581781608,0.0,1.0658141036401503e-14,-1.1102230246251565e-16,0,0,0,0,0,1,7.330405211844402,7.937731775260109
0.11638421083259207,0.455984643468537,-1.500905916321194,-1.5384293909533153,1350.0,2800.0,1.2327034553856613,1.8826631041627833,1.7361724604242457,0.018601429557752472,0.10751248067535088,1.0660471064517822,1.0491025581781608,0.0,1.0658141036401503e-14,-1.1102230246251565e-16,0,0,0,0,0,1,7.208600337960199,7.937731775260109
0.11638421083259207,0.7468289025457661,-1.500905916321194,-1.5384293909533153,1275.0,2944.46,1.2327034553856613,1.7361843447053429,1.773838512988639,-0.3638527984672141,0.15625236713724766,1.0660471064517822,1.0491025581781608,0.0,1.0658141036401503e-14,-1.1102230246251565e-16,0,0,0,0,0,1,7.151485463904735,7.988020280832187
0.11638421083259207,1.037673161622995,-1.500905916321194,-1.5384293909533153,1249.95,2710.55,0.8993593890605276,2.1573990104876506,1.397177987344706,-0.20259609206001597,-0.03207855415152152,0.89074252553815,0.9843687806369694,0.0,1.0658141036401503e-14,-1.1102230246251565e-16,0,0,0,0,0,1,7.131658541642588,7.905275706088974
0.11638421083259207,1.3285174207002242,-1.500905916321194,-1.5384293909533153,1200.0,2500.0,0.4750583879337375,2.0808525518598833,1.0205174617007733,-0.19755681998479105,-0.5105092796615004,0.89074252553815,0.9843687806369694,0.0,1.0658141036401503e-14,-1.1102230246251565e-16,0,0,0,0,0,1,7.0909098220799835,7.824445930877619
0.11638421083259207,1.619361679777453,-1.500905916321194,-1.5384293909533153,1105.56,2544.66,0.1526621793890336,2.7077596822881183,1.0205174617007733,-0.521661581875574,-0.5845939070835835,0.7738728049290627,0.9196350030957781,0.0,1.0658141036401503e-14,-1.1102230246251565e-16,0,0,0,0,0,1,7.009011383054871,7.842145227387462
0.2924526323485616,-1.5799251700720662,-1.500905916321194,-1.5384293909533153,1000.0,2500.0,-0.06751718362022303,3.046127446638939,0.98285140913638,-0.8433793201517767,-0.77799377656439,0.7738728049290627,0.9196350030957781,0.0,1.0658141036401503e-14,-1.1102230246251565e-16,0,0,0,0,0,1,6.90875477931522,7.824445930877619
0.2924526323485616,-1.2890809109948371,-1.500905916321194,-1.5384293909533153,1000.0,2500.0,-0.06751718362022303,2.4516636752124312,0.9075193040075934,-0.9250685727396337,-0.77799377656439,0.7738728049290627,0.9196350030957781,0.0,1.0658141036401503e-14,-1.1102230246251565e-16,0,0,0,0,0,1,6.90875477931522,7.824445930877619
0.2924526323485616,-0.9982366519176081,-1.500905916321194,-1.5384293909533153,1200.0,2500.0,-0.06751718362022303,2.3862802418012126,0.7945211463144144,-0.6919359330489641,-0.77799377656439,0.7738728049290627,0.9196350030957781,0.0,1.0658141036401503e-14,-1.1102230246251565e-16,0,0,0,0,0,1,7.0909098220799835,7.824445930877619
0.2924526323485616,-0.7073923928403791,-1.500905916321194,-1.5384293909533153,1000.0,2550.0,-0.06751718362022303,2.30309348245915,0.6815229886212345,-1.196924039955716,-0.708588178242649,0.7738728049290627,0.9196350030957781,0.0,1.0658141036401503e-14,-1.1102230246251565e-16,0,0,0,0,0,1,6.90875477931522,7.844240718141811
0.2924526323485616,-0.4165481337631501,-1.500905916321194,-1.5384293909533153,1000.0,2200.0,-0.06751718362022303,2.2697089784742936,0.5308587783636614,-1.2812655410042177,-1.1959870428616168,0.7738728049290627,0.9196350030957781,0.0,1.0658141036401503e-14,-1.1102230246251565e-16,0,0,0,0,0,1,6.90875477931522,7.696667081526462
0.2924526323485616,-0.12570387468592106,-1.500905916321194,-1.5384293909533153,925.0,2300.0,-0.3925723433716941,1.9620329977399353,0.3801945681060882,-1.243603612863063,-1.0567859271264395,0.7738728049290627,0.9196350030957781,0.0,1.0658141036401503e-14,-1.1102230246251565e-16,0,0,0,0,0,1,6.8308742346461795,7.741099090035366
0.2924526323485616,0.16514038439130796,-1.500905916321194,-1.5384293909533153,1014.44,2331.34,-0.1296547279583142,1.6674023321883835,0.5308587783636614,-1.200902412646683,-1.01311498885658,0.5985682240154306,0.7901674480133942,0.0,1.0658141036401503e-14,-1.1102230246251565e-16,0,0,0,0,0,1,6.9230772950799215,7.754627334441574
0.2924526323485616,0.455984643468537,-1.500905916321194,-1.5384293909533153,1006.16,2344.07,-0.1339324538606435,1.8769900913478152,0.5308587783636614,-0.9884573109490422,-0.9951787106386021,0.48169850340634324,0.6606998929310114,0.0,1.0658141036401503e-14,-1.1102230246251565e-16,0,0,0,0,0,1,6.914889767882737,7.760070531181124
0.2924526323485616,0.7468289025457661,-1.500905916321194,-1.5384293909533153,954.9,2424.23,-0.07521448980313797,1.1816408063131938,0.4555266732348748,-0.9789092164907213,-1.0493774643842313,0.3063939224927112,0.5312323378486276,0.0,1.0658141036401503e-14,-1.1102230246251565e-16,0,0,0,0,0,1,6.862653305069717,7.793681644234871
0.2924526323485616,1.037673161622995,-1.500905916321194,-1.5384293909533153,936.0,2325.0,-0.06751718362022303,1.1606741875223914,0.4178606206704815,-0.9791744413367859,-0.9148553777493962,0.4232636431017996,0.6606998929310114,0.0,1.0658141036401503e-14,-1.1102230246251565e-16,0,0,0,0,0,1,6.842683282238422,7.75190533307861
0.2924526323485616,1.3285174207002242,-1.500905916321194,-1.5384293909533153,1000.0,2300.0,-0.06751718362022303,0.9567594411779275,0.3801945681060882,-0.7550594464123082,-0.6723257027149977,0.4232636431017996,0.6606998929310114,0.0,1.0658141036401503e-14,-1.1102230246251565e-16,0,0,0,0,0,1,6.90875477931522,7.741099090035366
0.2924526323485616,1.619361679777453,-1.500905916321194,-1.5384293909533153,1025.0,2300.0,-0.06751718362022303,0.5467862293607636,0.3801945681060882,-0.5062785408038348,-0.7351026764779207,0.5985682240154306,0.7901674480133942,0.0,1.0658141036401503e-14,-1.1102230246251565e-16,0,0,0,0,0,1,6.933423025730715,7.741099090035366
0.46852105386453113,-1.5799251700720662,-1.500905916321194,-1.5384293909533153,1000.0,2300.0,-0.06751718362022303,0.8748798276457656,0.30486246297730163,-0.31292962802283575,-0.6723257027149977,0.5985682240154306,0.7901674480133942,0.0,1.0658141036401503e-14,-1.1102230246251565e-16,0,0,0,0,0,1,6.90875477931522,7.741099090035366
0.46852105386453113,-1.2890809109948371,-1.500905916321194,-1.5384293909533153,1000.0,2300.0,-0.2413176764361397,0.8394038903650692,0.26719641041290837,-0.31292962802283575,-0.6723257027149977,0.5985682240154306,0.7901674480133942,0.0,1.0658141036401503e-14,-1.1102230246251565e-16,0,0,0,0,0,1,6.90875477931522,7.741099090035366
0.46852105386453113,-0.9982366519176081,-1.500905916321194,-1.5384293909533153,1000.0,2500.0,-0.4228024732285809,0.9550078657926608,0.26719641041290837,-0.7550594464123082,-0.3603904293588583,0.5985682240154306,0.7901674480133942,0.0,1.0658141036401503e-14,-1.1102230246251565e-16,0,0,0,0,0,1,6.90875477931522,7.824445930877619
0.46852105386453113,-0.7073923928403791,-1.500905916321194,-1.5384293909533153,1075.0,2800.0,-0.7176275031231651,0.6575799082079219,0.30486246297730163,-0.1140109934744828,0.021730280502412564,0.5985682240154306,0.7901674480133942,0.0,1.0658141036401503e-14,-1.1102230246251565e-16,0,0,0,0,0,1,6.98100574072173,7.937731775260109
0.46852105386453113,-0.4165481337631501,-1.500905916321194,-1.5384293909533153,1200.0,2650.0,-0.5269501464129521,1.2246459034589168,0.5685248309280546,0.2175200641061054,0.43699411315777315,0.5985682240154306,0.7901674480133942,0.0,1.0658141036401503e-14,-1.1102230246251565e-16,0,0,0,0,0,1,7.0909098220799835,7.8826922062890254
0.46852105386453113,-0.12570387468592106,-1.500905916321194,-1.5384293909533153,1300.0,2545.57,-0.5137854124430176,0.8523707767992814,0.5308587783636614,0.7622918979225279,0.05604316057158786,0.5985682240154306,0.7901674480133942,0.0,1.0658141036401503e-14,-1.1102230246251565e-16,0,0,0,0,0,1,7.170888478512505,7.842502634656846
0.46852105386453113,0.16514038439130796,-1.500905916321194,-1.5384293909533153,1300.0,2800.0,-0.502603514947567,1.5626476669829643,0.5308587783636614,0.4336783136486489,0.4233469449484421,0.7738728049290627,0.9196350030957781,0.0,1.0658141036401503e-14,-1.1102230246251565e-16,0,0,0,0,0,1,7.170888478512505,7.937731775260109
0.46852105386453113,0.455984643468537,-1.500905916321194,-1.5384293909533153,1550.0,2950.0,-0.7176275031231651,1.428743650216767,0.5308587783636614,1.1206106649556276,0.6475504226731673,0.89074252553815,0.9843687806369694,0.0,1.0658141036401503e-14,-1.1102230246251565e-16,0,0,0,0,0,1,7.346655163176539,7.989899374942939
0.46852105386453113,0.7468289025457661,-1.500905916321194,-1.5384293909533153,1575.0,3000.0,-0.06751718362022303,1.6354818315106154,0.6438569360568412,1.409440522319836,0.5656674134171806,1.0660471064517822,1.0491025581781608,0.0,1.0658141036401503e-14,-1.1102230246251565e-16,0,0,0,0,0,1,7.362645270417825,8.006700845440367
0.46852105386453113,1.037673161622995,-1.500905916321194,-1.5384293909533153,1500.0,3000.0,-0.23004476349595857,1.471356603619521,0.5685248309280546,1.285315294361664,0.7715446938322328,1.0660471064517822,1.0491025581781608,0.0,1.0658141036401503e-14,-1.1102230246251565e-16,0,0,0,0,0,1,7.313886831633462,8.006700845440367
0.46852105386453113,1.3285174207002242,-1.500905916321194,-1.5384293909533153,1425.0,3200.0,-0.7176275031231651,1.1749743626827014,0.3801945681060882,0.8142759677511642,1.165362976444359,1.0660471064517822,1.0491025581781608,0.0,1.0658141036401503e-14,-1.1102230246251565e-16,0,0,0,0,0,1,7.262628600974241,8.071218539969863
0.46852105386453113,1.619361679777453,-1.500905916321194,-1.5384293909533153,1200.0,3200.0,-0.7176275031231651,1.1279432564424852,0.30486246297730163,0.13980918420921554,1.165362976444359,1.0660471064517822,1.0491025581781608,0.0,1.0658141036401503e-14,-1.1102230246251565e-16,0,0,0,0,0,1,7.0909098220799835,8.071218539969863
0.6445894753805007,-1.5799251700720662,-1.500905916321194,-1.5384293909533153,1100.0,3200.0,-0.33175452298219377,1.4337892330429822,0.4178606206704815,-0.04770478195836517,1.165362976444359,1.0660471064517822,1.0491025581781608,0.0,1.0658141036401503e-14,-1.1102230246251565e-16,0,0,0,0,0,1,7.00397413672268,8.071218539969863
0.6445894753805007,-1.2890809109948371,-1.500905916321194,-1.5384293909533153,1150.0,3400.0,-0.06751718362022303,1.532687885020048,0.5685248309280546,0.08490764107387011,1.5045925862191603,1.0660471064517822,1.0491025581781608,0.0,1.0658141036401503e-14,-1.1102230246251565e-16,0,0,0,0,0,1,7.048386408721883,8.131824785007195
0.6445894753805007,-0.9982366519176081,-1.500905916321194,-1.5384293909533153,1248.44,3633.08,-0.07867307670289343,1.3579224902363625,0.7191890411856278,0.34588888960130915,1.4067228942036718,0.89074252553815,0.9843687806369694,0.0,1.0658141036401503e-14,-1.1102230246251565e-16,0,0,0,0,0,1,7.130450729914365,8.198111263023106
0.6445894753805007,-0.7073923928403791,-1.500905916321194,-1.5384293909533153,1450.0,4083.33,-0.23004476349595857,1.1687000627951802,0.9451853565719867,0.6121746350500377,1.4266087678801254,0.89074252553815,0.9843687806369694,0.0,1.0658141036401503e-14,-1.1102230246251565e-16,0,0,0,0,0,1,7.280008252884188,8.314912979154341
0.6445894753805007,-0.4165481337631501,-1.500905916321194,-1.5384293909533153,1258.33,4250.0,0.5013293459448513,1.2750755888048746,1.0205174617007733,-0.18403035283550304,1.9939410462966043,0.89074252553815,0.9843687806369694,0.0,1.0658141036401503e-14,-1.1102230246251565e-16,0,0,0,0,0,1,7.138335112486719,8.35490952835879
0.6445894753805007,-0.12570387468592106,-1.500905916321194,-1.5384293909533153,1200.0,3380.0,0.2932940437039098,0.39554945915528594,0.8698532514432001,-0.5168875346464136,0.9177643532179232,0.89074252553815,0.9843687806369694,0.0,1.0658141036401503e-14,-1.1102230246251565e-16,0,0,0,0,0,1,7.0909098220799835,8.125926802707886
0.6445894753805007,0.16514038439130796,-1.500905916321194,-1.5384293909533153,1200.0,3638.0,0.257537976131248,0.5459496560424268,0.8698532514432001,-0.5168875346464136,0.8066374120847984,0.89074252553815,0.9843687806369694,0.0,1.0658141036401503e-14,-1.1102230246251565e-16,0,0,0,0,0,1,7.0909098220799835,8.19946419761216
0.6445894753805007,0.455984643468537,-1.500905916321194,-1.5384293909533153,1200.0,3466.0,0.257537976131248,0.5452437973050807,0.7568550937500211,-0.9118073304364102,0.32157806201600153,0.89074252553815,0.9843687806369694,0.0,1.0658141036401503e-14,-1.1102230246251565e-16,0,0,0,0,0,1,7.0909098220799835,8.151044945685024
0.6445894753805007,0.7468289025457661,-1.500905916321194,-1.5384293909533153,1000.0,3800.0,0.257537976131248,0.2542208541888539,0.606190883492448,-1.2812655410042177,0.6795237881921716,0.89074252553815,0.9843687806369694,0.0,1.0658141036401503e-14,-1.1102230246251565e-16,0,0,0,0,0,1,6.90875477931522,8.24301946898925
0.6445894753805007,1.037673161622995,-1.500905916321194,-1.5384293909533153,1000.0,3500.0,0.4726529797515768,0.48286679925663345,0.5685248309280546,-1.196924039955716,0.2896046964969973,0.89074252553815,0.9843687806369694,0.0,1.0658141036401503e-14,-1.1102230246251565e-16,0,0,0,0,0,1,6.90875477931522,8.160803920954665
0.6445894753805007,1.3285174207002242,-1.500905916321194,-1.5384293909533153,1100.0,3400.0,0.1904465911585445,0.5913337585621694,0.7191890411856278,-0.9179075018958931,-0.11669099704937434,0.89074252553815,0.9843687806369694,0.0,1.0658141036401503e-14,-1.1102230246251565e-16,0,0,0,0,0,1,7.00397413672268,8.131824785007195
0.6445894753805007,1.619361679777453,-1.500905916321194,-1.5384293909533153,1100.0,3500.0,-0.06751718362022303,0.4402015600214837,0.6438569360568412,-0.5338619247945398,0.004963759559520011,0.89074252553815,0.9843687806369694,0.0,1.0658141036401503e-14,-1.1102230246251565e-16,0,0,0,0,0,1,7.00397413672268,8.160803920954665
0.8206578968964702,-1.5799251700720662,-1.500905916321194,-1.5384293909533153,900.2,3208.0,0.06250488028036538,0.34660992003261454,0.4178606206704815,-0.7945779484759143,-0.3506424520664789,0.89074252553815,0.9843687806369694,0.0,1.0658141036401503e-14,-1.1102230246251565e-16,0,0,0,0,0,1,6.803727208558089,8.073714641109857
0.8206578968964702,-1.2890809109948371,-1.500905916321194,-1.5384293909533153,742.41,3140.99,0.19614805866058502,0.3922815946305349,0.3801945681060882,-1.2528864824753192,-0.6575087772305811,0.715437944624519,0.8549012255545856,0.0,1.0658141036401503e-14,-1.1102230246251565e-16,0,0,0,0,0,1,6.611247709481045,8.052611636124315
0.8206578968964702,-0.9982366519176081,-1.500905916321194,-1.5384293909533153,714.77,2946.98,0.3738622155999096,0.3848308635141028,0.30486246297730163,-1.4467658449484473,-1.0965576744793473,0.715437944624519,0.8549012255545856,0.0,1.0658141036401503e-14,-1.1102230246251565e-16,0,0,0,0,0,1,6.573358886305264,7.9888754690256985
0.8206578968964702,-0.7073923928403791,-1.500905916321194,-1.5384293909533153,678.87,3000.0,0.257537976131248,0.36294924265636963,0.11653220015533564,-1.7233953593936902,-1.394845779626156,0.715437944624519,0.8549012255545856,0.0,1.0658141036401503e-14,-1.1102230246251565e-16,0,0,0,0,0,1,6.5219016034230135,8.006700845440367
0.8206578968964702,-0.4165481337631501,-1.500905916321194,-1.5384293909533153,650.0,2500.0,0.5825931358827191,0.3579298027463525,0.04120009502654906,-1.5950265338984864,-1.966077248959586,0.715437944624519,0.8549012255545856,0.0,1.0658141036401503e-14,-1.1102230246251565e-16,0,0,0,0,0,1,6.478509642208569,7.824445930877619
0.8206578968964702,-0.12570387468592106,-1.500905916321194,-1.5384293909533153,1000.0,2500.0,1.2327034553856613,0.5125390091413725,0.4555266732348748,-0.7550594464123082,-1.375739744133092,0.7738728049290627,0.8549012255545856,0.0,1.0658141036401503e-14,-1.1102230246251565e-16,0,0,0,0,0,1,6.90875477931522,7.824445930877619
0.8206578968964702,0.16514038439130796,-1.500905916321194,-1.5384293909533153,1000.0,3000.0,1.2327034553856613,0.41204563927622895,0.5308587783636614,-0.7550594464123082,-1.044308516192194,0.7738728049290627,0.8549012255545856,0.0,1.0658141036401503e-14,-1.1102230246251565e-16,0,0,0,0,0,1,6.90875477931522,8.006700845440367
0.8206578968964702,0.455984643468537,-1.500905916321194,-1.5384293909533153,800.0,2369.0,1.200197939410514,0.2862197836152159,0.30486246297730163,-1.196924039955716,-1.5944843545740848,0.7738728049290627,0.8549012255545856,0.0,1.0658141036401503e-14,-1.1102230246251565e-16,0,0,0,0,0,1,6.68586094706836,7.7706452341291765
0.8206578968964702,0.7468289025457661,-1.500905916321194,-1.5384293909533153,1125.0,2375.0,1.1397376796967404,0.42979667937467697,0.4178606206704815,0.018601429557752472,-1.822587023215762,0.7738728049290627,0.8549012255545856,0.0,1.0658141036401503e-14,-1.1102230246251565e-16,0,0,0,0,0,1,7.026426808699636,7.773173680482536
0.8206578968964702,1.037673161622995,-1.500905916321194,-1.5384293909533153,1000.0,2453.0,1.2327034553856613,0.26726616937166,0.5685248309280546,-0.31292962802283575,-1.5266384326191247,0.7738728049290627,0.9196350030957781,0.0,1.0658141036401503e-14,-1.1102230246251565e-16,0,0,0,0,0,1,6.90875477931522,7.805474625270857
0.8206578968964702,1.3285174207002242,-1.500905916321194,-1.5384293909533153,1183.0,2383.0,1.3509975291224166,0.03184920900859649,0.4555266732348748,-0.11268486924416046,-1.5266384326191247,0.7738728049290627,0.9196350030957781,0.0,1.0658141036401503e-14,-1.1102230246251565e-16,0,0,0,0,0,1,7.076653815443951,7.776535028185241
0.8206578968964702,1.619361679777453,-1.500905916321194,-1.5384293909533153,1200.0,2450.0,1.2327034553856613,0.18170040465557918,0.4178606206704815,-0.07184024295023199,-1.5301477044443814,0.7738728049290627,0.9196350030957781,0.0,1.0658141036401503e-14,-1.1102230246251565e-16,0,0,0,0,0,1,7.0909098220799835,7.804251383528112
0.9967263184124397,-1.5799251700720662,-1.500905916321194,-1.5384293909533153,1322.14,2745.85,1.95271363644156,0.07333801701483518,0.8698532514432001,0.9301792254813378,-0.9222638404916045,0.5985682240154306,0.7901674480133942,0.0,1.0658141036401503e-14,-1.1102230246251565e-16,0,0,0,0,0,1,7.1877629786222235,7.918210079580703
0.9967263184124397,-1.2890809109948371,-1.500905916321194,-1.5384293909533153,1500.0,3000.0,2.5329240943915456,0.3721254062418705,1.246513777087133,2.393689926065086,-0.5354641015299916,0.7738728049290627,0.9196350030957781,0.0,1.0658141036401503e-14,-1.1102230246251565e-16,0,0,0,0,0,1,7.313886831633462,8.006700845440367
0.9967263184124397,-0.9982366519176081,-1.500905916321194,-1.5384293909533153,1375.0,3000.0,2.5329240943915456,0.012294307692486328,1.2841798296515263,2.136952275074679,-0.2902049928537269,0.89074252553815,0.9843687806369694,0.0,1.0658141036401503e-14,-1.1102230246251565e-16,0,0,0,0,0,1,7.226936018493289,8.006700845440367
0.9967263184124397,-0.7073923928403791,-1.500905916321194,-1.5384293909533153,1600.0,3500.0,2.5329240943915456,0.2148757653108517,1.510176145037886,3.285906308225965,0.2896046964969973,0.89074252553815,0.9843687806369694,0.0,1.0658141036401503e-14,-1.1102230246251565e-16,0,0,0,0,0,1,7.3783837129967145,8.160803920954665
0.9967263184124397,-0.4165481337631501,-1.500905916321194,-1.5384293909533153,1957.0,3714.0,2.8118214214583075,-0.20118874598044864,1.6985064078598524,5.020211576641539,1.5330566799129082,0.89074252553815,0.9843687806369694,0.0,1.0658141036401503e-14,-1.1102230246251565e-16,0,0,0,0,0,1,7.579678823090456,8.220133957151859
0.9967263184124397,-0.12570387468592106,-1.500905916321194,-1.5384293909533153,2071.0,3643.0,2.718855645769387,-0.33744562520446697,1.7361724604242457,2.5276284733276437,1.4223196578714785,0.89074252553815,0.9843687806369694,0.0,1.0658141036401503e-14,-1.1102230246251565e-16,0,0,0,0,0,1,7.6362696033793735,8.200837258379849
0.9967263184124397,0.16514038439130796,-1.500905916321194,-1.5384293909533153,2500.0,4000.0,2.5329240943915456,-0.3302563232500147,2.112832986068178,3.6654430629442225,0.9392099032611576,0.89074252553815,0.9843687806369694,0.0,1.0658141036401503e-14,-1.1102230246251565e-16,0,0,0,0,0,1,7.824445930877619,8.294299608857235
0.9967263184124397,0.455984643468537,-1.500905916321194,-1.5384293909533153,2500.0,4250.0,2.5329240943915456,-0.1493734860759966,2.0751669335037843,5.323098350847164,2.735567158700826,0.89074252553815,0.9843687806369694,0.0,1.0658141036401503e-14,-1.1102230246251565e-16,0,0,0,0,0,1,7.824445930877619,8.35490952835879
0.9967263184124397,0.7468289025457661,-1.500905916321194,-1.5384293909533153,2500.0,4500.0,2.5329240943915456,-0.634769011124414,2.112832986068178,2.928648440577123,3.128215684037866,0.89074252553815,0.9843687806369694,0.0,1.0658141036401503e-14,-1.1102230246251565e-16,0,0,0,0,0,1,7.824445930877619,8.412054873292933
0.9967263184124397,1.037673161622995,-1.500905916321194,-1.5384293909533153,2500.0,4300.0,2.5329240943915456,-1.015174584721631,2.150499038632571,3.6654430629442225,2.575700331105804,0.89074252553815,0.9843687806369694,0.0,1.0658141036401503e-14,-1.1102230246251565e-16,0,0,0,0,0,1,7.824445930877619,8.366602832783736
0.9967263184124397,1.3285174207002242,-1.500905916321194,-1.5384293909533153,2500.0,4000.0,2.5329240943915456,-1.0605325443251754,2.1881650911969643,2.639818583212915,2.2856005268845943,0.89074252553815,0.9843687806369694,0.0,1.0658141036401503e-14,-1.1102230246251565e-16,0,0,0,0,0,1,7.824445930877619,8.294299608857235
0.9967263184124397,1.619361679777453,-1.500905916321194,-1.5384293909533153,2500.0,4000.0,2.5329240943915456,-1.0842703122329667,2.150499038632571,2.5602511293935737,2.10662766379651,0.89074252553815,0.9843687806369694,0.0,1.0658141036401503e-14,-1.1102230246251565e-16,0,0,0,0,0,1,7.824445930877619,8.294299608857235
1.1727947399284093,-1.5799251700720662,-1.500905916321194,-1.5384293909533153,2500.0,4500.0,2.37039651451581,-1.1007403494377117,2.150499038632571,2.0499585255655326,2.1304127283899152,1.0660471064517822,1.0491025581781608,0.0,1.0658141036401503e-14,-1.1102230246251565e-16,0,0,0,0,0,1,7.824445930877619,8.412054873292933
1.1727947399284093,-1.2890809109948371,-1.500905916321194,-1.5384293909533153,2500.0,4666.67,1.4494047281855769,-0.7017210195075132,1.8491706181174248,1.4553244206889895,1.80600004409953,1.0660471064517822,1.0491025581781608,0.0,1.0658141036401503e-14,-1.1102230246251565e-16,0,0,0,0,0,1,7.824445930877619,8.448415296820098
1.1727947399284093,-0.9982366519176081,-1.500905916321194,-1.5384293909533153,2500.0,4500.0,1.2327034553856613,-1.1338895671767861,1.773838512988639,1.857140062476662,1.589205029117013,1.0660471064517822,1.0491025581781608,0.0,1.0658141036401503e-14,-1.1102230246251565e-16,0,0,0,0,0,1,7.824445930877619,8.412054873292933
1.1727947399284093,-0.7073923928403791,-1.500905916321194,-1.5384293909533153,2500.0,4500.0,1.2327034553856613,-0.9469154305286318,1.8491706181174248,1.1789601310898112,0.7536084156142547,1.0660471064517822,1.0491025581781608,0.0,1.0658141036401503e-14,-1.1102230246251565e-16,0,0,0,0,0,1,7.824445930877619,8.412054873292933
1.1727947399284093,-0.4165481337631501,-1.500905916321194,-1.5384293909533153,2500.0,5125.0,1.2327034553856613,-1.1852603975058724,1.9621687758106046,0.4230693198060701,1.120912199991109,1.0660471064517822,1.0491025581781608,0.0,1.0658141036401503e-14,-1.1102230246251565e-16,0,0,0,0,0,1,7.824445930877619,8.542080906924017
1.1727947399284093,-0.12570387468592106,-1.500905916321194,-1.5384293909533153,2500.0,5500.0,1.2327034553856613,-1.0268343253459427,2.0375008809393913,0.23635102817668283,1.627027181011445,1.0660471064517822,1.0491025581781608,0.0,1.0658141036401503e-14,-1.1102230246251565e-16,0,0,0,0,0,1,7.824445930877619,8.612685172875459
1.1727947399284093,0.16514038439130796,-1.500905916321194,-1.5384293909533153,2500.0,5250.0,1.2327034553856613,-1.0877473200873016,1.9998348283749978,-0.31292962802283575,0.8581067321885614,1.0660471064517822,1.0491025581781608,0.0,1.0658141036401503e-14,-1.1102230246251565e-16,0,0,0,0,0,1,7.824445930877619,8.566173813637858
1.1727947399284093,0.455984643468537,-1.500905916321194,-1.5384293909533153,2500.0,5000.0,1.2327034553856613,-1.1204521082510097,1.9621687758106046,-0.31292962802283575,0.3278167674831243,1.0660471064517822,1.0491025581781608,0.0,1.0658141036401503e-14,-1.1102230246251565e-16,0,0,0,0,0,1,7.824445930877619,8.517393171418904
1.1727947399284093,0.7468289025457661,-1.500905916321194,-1.5384293909533153,2500.0,5000.0,1.2327034553856613,-1.1757443760097972,1.9245027232462113,-0.31292962802283575,0.07280968151448035,1.0660471064517822,1.0491025581781608,0.0,1.0658141036401503e-14,-1.1102230246251565e-16,0,0,0,0,0,1,7.824445930877619,8.517393171418904
1.1727947399284093,1.037673161622995,-1.500905916321194,-1.5384293909533153,2500.0,5000.0,0.9726593275844844,-1.2133640324187314,1.886836670681818,-0.31292962802283575,0.2743978519208855,1.0660471064517822,1.0491025581781608,0.0,1.0658141036401503e-14,-1.1102230246251565e-16,0,0,0,0,0,1,7.824445930877619,8.517393171418904
1.1727947399284093,1.3285174207002242,-1.500905916321194,-1.5384293909533153,2500.0,4700.0,0.5825931358827191,-1.2465655359902013,1.7361724604242457,-0.31292962802283575,0.32196798110769675,1.0660471064517822,1.0491025581781608,0.0,1.0658141036401503e-14,-1.1102230246251565e-16,0,0,0,0,0,1,7.824445930877619,8.45553053102413
1.1727947399284093,1.619361679777453,-1.500905916321194,-1.5384293909533153,2482.11,4500.0,0.5825931358827191,-1.3233734237799495,1.6985064078598524,-0.33202581693947764,0.1270084352601096,1.0660471064517822,1.0491025581781608,0.0,1.0658141036401503e-14,-1.1102230246251565e-16,0,0,0,0,0,1,7.817267085775385,8.412054873292933
1.348863161444379,-1.5799251700720662,-1.500905916321194,-1.5384293909533153,2331.78,4125.0,0.5825931358827191,-1.277022033360881,1.510176145037886,-0.49142594942422446,-0.6851930327409386,1.0660471064517822,1.0491025581781608,0.0,1.0658141036401503e-14,-1.1102230246251565e-16,0,0,0,0,0,1,7.7548159683893845,8.325063693631197
1.348863161444379,-1.2890809109948371,-1.500905916321194,-1.5384293909533153,2000.0,4000.0,0.5825931358827191,-1.156294046358479,1.2841798296515263,-0.8433793201517767,-0.9175848113912624,1.0660471064517822,1.0491025581781608,0.0,1.0658141036401503e-14,-1.1102230246251565e-16,0,0,0,0,0,1,7.601402334583733,8.294299608857235
1.348863161444379,-0.9982366519176081,-1.500905916321194,-1.5384293909533153,2000.0,4000.0,0.5825931358827191,-1.2224617672556377,1.2841798296515263,-0.8433793201517767,-0.7935905402321969,1.0660471064517822,1.0491025581781608,0.0,1.0658141036401503e-14,-1.1102230246251565e-16,0,0,0,0,0,1,7.601402334583733,8.294299608857235
1.348863161444379,-0.7073923928403791,-1.500905916321194,-1.5384293909533153,2000.0,4000.0,0.7451207157584546,-1.0221547433464993,1.3218458822159196,-0.8433793201517767,-0.7935905402321969,1.0660471064517822,1.0491025581781608,0.0,1.0658141036401503e-14,-1.1102230246251565e-16,0,0,0,0,0,1,7.601402334583733,8.294299608857235
1.348863161444379,-0.4165481337631501,-1.500905916321194,-1.5384293909533153,2000.0,4000.0,1.2327034553856613,-1.171195508591344,1.397177987344706,-0.8433793201517767,-1.2162628356297658,1.0660471064517822,1.0491025581781608,0.0,1.0658141036401503e-14,-1.1102230246251565e-16,0,0,0,0,0,1,7.601402334583733,8.294299608857235
1.348863161444379,-0.12570387468592106,-1.500905916321194,-1.5384293909533153,2000.0,4000.0,1.2327034553856613,-1.1891556920193758,1.397177987344706,-0.8433793201517767,-1.4236997924115986,1.0660471064517822,1.0491025581781608,0.0,1.0658141036401503e-14,-1.1102230246251565e-16,0,0,0,0,0,1,7.601402334583733,8.294299608857235
1.348863161444379,0.16514038439130796,-1.500905916321194,-1.5384293909533153,1500.0,4000.0,1.2327034553856613,-0.87698312969896,1.246513777087133,-1.373829012280718,-1.2887877866850683,1.0660471064517822,1.0491025581781608,0.0,1.0658141036401503e-14,-1.1102230246251565e-16,0,0,0,0,0,1,7.313886831633462,8.294299608857235
1.348863161444379,0.455984643468537,-1.500905916321194,-1.5384293909533153,1500.0,4278.0,1.2327034553856613,-0.8497683539368333,1.3595119347803128,-1.373829012280718,-0.92343359776669,1.0660471064517822,1.0491025581781608,0.0,1.0658141036401503e-14,-1.1102230246251565e-16,0,0,0,0,0,1,7.313886831633462,8.361474616416817
1.348863161444379,0.7468289025457661,-1.500905916321194,-1.5384293909533153,1500.0,4875.0,1.2327034553856613,-0.7993648115070735,1.5478421976022794,-1.373829012280718,-0.45787020228265185,1.0660471064517822,1.0491025581781608,0.0,1.0658141036401503e-14,-1.1102230246251565e-16,0,0,0,0,0,1,7.313886831633462,8.492080490601163
1.348863161444379,1.037673161622995,-1.500905916321194,-1.5384293909533153,1500.0,5000.0,1.2327034553856613,-0.9529283012541736,1.5478421976022794,-1.373829012280718,-0.3603904293588583,1.0660471064517822,1.0491025581781608,0.0,1.0658141036401503e-14,-1.1102230246251565e-16,0,0,0,0,0,1,7.313886831633462,8.517393171418904
1.348863161444379,1.3285174207002242,-1.500905916321194,-1.5384293909533153,1500.0,5000.0,1.2351803757029676,-0.76765345415889,1.510176145037886,-1.373829012280718,-0.11162204885733708,1.0660471064517822,1.0491025581781608,0.0,1.0658141036401503e-14,-1.1102230246251565e-16,0,0,0,0,0,1,7.313886831633462,8.517393171418904
1.348863161444379,1.619361679777453,-1.500905916321194,-1.5384293909533153,1500.0,5000.0,1.2327034553856613,-0.5723397272435707,1.510176145037886,-1.3624243438999457,0.07280968151448035,1.0660471064517822,1.0491025581781608,0.0,1.0658141036401503e-14,-1.1102230246251565e-16,0,0,0,0,0,1,7.313886831633462,8.517393171418904
1.5249315829603483,-1.5799251700720662,-1.500905916321194,-1.5384293909533153,1500.0,5000.0,1.2327034553856613,-0.5203414669257322,1.5855082501666726,-1.2589866539348022,0.46662796412660645,1.0660471064517822,1.0491025581781608,0.0,1.0658141036401503e-14,-1.1102230246251565e-16,0,0,0,0,0,1,7.313886831633462,8.517393171418904
1.5249315829603483,-1.2890809109948371,-1.500905916321194,-1.5384293909533153,1500.0,5000.0,1.2327034553856613,-0.3703595566977596,1.5478421976022794,-0.975991743184012,0.6144072998790775,1.0660471064517822,1.0491025581781608,0.0,1.0658141036401503e-14,-1.1102230246251565e-16,0,0,0,0,0,1,7.313886831633462,8.517393171418904
1.5249315829603483,-0.9982366519176081,-1.500905916321194,-1.5384293909533153,1522.0,5072.0,1.3074661421284997,-0.6575394911328791,1.6231743027310659,-0.9468170101169203,0.6845927363842089,1.0660471064517822,1.0491025581781608,0.0,1.0658141036401503e-14,-1.1102230246251565e-16,0,0,0,0,0,1,7.328437352895162,8.53168763756669
1.5249315829603483,-0.7073923928403791,-1.500905916321194,-1.5384293909533153,1676.44,5229.0,1.471293942643241,-0.5128123070607062,1.773838512988639,-0.742063428955149,0.8374410203287171,1.0660471064517822,1.0491025581781608,0.0,1.0658141036401503e-14,-1.1102230246251565e-16,0,0,0,0,0,1,7.425024100694987,8.56216655705897
1.5249315829603483,-0.4165481337631501,-1.500905916321194,-1.5384293909533153,2006.29,5125.0,1.5577586151371323,-0.43843571047737284,2.112832986068178,-0.3047076577948371,0.736451975579667,1.0660471064517822,1.0491025581781608,0.0,1.0658141036401503e-14,-1.1102230246251565e-16,0,0,0,0,0,1,7.604540832628102,8.542080906924017
1.5249315829603483,-0.12570387468592106,-1.500905916321194,-1.5384293909533153,2335.78,4413.07,1.2327034553856613,-0.14809248318229418,2.1881650911969643,0.13238288851941032,0.042395992362256774,1.0660471064517822,1.0491025581781608,0.0,1.0658141036401503e-14,-1.1102230246251565e-16,0,0,0,0,0,1,7.756529192324136,8.392552445322561
1.5249315829603483,0.16514038439130796,-1.500905916321194,-1.5384293909533153,2500.0,3500.0,1.2327034553856613,-0.33566790690300286,1.886836670681818,1.4553244206889895,-0.8477892939778262,1.0660471064517822,1.0491025581781608,0.0,1.0658141036401503e-14,-1.1102230246251565e-16,0,0,0,0,0,1,7.824445930877619,8.160803920954665
1.5249315829603483,0.455984643468537,-1.500905916321194,-1.5384293909533153,2500.0,3833.0,1.4491901917801409,-0.2606115944985213,2.0751669335037843,1.4553244206889895,-0.7659062847218396,1.0660471064517822,1.0491025581781608,0.0,1.0658141036401503e-14,-1.1102230246251565e-16,0,0,0,0,0,1,7.824445930877619,8.251663923605589
1.5249315829603483,0.7468289025457661,-1.500905916321194,-1.5384293909533153,2500.0,4000.0,1.5577586151371323,0.0875074775941558,2.112832986068178,1.4553244206889895,-1.0602951989516962,1.0660471064517822,1.0491025581781608,0.0,1.0658141036401503e-14,-1.1102230246251565e-16,0,0,0,0,0,1,7.824445930877619,8.294299608857235
1.5249315829603483,1.037673161622995,-1.500905916321194,-1.5384293909533153,2500.0,4000.0,1.3949969955463752,-0.2874080836014796,2.0375008809393913,1.4553244206889895,-1.140228612749207,1.0660471064517822,1.0491025581781608,0.0,1.0658141036401503e-14,-1.1102230246251565e-16,0,0,0,0,0,1,7.824445930877619,8.294299608857235
1.5249315829603483,1.3285174207002242,-1.500905916321194,-1.5384293909533153,2500.0,3500.0,1.323283326202006,-0.3410272047235944,1.886836670681818,1.4553244206889895,-1.5301477044443814,1.0660471064517822,1.0491025581781608,0.0,1.0658141036401503e-14,-1.1102230246251565e-16,0,0,0,0,0,1,7.824445930877619,8.160803920954665
1.5249315829603483,1.619361679777453,-1.500905916321194,-1.5384293909533153,2467.0,3416.66,1.269109633277826,0.09331120499011368,1.8491706181174248,1.396974954554806,-1.5952641927574756,1.0660471064517822,0.9843687806369694,0.0,1.0658141036401503e-14,-1.1102230246251565e-16,0,0,0,0,0,1,7.811163385025279,8.136711385351488
1.7010000044763178,-1.5799251700720662,-1.500905916321194,-1.5384293909533153,1631.82,3078.0,1.2327034553856613,0.5684848498051103,1.5855082501666726,-0.07979698833216613,-1.8592394178351084,1.0660471064517822,0.9843687806369694,0.0,1.0658141036401503e-14,-1.1102230246251565e-16,0,0,0,0,0,1,7.398063860318217,8.0323601479245
1.7010000044763178,-1.2890809109948371,-1.500905916321194,-1.5384293909533153,1571.55,3078.0,1.2327034553856613,-0.18780357288706814,1.5855082501666726,-0.18641737645008327,-1.8592394178351084,1.0660471064517822,0.9843687806369694,0.0,1.0658141036401503e-14,-1.1102230246251565e-16,0,0,0,0,0,1,7.360453784571482,8.0323601479245
1.7010000044763178,-0.9982366519176081,-1.500905916321194,-1.5384293909533153,1904.67,3325.0,1.2327034553856613,0.05877641269254479,1.7361724604242457,0.3538456349832433,-1.7032717811570386,1.0660471064517822,0.9843687806369694,0.0,1.0658141036401503e-14,-1.1102230246251565e-16,0,0,0,0,0,1,7.552588931763476,8.109525659752872
1.7010000044763178,-0.7073923928403791,-1.500905916321194,-1.5384293909533153,2168.92,3604.0,1.2327034553856613,0.4127253550973771,1.8491706181174248,0.4663009697145787,-1.57225896634746,1.0660471064517822,0.9843687806369694,0.0,1.0658141036401503e-14,-1.1102230246251565e-16,0,0,0,0,0,1,7.682445579495477,8.190077049719049
1.7010000044763178,-0.4165481337631501,-1.500905916321194,-1.5384293909533153,2272.79,4097.88,1.8484554445028727,0.4841739450665339,2.112832986068178,0.03928896755078116,-1.1417882891159876,0.89074252553815,0.9196350030957781,0.0,1.0658141036401503e-14,-1.1102230246251565e-16,0,0,0,0,0,1,7.7292033217611555,8.318469044642772
1.7010000044763178,-0.12570387468592106,-1.500905916321194,-1.5384293909533153,2106.18,3909.64,1.6717879651779481,0.7702820199375354,1.9621687758106046,-0.5736456517042103,-0.8052881129830521,0.715437944624519,0.7901674480133942,0.0,1.0658141036401503e-14,-1.1102230246251565e-16,0,0,0,0,0,1,7.65310583967594,8.271456322449284
1.7010000044763178,0.16514038439130796,-1.500905916321194,-1.5384293909533153,2128.96,3809.38,1.5287962004032767,0.37207312040947454,1.9245027232462113,-0.70652329958251,-0.0157019523003242,0.5985682240154306,0.59596611538982,0.0,1.0658141036401503e-14,-1.1102230246251565e-16,0,0,0,0,0,1,7.663858479184413,8.245484200680098
1.7010000044763178,0.455984643468537,-1.500905916321194,-1.5384293909533153,2140.0,3879.7,1.576722333157033,0.475076210229627,1.9245027232462113,-0.6948534063556734,-0.312820300172047,0.4232636431017996,0.4664985603074362,0.0,1.0658141036401503e-14,-1.1102230246251565e-16,0,0,0,0,0,1,7.669028288589683,8.263770828716098
-1.6443000043271032,-1.5799251700720662,,,550.98,1214.02,-1.7290626371026474,-2.108968055530095,-1.6537722703711475,,,-1.2129124454254296,-1.216579655763545,0.0,1.0658141036401503e-14,-1.1102230246251565e-16,0,0,0,0,1,0,6.313511813736647,7.1025158165445195
-1.6443000043271032,-1.2890809109948371,,,538.66,1273.34,-1.7650722476999154,-2.117778218288824,-1.6537722703711475,,,-1.2129124454254296,-1.216579655763545,0.0,1.0658141036401503e-14,-1.1102230246251565e-16,0,0,0,0,1,0,6.290939311628714,7.1501836765082105
-1.6443000043271032,-0.9982366519176081,,,576.57,1331.15,-1.7414732431019586,-1.9794299057689644,-1.6537722703711475,,,-1.2129124454254296,-1.216579655763545,0.0,1.0658141036401503e-14,-1.1102230246251565e-16,0,0,0,0,1,0,6.358829647171565,7.194549457372623
-1.6443000043271032,-0.7073923928403791,,,578.19,1382.55,-1.6992095712310724,-1.9792469053555786,-1.6161062178067542,,,-1.2129124454254296,-1.216579655763545,0.0,1.0658141036401503e-14,-1.1102230246251565e-16,0,0,0,0,1,0,6.361630575729091,7.232407938798008
-1.6443000043271032,-0.4165481337631501,,,589.62,1444.66,-1.6841595173345791,-1.8991188672086836,-1.578440165242361,,,-1.2129124454254296,-1.216579655763545,0.0,1.0658141036401503e-14,-1.1102230246251565e-16,0,0,0,0,1,0,6.381172832603708,7.276321243674032
-1.6443000043271032,-0.12570387468592106,,,552.27,1316.36,-1.719460507683589,-1.9855212052431004,-1.6537722703711475,,,-1.2129124454254296,-1.216579655763545,0.0,1.0658141036401503e-14,-1.1102230246251565e-16,0,0,0,0,1,0,6.315846128300357,7.183385012909743
-1.6443000043271032,0.16514038439130796,,,576.8,1303.75,-1.6947888210584525,-2.0548522190002183,-1.6537722703711475,,,-1.2129124454254296,-1.216579655763545,0.0,1.0658141036401503e-14,-1.1102230246251565e-16,0,0,0,0,1,0,6.359227788032134,7.173766730523522
-1.6443000043271032,0.455984643468537,,,554.77,1299.65,-1.6506203259514225,-1.980658622830271,-1.6161062178067542,,,-1.2129124454254296,-1.216579655763545,0.0,1.0658141036401503e-14,-1.1102230246251565e-16,0,0,0,0,1,0,6.320354539601183,7.170619418491279
-1.6443000043271032,0.7468289025457661,,,554.97,1354.86,-1.62130035054184,-1.9308040816406695,-1.578440165242361,,,-1.2129124454254296,-1.216579655763545,0.0,1.0658141036401503e-14,-1.1102230246251565e-16,0,0,0,0,1,0,6.320714335960328,7.2121912183324675
-1.6443000043271032,1.037673161622995,,,538.68,1328.1,-1.635680790809245,-1.955587566196381,-1.6161062178067542,,,-1.2129124454254296,-1.216579655763545,0.0,1.0658141036401503e-14,-1.1102230246251565e-16,0,0,0,0,1,0,6.29097637131334,7.192257300427287
-1.6443000043271032,1.3285174207002242,,,572.44,1272.2,-1.6444442779161446,-2.003324531173944,-1.578440165242361,,,-1.2129124454254296,-1.216579655763545,0.0,1.0658141036401503e-14,-1.1102230246251565e-16,0,0,0,0,1,0,6.351653310346511,7.149288695407938
-1.6443000043271032,1.619361679777453,,,566.21,1245.0,-1.6780094737120816,-2.064106811334313,-1.6161062178067542,,,-1.2129124454254296,-1.216579655763545,0.0,1.0658141036401503e-14,-1.1102230246251565e-16,0,0,0,0,1,0,6.340729605527947,7.1276936993473985
-1.4682315828111336,-1.5799251700720662,,,622.99,1369.82,-1.6705397061409926,-2.0072721115198435,-1.5407741126779677,0.0337192457834273,0.13987576528605036,-1.2129124454254296,-1.1518458782223537,0.0,1.0658141036401503e-14,-1.1102230246251565e-16,0,0,0,0,1,0,6.43613434259999,7.223164379914446
-1.4682315828111336,-1.2890809109948371,,,603.16,1413.09,-1.6877676296078206,-2.0196899967138973,-1.578440165242361,0.004544512716335548,0.06774073332244313,-1.2129124454254296,-1.1518458782223537,0.0,1.0658141036401503e-14,-1.1102230246251565e-16,0,0,0,0,1,0,6.403839063517081,7.2542414936530575
-1.4682315828111336,-0.9982366519176081,,,663.82,1485.52,-1.621410869296155,-1.9751686104286892,-1.5407741126779677,0.08835556407270825,0.09191571700754389,-1.2129124454254296,-1.087112100681162,0.0,1.0658141036401503e-14,-1.1102230246251565e-16,0,0,0,0,1,0,6.499516327324577,7.304193096770784
-1.4682315828111336,-0.7073923928403791,,,668.85,1587.84,-1.6247134297192303,-1.9256539271496618,-1.4654420075491812,0.1029429306062541,0.21863942180847554,-1.2129124454254296,-1.087112100681162,0.0,1.0658141036401503e-14,-1.1102230246251565e-16,0,0,0,0,1,0,6.507053806722995,7.370759469207628
-1.4682315828111336,-0.4165481337631501,,,687.83,1661.98,-1.5485660079958508,-1.8221802648379453,-1.4654420075491812,0.12893496552057224,0.22604788455068384,-1.2129124454254296,-1.0223783231399706,0.0,1.0658141036401503e-14,-1.1102230246251565e-16,0,0,0,0,1,0,6.534994506172041,7.416366452662401
-1.4682315828111336,-0.12570387468592106,,,634.67,1490.39,-1.6189404500820441,-1.9634042981395854,-1.5031080601135745,0.08278584230535434,0.15508260986216219,-1.2129124454254296,-1.0223783231399706,0.0,1.0658141036401503e-14,-1.1102230246251565e-16,0,0,0,0,1,0,6.45467956075705,7.307463849977922
-1.4682315828111336,0.16514038439130796,,,671.53,1563.67,-1.637878163689165,-1.9191181981001595,-1.5031080601135745,0.12256956921502497,0.4171082394813193,-1.1544775851208855,-0.9576445455987785,0.0,1.0658141036401503e-14,-1.1102230246251565e-16,0,0,0,0,1,0,6.51104672014644,7.355430218119797
-1.4682315828111336,0.455984643468537,,,647.43,1600.87,-1.5538449037902144,-1.8422841673942139,-1.4654420075491812,0.1299958649048301,0.5434420251905557,-1.1544775851208855,-0.8929107680575872,0.0,1.0658141036401503e-14,-1.1102230246251565e-16,0,0,0,0,1,0,6.474554056527167,7.378926975771287
-1.4682315828111336,0.7468289025457661,,,654.23,1906.11,-1.5327033161999788,-1.6079913524276641,-1.3524438498560014,0.1612923967404376,1.2261903547488058,-1.1544775851208855,-0.8929107680575872,0.0,1.0658141036401503e-14,-1.1102230246251565e-16,0,0,0,0,1,0,6.484986319036429,7.553344286160251
-1.4682315828111336,1.037673161622995,,,654.24,1985.37,-1.509520382206504,-1.4421929778998968,-1.3524438498560014,0.2559776667854536,1.5693191554405594,-1.1544775851208855,-0.8281769905163958,0.0,1.0658141036401503e-14,-1.1102230246251565e-16,0,0,0,0,1,0,6.485001580736431,7.594064131381561
-1.4682315828111336,1.3285174207002242,,,701.7,1836.06,-1.3200327273809813,-1.4685973232598848,-1.2394456921628219,0.28594807439073877,1.3677309850341544,-1.1544775851208855,-0.8281769905163958,0.0,1.0658141036401503e-14,-1.1102230246251565e-16,0,0,0,0,1,0,6.554930058198152,7.515921746630565
-1.4682315828111336,1.619361679777453,,,694.01,1787.64,-1.2659825554175066,-1.4668196049584201,-1.2771117447272147,0.2856828495446743,1.3392668913404064,-1.1544775851208855,-0.7634432129752039,0.0,1.0658141036401503e-14,-1.1102230246251565e-16,0,0,0,0,1,0,6.543926233950487,7.489210833522016
-1.2921631612951643,-1.5799251700720662,,,739.09,1971.33,-1.2859019356070769,-1.4963611002621697,-1.2017796395984286,0.1814494850413374,1.3517443022746518,-1.1544775851208855,-0.7634432129752039,0.0,1.0658141036401503e-14,-1.1102230246251565e-16,0,0,0,0,1,0,6.606771800424528,7.586970863961525
-1.2921631612951643,-1.2890809109948371,,,663.5,2023.27,-1.335654878358637,-1.3610976518536755,-1.2394456921628219,-0.04770478195836517,1.3232802085809046,-1.1544775851208855,-0.7634432129752039,0.0,1.0658141036401503e-14,-1.1102230246251565e-16,0,0,0,0,1,0,6.4990348781533,7.612964420719959
-1.2921631612951643,-0.9982366519176081,,,794.25,1976.15,-1.2001393822582487,-1.328994150762521,-1.2017796395984286,0.2082371944938489,0.9275123305103025,-1.1544775851208855,-0.7634432129752039,0.0,1.0658141036401503e-14,-1.1102230246251565e-16,0,0,0,0,1,0,6.678656530629254,7.589411692826585
-1.2921631612951643,-0.7073923928403791,,,730.55,1897.38,-0.9993463089765702,-1.1845283958523278,-1.0887814819052488,-0.06839231995139386,0.39956188035503637,-1.1544775851208855,-0.7634432129752039,0.0,1.0658141036401503e-14,-1.1102230246251565e-16,0,0,0,0,1,0,6.595165570824172,7.548756169878532
-1.2921631612951643,-0.4165481337631501,,,834.8,2269.42,-0.6611589207711398,-0.9137662127895573,-0.862785166518889,0.2538558680169379,1.0647638507870036,-1.1544775851208855,-0.7634432129752039,0.0,1.0658141036401503e-14,-1.1102230246251565e-16,0,0,0,0,1,0,6.728389350013815,7.727720115387416
-1.2921631612951643,-0.12570387468592106,,,897.3,2371.89,-0.6644354767814347,-0.9785745020444194,-0.8251191139544957,0.7845707849919435,1.9459809980180978,-1.1544775851208855,-0.7634432129752039,0.0,1.0658141036401503e-14,-1.1102230246251565e-16,0,0,0,0,1,0,6.800504088235161,7.771863900536229
-1.2921631612951643,0.16514038439130796,,,769.46,1931.01,-0.8374233316979726,-1.0192005938161242,-0.9004512190832823,0.07376819753916235,0.555529517033106,-1.1544775851208855,-0.7634432129752039,0.0,1.0658141036401503e-14,-1.1102230246251565e-16,0,0,0,0,1,0,6.646987739071237,7.566316190742505
-1.2921631612951643,0.455984643468537,,,725.45,2165.75,-0.80372161273494,-0.9406411306411097,-0.9004512190832823,0.006666311484851314,1.0156340452334118,-1.1544775851208855,-0.7634432129752039,0.0,1.0658141036401503e-14,-1.1102230246251565e-16,0,0,0,0,1,0,6.588169657517348,7.680983628014454
-1.2921631612951643,0.7468289025457661,,,736.34,2444.75,-0.8944575100279654,-0.7712873195104127,-0.9004512190832823,0.019927553788074842,0.7415209237717043,-1.1544775851208855,-0.7634432129752039,0.0,1.0658141036401503e-14,-1.1102230246251565e-16,0,0,0,0,1,0,6.603049115524561,7.802107103337538
-1.2921631612951643,1.037673161622995,,,743.37,2203.68,-0.9741610351990263,-1.094622907047378,-0.9757833242120688,0.048306612316973155,0.06852057150583345,-1.1544775851208855,-0.7634432129752039,0.0,1.0658141036401503e-14,-1.1102230246251565e-16,0,0,0,0,1,0,6.612538223042504,7.698337652632782
-1.2921631612951643,1.3285174207002242,,,784.12,2054.87,-1.0048332400731748,-1.2221480522612618,-1.013449376776462,-0.0012904338970828218,0.10439312794178948,-1.1544775851208855,-0.7634432129752039,0.0,1.0658141036401503e-14,-1.1102230246251565e-16,0,0,0,0,1,0,6.665836572341593,7.628454395003998
-1.2921631612951643,1.619361679777453,,,704.59,1754.13,-0.9957056911873535,-1.363215228065714,-1.0511154293408553,-0.27235022657497177,-0.4333052995058559,-1.1544775851208855,-0.7634432129752039,0.0,1.0658141036401503e-14,-1.1102230246251565e-16,0,0,0,0,1,0,6.5590343322565525,7.470298207230692
-1.1160947397791947,-1.5799251700720662,,,756.54,1885.06,-0.9966223467378525,-1.409122188909416,-0.9757833242120688,-0.2503365643516207,-0.5311749915213446,-1.0960427248163418,-0.7634432129752039,0.0,1.0658141036401503e-14,-1.1102230246251565e-16,0,0,0,0,1,0,6.630076341269903,7.54224527604898
-1.1160947397791947,-1.2890809109948371,,,673.78,1947.77,-1.1324108891724325,-1.4394479716991055,-1.0887814819052488,-0.27181977688284276,-0.5058302505611583,-1.0376078645117977,-0.7634432129752039,0.0,1.0658141036401503e-14,-1.1102230246251565e-16,0,0,0,0,1,0,6.5143867118212055,7.574953683308418
-1.1160947397791947,-0.9982366519176081,,,795.39,1928.04,-1.0097740785013973,-1.3538560640668273,-1.0511154293408553,-0.30921648017793313,-0.4551407686407856,-0.9207381439027102,-0.6987094354340125,0.0,1.0658141036401503e-14,-1.1102230246251565e-16,0,0,0,0,1,0,6.680089015606939,7.56477774882345
-1.1160947397791947,-0.7073923928403791,,,776.11,2014.08,-1.173484859158628,-1.363162942233318,-1.126447534469642,-0.1474293240786061,-0.12059018796632608,-0.8623032835981661,-0.6987094354340125,0.0,1.0658141036401503e-14,-1.1102230246251565e-16,0,0,0,0,1,0,6.6555819104891105,7.608414175825921
-1.1160947397791947,-0.4165481337631501,,,859.82,2344.58,-1.21037861979042,-1.1081387947217485,-1.0511154293408553,-0.23336217420349456,-0.23132721000775558,-0.8038684232936224,-0.6987094354340125,0.0,1.0658141036401503e-14,-1.1102230246251565e-16,0,0,0,0,1,0,6.757885423338354,7.76028798505298
-1.1160947397791947,-0.12570387468592106,,,870.46,2289.72,-1.2633301053139345,-1.2244486288866867,-1.126447534469642,-0.3922318569961124,-0.4953024350853886,-0.6869987026845346,-0.6339756578928205,0.0,1.0658141036401503e-14,-1.1102230246251565e-16,0,0,0,0,1,0,6.7701699660295125,7.736621457612017
-1.1160947397791947,0.16514038439130796,,,699.74,1777.14,-1.3832819603654225,-1.3585356460662705,-1.2771117447272147,-0.553223338557246,-0.6711559454399122,-0.6285638423799909,-0.6339756578928205,0.0,1.0658141036401503e-14,-1.1102230246251565e-16,0,0,0,0,1,0,6.552136919518529,7.4833231531314865
-1.1160947397791947,0.455984643468537,,,603.53,1937.6,-1.5124913863666323,-1.264682576915421,-1.314777797291608,-0.7587725942572108,-0.7709752329138767,-0.5701289820754466,-0.6339756578928205,0.0,1.0658141036401503e-14,-1.1102230246251565e-16,0,0,0,0,1,0,6.404451296614993,7.569721342058507
-1.1160947397791947,0.7468289025457661,,,523.81,1896.69,-1.4860058919500825,-1.1270662660491064,-1.3524438498560014,-1.0783685337648976,-1.2345890329394391,-0.45325926146635875,-0.5692418803516291,0.0,1.0658141036401503e-14,-1.1102230246251565e-16,0,0,0,0,1,0,6.263036292326386,7.5483926360092415
-1.1160947397791947,1.037673161622995,,,580.26,1837.21,-1.4797583317796592,-1.2308797862713963,-1.3524438498560014,-0.8948329402882842,-1.0088258788479332,-0.39482440116181505,-0.5692418803516291,0.0,1.0658141036401503e-14,-1.1102230246251565e-16,0,0,0,0,1,0,6.365198161054649,7.5165475510136615
-1.1160947397791947,1.3285174207002242,,,656.73,1732.0,-1.3519401418621857,-1.3195565580150401,-1.314777797291608,-0.7439200028776003,-0.9729533224119772,-0.2779546805527272,-0.5045081028104378,0.0,1.0658141036401503e-14,-1.1102230246251565e-16,0,0,0,0,1,0,6.488794512768638,7.457609289715606
-1.1160947397791947,1.619361679777453,,,606.0,1690.27,-1.351985649584551,-1.335399165231033,-1.314777797291608,-0.68397918766703,-0.5023209787359018,-0.2195198202481835,-0.5045081028104378,0.0,1.0658141036401503e-14,-1.1102230246251565e-16,0,0,0,0,1,0,6.408528791059498,7.4332350049878775
-0.9400263182632251,-1.5799251700720662,,,750.24,2074.8,-1.3059643400669376,-1.351137200782234,-1.2017796395984286,-0.3349432902461868,0.03186817688648709,-0.2195198202481835,-0.5045081028104378,0.0,1.0658141036401503e-14,-1.1102230246251565e-16,0,0,0,0,1,0,6.621725174612736,7.638101900531189
-0.9400263182632251,-1.2890809109948371,,,700.76,2256.84,-1.3583437285092899,-1.2579377045363351,-1.1641135870340353,-0.20683968959704752,0.2584111691613833,-0.2195198202481835,-0.5045081028104378,0.0,1.0658141036401503e-14,-1.1102230246251565e-16,0,0,0,0,1,0,6.553591465229523,7.722163883031573
-0.9400263182632251,-0.9982366519176081,,,911.21,2444.14,-1.1417269700509096,-1.0300499040382978,-0.9381172716476756,0.07323774784703342,0.6834229791091233,-0.2195198202481835,-0.5045081028104378,0.0,1.0658141036401503e-14,-1.1102230246251565e-16,0,0,0,0,1,0,6.8158702267257345,7.801857659983399
-0.9400263182632251,-0.7073923928403791,,,887.29,2217.32,-1.051673688593362,-0.9626011802474367,-0.862785166518889,0.06687235154148612,0.03303793416157259,-0.2195198202481835,-0.5045081028104378,0.0,1.0658141036401503e-14,-1.1102230246251565e-16,0,0,0,0,1,0,6.789298266254224,7.704505431624632
-0.9400263182632251,-0.4165481337631501,,,960.63,2520.01,-0.8761374012243723,-0.9480918617575423,-0.674454903696923,-0.0020861084352762167,-0.06873094877086788,-0.2195198202481835,-0.43977432526924587,0.0,1.0658141036401503e-14,-1.1102230246251565e-16,0,0,0,0,1,0,6.8686297612976235,7.832414893859942
-0.9400263182632251,-0.12570387468592106,,,1024.95,2533.55,-1.013167654369203,-1.0976816282425452,-0.7497870088257096,0.15784447374159952,0.054873403296502365,-0.2779546805527272,-0.43977432526924587,0.0,1.0658141036401503e-14,-1.1102230246251565e-16,0,0,0,0,1,0,6.9333742915997565,7.837771385474769
-0.9400263182632251,0.16514038439130796,,,926.66,2044.38,-0.8423121613006344,-1.059277684347671,-0.7874530613901028,0.5471945477642424,0.22604788455068384,-0.2195198202481835,-0.3750405477280545,0.0,1.0658141036401503e-14,-1.1102230246251565e-16,0,0,0,0,1,0,6.832665286342558,7.623338870285582
-0.9400263182632251,0.455984643468537,,,883.58,2134.29,-0.8190252096560392,-1.0208998833689948,-0.7497870088257096,0.9177136577163076,0.03537744871174365,-0.2195198202481835,-0.3750405477280545,0.0,1.0658141036401503e-14,-1.1102230246251565e-16,0,0,0,0,1,0,6.785112956089783,7.666357747820211
-0.9400263182632251,0.7468289025457661,,,728.3,1891.11,-0.9598976147891315,-1.0858911730372436,-0.862785166518889,0.7225081710128574,-0.3716980830180183,-0.2195198202481835,-0.31030677018686253,0.0,1.0658141036401503e-14,-1.1102230246251565e-16,0,0,0,0,1,0,6.592085169990187,7.54544788745667
-0.9400263182632251,1.037673161622995,,,746.06,1724.57,-1.0687390844803142,-1.277048176277079,-0.9381172716476756,0.4448177571833567,-0.5994108325680001,-0.2195198202481835,-0.2455729926456712,0.0,1.0658141036401503e-14,-1.1102230246251565e-16,0,0,0,0,1,0,6.616145503192376,7.45331270966652
-0.9400263182632251,1.3285174207002242,,,789.28,1745.17,-0.9338151887706735,-1.4112136222052567,-0.8251191139544957,0.22229411133526586,-0.33075657839002504,-0.2195198202481835,-0.1808392151044798,0.0,1.0658141036401503e-14,-1.1102230246251565e-16,0,0,0,0,1,0,6.6723873130452045,7.465180097066487
-0.9400263182632251,1.619361679777453,,,793.45,1869.14,-0.8693242450759817,-1.2871393419295099,-0.8251191139544957,0.5074108208545718,0.052143969654636135,-0.2195198202481835,-0.1808392151044798,0.0,1.0658141036401503e-14,-1.1102230246251565e-16,0,0,0,0,1,0,6.677650051334376,7.533768573356451
-0.7639578967472556,-1.5799251700720662,,,782.98,1921.23,-0.8998729289894248,-1.3767572586562824,-0.8251191139544957,-0.19729159513872654,-0.6489305572132873,-0.2195198202481835,-0.11610543756328845,0.0,1.0658141036401503e-14,-1.1102230246251565e-16,0,0,0,0,1,0,6.664383509820936,7.561241249384239
-0.7639578967472556,-1.2890809109948371,,,699.85,2065.45,-0.9830350410602413,-1.2984330817270497,-0.8251191139544957,-0.31637755102167386,-0.6910418191163661,-0.1610849599436393,-0.05137166002209593,0.0,1.0658141036401503e-14,-1.1102230246251565e-16,0,0,0,0,1,0,6.5522938841090665,7.633587438159434
-0.7639578967472556,-0.9982366519176081,,,857.68,2158.39,-0.8363701529803773,-1.0939693341424277,-0.7874530613901028,-0.46861661266267995,-0.8162058475505171,-0.1610849599436393,0.013362117519095442,0.0,1.0658141036401503e-14,-1.1102230246251565e-16,0,0,0,0,1,0,6.755396326385887,7.677581053386322
-0.7639578967472556,-0.7073923928403791,,,956.44,2402.13,-0.5917856485769808,-0.7060607435963822,-0.5237906934393498,-0.10631947293861316,-0.035587825976778086,-0.1610849599436393,0.013362117519095442,0.0,1.0658141036401503e-14,-1.1102230246251565e-16,0,0,0,0,1,0,6.864263055906003,7.784527333316031
-0.7639578967472556,-0.4165481337631501,,,1026.16,2651.91,-0.4916361538575525,-0.337393339372071,-0.2977943780529905,-0.1320462830068668,-0.1564627444022821,-0.1610849599436393,0.013362117519095442,0.0,1.0658141036401503e-14,-1.1102230246251565e-16,0,0,0,0,1,0,6.934552991367515,7.883412429702531
-0.7639578967472556,-0.12570387468592106,,,979.35,2628.76,-0.27082618383837787,-0.6574872053004832,-0.2601283254885972,-0.43095468452152513,-0.21378085088147275,-0.1610849599436393,0.013362117519095442,0.0,1.0658141036401503e-14,-1.1102230246251565e-16,0,0,0,0,1,0,6.887909650761431,7.87464786625499
-0.7639578967472556,0.16514038439130796,,,961.38,2347.23,-0.20988484248817219,-0.7544512814788953,-0.3354604306173834,-0.21347031074865927,0.2170797454416949,-0.1610849599436393,0.013362117519095442,0.0,1.0658141036401503e-14,-1.1102230246251565e-16,0,0,0,0,1,0,6.869409383064649,7.761417131857625
-0.7639578967472556,0.455984643468537,,,798.06,2100.6,-0.19820886114989933,-0.8755452693080696,-0.41079253574617,-0.5696672790132432,-0.4219976458466958,-0.1610849599436393,0.013362117519095442,0.0,1.0658141036401503e-14,-1.1102230246251565e-16,0,0,0,0,1,0,6.683436036814205,7.65045423837133
-0.7639578967472556,0.7468289025457661,,,726.89,2100.16,-0.42480481301264994,-0.9093480599520938,-0.5614567460037431,-0.31796890009806067,0.07047016696430936,-0.1610849599436393,0.013362117519095442,0.0,1.0658141036401503e-14,-1.1102230246251565e-16,0,0,0,0,1,0,6.590149937878998,7.650244852157695
-0.7639578967472556,1.037673161622995,,,753.93,1978.81,-0.4655017190135343,-1.0063905648791005,-0.5991227985681364,-0.2850810191860663,0.21435031179982864,-0.1610849599436393,0.013362117519095442,0.0,1.0658141036401503e-14,-1.1102230246251565e-16,0,0,0,0,1,0,6.626625029718914,7.590756159488205
-0.7639578967472556,1.3285174207002242,,,828.38,1964.07,-0.5623486533098871,-1.0564281064820877,-0.6367888511325297,-0.1816433292209228,0.12856811162689027,-0.1610849599436393,0.013362117519095442,0.0,1.0658141036401503e-14,-1.1102230246251565e-16,0,0,0,0,1,0,6.720678433704321,7.583283147078532
-0.7639578967472556,1.619361679777453,,,880.31,2105.57,-0.5439635334743441,-0.9659213306045837,-0.5614567460037431,-0.022508421582240486,0.13285722163553723,-0.1610849599436393,0.07809589506028682,0.0,1.0658141036401503e-14,-1.1102230246251565e-16,0,0,0,0,1,0,6.781409436915176,7.652816311344046
-0.5878894752312861,-1.5799251700720662,,,870.47,2203.35,-0.582742614032695,-0.9969529721316192,-0.5991227985681364,-0.016673474968822117,0.21201079724965757,-0.1610849599436393,0.07809589506028682,0.0,1.0658141036401503e-14,-1.1102230246251565e-16,0,0,0,0,1,0,6.770181440959659,7.698187959842932
-0.5878894752312861,-1.2890809109948371,,,829.06,2273.83,-0.5106843862189888,-0.7317069443866286,-0.5237906934393498,0.17667543781217696,0.03303793416157259,-0.1610849599436393,0.07809589506028682,0.0,1.0658141036401503e-14,-1.1102230246251565e-16,0,0,0,0,1,0,6.721497987334535,7.729660603318253
-0.5878894752312861,-0.9982366519176081,,,963.61,2461.81,-0.7526164405188133,-0.6853555539675601,-0.5237906934393498,0.014623056866785403,0.1878358135645568,-0.1610849599436393,0.07809589506028682,0.0,1.0658141036401503e-14,-1.1102230246251565e-16,0,0,0,0,1,0,6.871723874572634,7.809058253447847
-0.5878894752312861,-0.7073923928403791,,,932.17,2400.23,-0.6057760226526838,-0.6709769500586557,-0.44845858831056323,-0.38029673892321125,-0.3635097820924197,-0.1610849599436393,0.07809589506028682,0.0,1.0658141036401503e-14,-1.1102230246251565e-16,0,0,0,0,1,0,6.838587392180899,7.783736385052765
-0.5878894752312861,-0.4165481337631501,,,942.87,2585.19,-0.43213155631344835,-0.3381514839418131,-0.41079253574617,-0.5282922030271858,-0.4586500404660422,-0.1610849599436393,0.07809589506028682,0.0,1.0658141036401503e-14,-1.1102230246251565e-16,0,0,0,0,1,0,6.849988444797945,7.857941029177298
-0.5878894752312861,-0.12570387468592106,,,956.8,2432.66,-0.6978316438943006,-0.5691764343836117,-0.48612464087495655,-0.3739313426176639,-0.6512700717634583,-0.1610849599436393,0.07809589506028682,0.0,1.0658141036401503e-14,-1.1102230246251565e-16,0,0,0,0,1,0,6.864638987908509,7.79715157603345
-0.5878894752312861,0.16514038439130796,,,999.4,2581.12,-0.7598066606525161,-0.7649607337904946,-0.5614567460037431,-0.20816581382736984,0.02796898596953536,-0.1610849599436393,0.07809589506028682,0.0,1.0658141036401503e-14,-1.1102230246251565e-16,0,0,0,0,1,0,6.908155199003464,7.85636604592694
-0.5878894752312861,0.455984643468537,,,839.29,2621.42,-0.7728673769713303,-0.5829014653875659,-0.5237906934393498,-0.17580838260750445,0.6062189989534787,-0.1610849599436393,0.07809589506028682,0.0,1.0658141036401503e-14,-1.1102230246251565e-16,0,0,0,0,1,0,6.733747070351638,7.871852834562069
-0.5878894752312861,0.7468289025457661,,,840.49,2771.7,-0.648683303739878,-0.35425552031978635,-0.41079253574617,0.10161680637593178,0.8865708258823092,-0.1610849599436393,0.07809589506028682,0.0,1.0658141036401503e-14,-1.1102230246251565e-16,0,0,0,0,1,0,6.735174130018955,7.927576853683184
-0.5878894752312861,1.037673161622995,,,866.85,2430.82,-0.6723668226793704,-0.614037678579394,-0.44845858831056323,0.08437719138174118,0.5301847760729198,-0.1610849599436393,0.07809589506028682,0.0,1.0658141036401503e-14,-1.1102230246251565e-16,0,0,0,0,1,0,6.766018888666891,7.796395227189054
-0.5878894752312861,1.3285174207002242,,,863.09,2137.55,-0.33257366198476757,-0.8833358583350761,-0.48612464087495655,-0.20180041752182257,-0.01609187139201937,-0.1610849599436393,0.07809589506028682,0.0,1.0658141036401503e-14,-1.1102230246251565e-16,0,0,0,0,1,0,6.761676930045752,7.667883308268079
-0.5878894752312861,1.619361679777453,,,872.47,2192.26,-0.43540811232374316,-0.9137400698733593,-0.44845858831056323,-0.3365346393225736,-0.19974376358044646,-0.1610849599436393,0.07809589506028682,0.0,1.0658141036401503e-14,-1.1102230246251565e-16,0,0,0,0,1,0,6.772473784393595,7.693144300441847
-0.4118210537153165,-1.5799251700720662,,,887.15,2406.85,-0.4188888091051729,-0.7908422208265229,-0.44845858831056323,-0.26200645757845736,-0.00010518863251721631,-0.1610849599436393,0.07809589506028682,0.0,1.0658141036401503e-14,-1.1102230246251565e-16,0,0,0,0,1,0,6.789140647645895,7.786489512129658
-0.4118210537153165,-1.2890809109948371,,,858.23,2513.93,-0.580545241152775,-0.7075508898196691,-0.5237906934393498,-0.2195704822081421,0.0513641314712458,-0.1610849599436393,0.013362117519095442,0.0,1.0658141036401503e-14,-1.1102230246251565e-16,0,0,0,0,1,0,6.756036639346161,7.830000249144506
-0.4118210537153165,-0.9982366519176081,,,921.6,2455.66,-0.6592605986381912,-0.5700652935343438,-0.48612464087495655,-0.4285676609069449,-0.37013840665123765,-0.1610849599436393,0.013362117519095442,0.0,1.0658141036401503e-14,-1.1102230246251565e-16,0,0,0,0,1,0,6.82719577112372,7.8065579828073846
-0.4118210537153165,-0.7073923928403791,,,944.07,2498.64,-0.470384047513001,-0.5366285037170914,-0.37312648318177666,-0.2789808477265835,-0.20052360176383682,-0.1610849599436393,0.013362117519095442,0.0,1.0658141036401503e-14,-1.1102230246251565e-16,0,0,0,0,1,0,6.851258998824468,7.823902000487297
-0.4118210537153165,-0.4165481337631501,,,951.42,2545.74,-0.3663273897733604,-0.41673709003302617,-0.2601283254885972,-0.2887941670309689,-0.4200480503882199,-0.1610849599436393,0.013362117519095442,0.0,1.0658141036401503e-14,-1.1102230246251565e-16,0,0,0,0,1,0,6.859006113972228,7.842569388889383
-0.4118210537153165,-0.12570387468592106,,,980.6,2505.27,-0.2544369026837092,-0.4738332190094758,-0.2977943780529905,-0.24688864135278255,-0.24380462094200114,-0.1610849599436393,0.013362117519095442,0.0,1.0658141036401503e-14,-1.1102230246251565e-16,0,0,0,0,1,0,6.889183893396702,7.826550871072914
-0.4118210537153165,0.16514038439130796,,,944.77,2235.85,-0.22420677282682244,-0.8356773221061071,-0.41079253574617,-0.45800761882010116,-0.8821021740470014,-0.1610849599436393,0.013362117519095442,0.0,1.0658141036401503e-14,-1.1102230246251565e-16,0,0,0,0,1,0,6.851999410527181,7.712823905151604
-0.4118210537153165,0.455984643468537,,,761.76,2062.46,-0.2028636510375403,-0.8420039078260247,-0.44845858831056323,-0.5579973857864066,-1.19169793285297,-0.1610849599436393,0.013362117519095442,0.0,1.0658141036401503e-14,-1.1102230246251565e-16,0,0,0,0,1,0,6.636943433966426,7.6321394644639255
-0.4118210537153165,0.7468289025457661,,,713.8,2118.76,-0.3424293344284321,-0.7754179002696978,-0.48612464087495655,-0.7126234710419929,-1.279039809392689,-0.2195198202481835,0.013362117519095442,0.0,1.0658141036401503e-14,-1.1102230246251565e-16,0,0,0,0,1,0,6.5720027832852725,7.65905815371043
-0.4118210537153165,1.037673161622995,,,722.22,1998.0,-0.31383748257669297,-0.8010118152275483,-0.48612464087495655,-0.7553246712583725,-1.0548363316679636,-0.2195198202481835,-0.05137166002209593,0.0,1.0658141036401503e-14,-1.1102230246251565e-16,0,0,0,0,1,0,6.583713463562835,7.6004023345004
-0.4118210537153165,1.3285174207002242,,,698.06,1809.71,-0.5090721126266212,-0.9070736262428674,-0.5237906934393498,-0.8200395336981036,-0.9585263160192556,-0.2195198202481835,-0.05137166002209593,0.0,1.0658141036401503e-14,-1.1102230246251565e-16,0,0,0,0,1,0,6.549736575459905,7.501474312537364
-0.4118210537153165,1.619361679777453,,,729.96,1860.2,-0.48415338408007347,-0.9335825432676472,-0.5237906934393498,-0.7460418016461161,-0.9511178532770475,-0.2779546805527272,-0.05137166002209593,0.0,1.0658141036401503e-14,-1.1102230246251565e-16,0,0,0,0,1,0,6.5943587386903655,7.528976719970493
-0.235752632199347,-1.5799251700720662,,,682.81,1982.66,-0.5666588847281918,-0.5307724904887375,-0.44845858831056323,-0.9237424485093114,-1.0474278689257555,-0.2779546805527272,-0.11610543756328845,0.0,1.0658141036401503e-14,-1.1102230246251565e-16,0,0,0,0,1,0,6.5276801012573795,7.592698902191394
-0.235752632199347,-1.2890809109948371,,,925.85,2472.68,-0.4859086819427313,-0.20827347627010895,-0.3354604306173834,-0.10393244932403294,-0.42433716039686686,-0.2779546805527272,-0.11610543756328845,0.0,1.0658141036401503e-14,-1.1102230246251565e-16,0,0,0,0,1,0,6.831791740175098,7.813462199396647
-0.235752632199347,-0.9982366519176081,,,925.64,2412.21,-0.592123705943122,-0.1908361511660373,-0.2977943780529905,-0.30125973479599905,-0.4294061085889041,-0.3363895408572714,-0.1808392151044798,0.0,1.0658141036401503e-14,-1.1102230246251565e-16,0,0,0,0,1,0,6.8315651406240905,7.788713090433373
-0.235752632199347,-0.7073923928403791,,,1091.7,2510.47,-0.4914996306904568,-0.041350956345826397,-0.14713016779541738,0.10188203122199624,-0.34206423204918507,-0.3363895408572714,-0.1808392151044798,0.0,1.0658141036401503e-14,-1.1102230246251565e-16,0,0,0,0,1,0,6.9964069765767,7.828623518065999
-0.235752632199347,-0.4165481337631501,,,1241.35,2681.25,-0.3729390117227054,-0.17224853774925375,-0.10946411523102409,0.4952104779356061,-0.15295347257702555,-0.3363895408572714,-0.1808392151044798,0.0,1.0658141036401503e-14,-1.1102230246251565e-16,0,0,0,0,1,0,7.124760026336937,7.894411273516855
-0.235752632199347,-0.12570387468592106,,,1180.81,2719.56,-0.5498860384850157,-0.14563504905968128,-0.0717980626666308,0.2286595076408132,-0.027009605959484224,-0.3363895408572714,-0.1808392151044798,0.0,1.0658141036401503e-14,-1.1102230246251565e-16,0,0,0,0,1,0,7.074802440544415,7.908593020452121
-0.235752632199347,0.16514038439130796,,,1093.83,2399.76,-0.30308465789211436,-0.3282433187027681,-0.14713016779541738,0.1055951790668988,-0.07457973514629551,-0.3363895408572714,-0.1808392151044798,0.0,1.0658141036401503e-14,-1.1102230246251565e-16,0,0,0,0,1,0,6.998354379056343,7.783540632874397
-0.235752632199347,0.455984643468537,,,1092.1,2501.08,-0.2756044946867247,-0.304374836213987,-0.14713016779541738,0.8373505293587731,0.46896747867677746,-0.3363895408572714,-0.1808392151044798,0.0,1.0658141036401503e-14,-1.1102230246251565e-16,0,0,0,0,1,0,6.996772975299789,7.82487766493615
-0.235752632199347,0.7468289025457661,,,1051.17,2435.64,-0.44908643344608506,-0.1112309713431023,-0.18479622035981066,0.9405229944778521,0.22292853181712252,-0.3363895408572714,-0.1808392151044798,0.0,1.0658141036401503e-14,-1.1102230246251565e-16,0,0,0,0,1,0,6.958609977200448,7.79837532010338
-0.235752632199347,1.037673161622995,,,1122.33,2829.09,-0.28494007887478673,-0.05345512654550447,-0.14713016779541738,1.1564160191743311,1.261672992093067,-0.2779546805527272,-0.1808392151044798,0.0,1.0658141036401503e-14,-1.1102230246251565e-16,0,0,0,0,1,0,7.024052767314845,7.948063792251748
-0.235752632199347,1.3285174207002242,,,1224.0,2772.54,-0.23104593338799306,-0.08304890768164956,-0.0717980626666308,1.6852743622268855,1.713979138459469,-0.2779546805527272,-0.11610543756328845,0.0,1.0658141036401503e-14,-1.1102230246251565e-16,0,0,0,0,1,0,7.110696122978827,7.927879761601494
-0.235752632199347,1.619361679777453,,,1216.9,2627.27,-0.3195909589042937,-0.12218485323006786,-0.03413201010223751,1.4563853200732473,1.2476359047920407,-0.2195198202481835,-0.11610543756328845,0.0,1.0658141036401503e-14,-1.1102230246251565e-16,0,0,0,0,1,0,7.104883343093065,7.874081114053165
-0.05968421068337747,-1.5799251700720662,,,1072.46,2614.64,-0.24785128514714436,-0.12621086232456102,-0.10946411523102409,1.2007085684670977,0.8826716349653574,-0.2195198202481835,-0.05137166002209593,0.0,1.0658141036401503e-14,-1.1102230246251565e-16,0,0,0,0,1,0,6.978642355329787,7.869264088428421
-0.05968421068337747,-1.2890809109948371,,,1110.95,2737.86,-0.17985624683033155,-0.015208040147818224,-0.03413201010223751,0.21725483926004088,0.057602836938368596,-0.2195198202481835,-0.05137166002209593,0.0,1.0658141036401503e-14,-1.1102230246251565e-16,0,0,0,0,1,0,7.013870509770839,7.915297054411647
-0.05968421068337747,-0.9982366519176081,,,1092.83,2427.81,-0.08163107865663194,-0.05721970647801779,0.003534042462155777,0.16606644396959808,-0.33504568839867194,-0.2195198202481835,-0.05137166002209593,0.0,1.0658141036401503e-14,-1.1102230246251565e-16,0,0,0,0,1,0,6.997440577854158,7.795156704452387
-0.05968421068337747,-0.7073923928403791,,,1225.46,2853.88,-0.3097742930797996,0.03550921727631728,0.07886614759094235,0.011970808406140706,0.17301888808014015,-0.2195198202481835,-0.05137166002209593,0.0,1.0658141036401503e-14,-1.1102230246251565e-16,0,0,0,0,1,0,7.111887250039941,7.956785089683119
-0.05968421068337747,-0.4165481337631501,,,1374.2,2920.29,-0.001856041350425883,0.13553201464989653,0.04120009502654906,-0.02913904273385225,-0.012582599566762805,-0.2195198202481835,-0.05137166002209593,0.0,1.0658141036401503e-14,-1.1102230246251565e-16,0,0,0,0,1,0,7.226354454068639,7.979780578527829
-0.05968421068337747,-0.12570387468592106,,,1186.17,2725.26,-0.2259490684830899,-0.13975289291512943,0.07886614759094235,-0.3009945099499346,-0.3522021284332596,-0.2779546805527272,-0.05137166002209593,0.0,1.0658141036401503e-14,-1.1102230246251565e-16,0,0,0,0,1,0,7.079327602552056,7.910685985551294
-0.05968421068337747,0.16514038439130796,,,1112.2,2484.67,-0.08729353953950258,-0.19073157950124536,0.11653220015533564,-0.2683718538840047,-0.22235907089876658,-0.2779546805527272,-0.05137166002209593,0.0,1.0658141036401503e-14,-1.1102230246251565e-16,0,0,0,0,1,0,7.014994029651736,7.818297519896644
-0.05968421068337747,0.455984643468537,,,1144.03,2657.95,-0.33534963304904486,-0.17256225274362957,0.07886614759094235,-0.18668260129614775,-0.11591115886598401,-0.2779546805527272,-0.05137166002209593,0.0,1.0658141036401503e-14,-1.1102230246251565e-16,0,0,0,0,1,0,7.0431861165184655,7.885686587004544
-0.05968421068337747,0.7468289025457661,,,1073.61,2544.8,-0.23073388043463194,-0.10720496224860913,0.07886614759094235,-0.2564367358111035,-0.18570667627942017,-0.2779546805527272,-0.05137166002209593,0.0,1.0658141036401503e-14,-1.1102230246251565e-16,0,0,0,0,1,0,6.979713084039623,7.842200221436334
-0.05968421068337747,1.037673161622995,,,1156.03,2766.5,-0.34481523930100794,-0.09413350414960504,0.07886614759094235,-0.23336217420349456,-0.4465625486234918,-0.2779546805527272,-0.05137166002209593,0.0,1.0658141036401503e-14,-1.1102230246251565e-16,0,0,0,0,1,0,7.053611655984575,7.925699664582792
-0.05968421068337747,1.3285174207002242,,,1201.0,2548.57,-0.24159072277033097,-0.05434398569623653,0.07886614759094235,-0.3627918990829562,-0.6754450554485592,-0.2779546805527272,-0.05137166002209593,0.0,1.0658141036401503e-14,-1.1102230246251565e-16,0,0,0,0,1,0,7.091742115095153,7.843679996482284
-0.05968421068337747,1.619361679777453,,,1324.1,2701.85,-0.02665124893626831,-0.04142938509442035,0.1918643052841218,-0.07926653864003716,-0.24965340731742877,-0.2779546805527272,-0.05137166002209593,0.0,1.0658141036401503e-14,-1.1102230246251565e-16,0,0,0,0,1,0,7.18924320727059,7.902062050840933
0.11638421083259207,-1.5799251700720662,,,1253.12,2767.99,0.1611461190585465,0.13385886801322433,0.22953035784851508,0.1339742375957972,-0.13189784162548612,-0.2779546805527272,-0.05137166002209593,0.0,1.0658141036401503e-14,-1.1102230246251565e-16,0,0,0,0,1,0,7.134189410394413,7.926237911752379
0.11638421083259207,-1.2890809109948371,,,1316.57,2952.83,0.16637300602735072,0.28726550026313585,0.34252851554169494,0.1780015620424993,-0.054303942378146466,-0.2779546805527272,-0.05137166002209593,0.0,1.0658141036401503e-14,-1.1102230246251565e-16,0,0,0,0,1,0,7.183544409933911,7.990857912349328
0.11638421083259207,-0.9982366519176081,,,1341.32,2801.19,0.24211735935263806,0.15848549507174764,0.4178606206704815,0.2901916719277703,0.23930513366831982,-0.2779546805527272,-0.05137166002209593,0.0,1.0658141036401503e-14,-1.1102230246251565e-16,0,0,0,0,1,0,7.2021547391814424,7.9381565333061115
0.11638421083259207,-0.7073923928403791,,,1571.1,3535.95,0.3211122642754407,0.32399629752133785,0.8321871988788077,0.4350044378789712,0.5715161997926083,-0.2779546805527272,-0.05137166002209593,0.0,1.0658141036401503e-14,-1.1102230246251565e-16,0,0,0,0,1,0,7.360167584197468,8.171020052831885
0.11638421083259207,-0.4165481337631501,,,1728.52,2967.72,0.1997691731402168,0.13997631040355804,0.8698532514432001,0.3708200251313694,-0.29722353650424005,-0.2779546805527272,-0.05137166002209593,0.0,1.0658141036401503e-14,-1.1102230246251565e-16,0,0,0,0,1,0,7.455599192346209,7.995886162468735
0.11638421083259207,-0.12570387468592106,,,1594.09,2836.69,0.0891399000704011,-0.06812130253258679,0.6815229886212345,0.5991786175928786,-0.200913520855532,-0.2779546805527272,-0.05137166002209593,0.0,1.0658141036401503e-14,-1.1102230246251565e-16,0,0,0,0,1,0,7.374685439959328,7.950745619900337
0.11638421083259207,0.16514038439130796,,,1533.72,2654.23,0.17871860099471146,-0.08872192049661752,0.6815229886212345,0.6922725385615077,-0.09446560882274939,-0.2779546805527272,-0.05137166002209593,0.0,1.0658141036401503e-14,-1.1102230246251565e-16,0,0,0,0,1,0,7.33610323295904,7.884286558925847
0.11638421083259207,0.455984643468537,,,1391.11,2607.24,0.6037867322985152,0.08894533798504613,0.5308587783636614,0.2599560394764207,-0.43486497587263656,-0.2779546805527272,-0.05137166002209593,0.0,1.0658141036401503e-14,-1.1102230246251565e-16,0,0,0,0,1,0,7.238575860760719,7.866430943352422
0.11638421083259207,0.7468289025457661,,,1162.98,2460.2,0.13588933314585758,0.06209656304969178,0.4931927257992681,-0.09226255609719622,-0.48984356780165617,-0.2779546805527272,-0.05137166002209593,0.0,1.0658141036401503e-14,-1.1102230246251565e-16,0,0,0,0,1,0,7.059600446013184,7.808404314866335
0.11638421083259207,1.037673161622995,,,1181.23,2768.96,0.18129303785994313,0.07380858950639949,0.4931927257992681,-0.25511061158078113,-0.3568811575336017,-0.3363895408572714,-0.11610543756328845,0.0,1.0658141036401503e-14,-1.1102230246251565e-16,0,0,0,0,1,0,7.0751577644851436,7.9265881586439075
0.11638421083259207,1.3285174207002242,,,1168.7,2620.33,0.0659764693865112,-0.12553114650341285,0.30486246297730163,-0.3842751116141783,-0.25043324550081913,-0.3363895408572714,-0.11610543756328845,0.0,1.0658141036401503e-14,-1.1102230246251565e-16,0,0,0,0,1,0,7.064502584656662,7.871437101540587
0.11638421083259207,1.619361679777453,,,1280.94,2726.71,0.17605964978794433,-0.07303617077781262,0.4178606206704815,-0.39939292783985314,-0.32451787292290224,-0.3363895408572714,-0.11610543756328845,0.0,1.0658141036401503e-14,-1.1102230246251565e-16,0,0,0,0,1,0,7.156129834513298,7.91121770832724
0.2924526323485616,-1.5799251700720662,,,1214.0,2664.21,0.06505981383601214,0.11242167673085751,0.3801945681060882,-0.3956797799949505,-0.5066100887445486,-0.3363895408572714,-0.11610543756328845,0.0,1.0658141036401503e-14,-1.1102230246251565e-16,0,0,0,0,1,0,7.102499355774649,7.8880381327449784
0.2924526323485616,-1.2890809109948371,,,1221.28,2658.1,-0.003442310530012802,-0.009273598170870416,0.30486246297730163,-0.5049524165735124,-0.7495296828706423,-0.3363895408572714,-0.11610543756328845,0.0,1.0658141036401503e-14,-1.1102230246251565e-16,0,0,0,0,1,0,7.108473246054241,7.8857429986592065
0.2924526323485616,-0.9982366519176081,,,1170.92,2514.66,-0.12236049017349102,0.0775731694389128,0.30486246297730163,-0.6497651825247134,-0.7592776601630216,-0.3363895408572714,-0.11610543756328845,0.0,1.0658141036401503e-14,-1.1102230246251565e-16,0,0,0,0,1,0,7.066398708421515,7.830290473553621
0.2924526323485616,-0.7073923928403791,,,1266.86,2762.03,-0.06125012014021446,0.14789761401155443,0.26719641041290837,-0.8264049300036507,-1.2139233210795948,-0.3363895408572714,-0.11610543756328845,0.0,1.0658141036401503e-14,-1.1102230246251565e-16,0,0,0,0,1,0,7.14508571880689,7.924083182627772
0.2924526323485616,-0.4165481337631501,,,1294.2,2750.27,-0.20664729309704782,-0.010267028986395012,0.22953035784851508,-0.9794396661828503,-0.6462011235714211,-0.3363895408572714,-0.11610543756328845,0.0,1.0658141036401503e-14,-1.1102230246251565e-16,0,0,0,0,1,0,7.166420402363426,7.919817902237239
0.2924526323485616,-0.12570387468592106,,,1288.5,2577.77,-0.18480358636174873,-0.007443594037009726,0.1541982527197285,-0.8213656579284258,-0.7163865600765523,-0.2779546805527272,-0.11610543756328845,0.0,1.0658141036401503e-14,-1.1102230246251565e-16,0,0,0,0,1,0,7.162009825321399,7.855067820050976
0.2924526323485616,0.16514038439130796,,,1129.03,2339.23,-0.10311722471620428,-0.15570007179591416,0.07886614759094235,-1.0128579967869735,-0.8232243912010302,-0.3363895408572714,-0.11610543756328845,0.0,1.0658141036401503e-14,-1.1102230246251565e-16,0,0,0,0,1,0,7.029999460026543,7.758004494119834
0.2924526323485616,0.455984643468537,,,1073.68,2375.04,-0.0947503049042015,-0.2319589583455042,-0.0717980626666308,-0.9181727267419575,-0.7078083400592586,-0.39482440116181505,-0.1808392151044798,0.0,1.0658141036401503e-14,-1.1102230246251565e-16,0,0,0,0,1,0,6.979778221829335,7.773190515357663
0.2924526323485616,0.7468289025457661,,,1005.28,2275.38,-0.09216936693577465,-0.1133746904713394,-0.14713016779541738,-0.6725745192862578,-0.6532196672219343,-0.45325926146635875,-0.2455729926456712,0.0,1.0658141036401503e-14,-1.1102230246251565e-16,0,0,0,0,1,0,6.914015641952951,7.73034174088823
0.2924526323485616,1.037673161622995,,,1045.4,2647.22,0.031091549641983414,-0.03031864571026688,-0.14713016779541738,-0.6179382009969768,-0.531954829704735,-0.39482440116181505,-0.1808392151044798,0.0,1.0658141036401503e-14,-1.1102230246251565e-16,0,0,0,0,1,0,6.9531109807029345,7.881642995176813
0.2924526323485616,1.3285174207002242,,,1024.49,2285.0,0.07992133573984918,-0.02048890921981583,-0.18479622035981066,-0.6402170880663924,-0.8594868667286815,-0.39482440116181505,-0.1808392151044798,0.0,1.0658141036401503e-14,-1.1102230246251565e-16,0,0,0,0,1,0,6.932925826124081,7.734558844354756
0.2924526323485616,1.619361679777453,,,1014.07,2491.14,0.07085879788597843,-0.021613054616330347,-0.22246227292420395,-0.8653929823751279,-0.6972805245834889,-0.39482440116181505,-0.1808392151044798,0.0,1.0658141036401503e-14,-1.1102230246251565e-16,0,0,0,0,1,0,6.922712854615117,7.8208970581046
0.46852105386453113,-1.5799251700720662,,,1079.19,2654.77,-0.12078072209709928,0.271501321795737,-0.14713016779541738,-0.6073292071543981,-0.3740375975681894,-0.39482440116181505,-0.1808392151044798,0.0,1.0658141036401503e-14,-1.1102230246251565e-16,0,0,0,0,1,0,6.984892230571041,7.884489910461099
0.46852105386453113,-1.2890809109948371,,,1155.55,3083.87,-0.10015922276246579,0.28368392074400905,-0.0717980626666308,-0.4556205952055209,0.2642599555368109,-0.3363895408572714,-0.11610543756328845,0.0,1.0658141036401503e-14,-1.1102230246251565e-16,0,0,0,0,1,0,7.05319671463231,8.034264796067482
0.46852105386453113,-0.9982366519176081,,,1070.77,3038.05,0.00573724718136867,0.37981142360408504,-0.03413201010223751,-0.5396968714079581,0.4510312004587994,-0.3363895408572714,-0.11610543756328845,0.0,1.0658141036401503e-14,-1.1102230246251565e-16,0,0,0,0,1,0,6.977066766372317,8.019300245561968
0.46852105386453113,-0.7073923928403791,,,1442.35,3347.85,0.2718078976443375,0.6569786211353676,0.1918643052841218,0.05440678377645598,0.46662796412660645,-0.2779546805527272,-0.05137166002209593,0.0,1.0658141036401503e-14,-1.1102230246251565e-16,0,0,0,0,1,0,7.2747220796058665,8.116372282301725
0.46852105386453113,-0.4165481337631501,,,1590.53,3466.65,0.03614290682452097,0.7801640422603819,0.4178606206704815,0.2944352694648018,0.6553488045070708,-0.2195198202481835,-0.05137166002209593,0.0,1.0658141036401503e-14,-1.1102230246251565e-16,0,0,0,0,1,0,7.372451096685862,8.151232410085361
0.46852105386453113,-0.12570387468592106,,,1528.96,3697.02,0.20548364284864765,0.6874089755898495,0.4178606206704815,0.18197993473346633,1.3326382667815884,-0.2195198202481835,0.013362117519095442,0.0,1.0658141036401503e-14,-1.1102230246251565e-16,0,0,0,0,1,0,7.332996870253877,8.215552820261271
0.46852105386453113,0.16514038439130796,,,1599.36,3623.64,0.2058347024211792,0.7713015936692574,0.4555266732348748,0.7919970806817486,1.7806553031393435,-0.10265009963909563,0.07809589506028682,0.0,1.0658141036401503e-14,-1.1102230246251565e-16,0,0,0,0,1,0,7.377983882919168,8.19551025201235
0.46852105386453113,0.455984643468537,,,1537.9,3442.9,0.4903489826484464,1.0016991141223037,0.4178606206704815,0.8339026063599351,1.3926858069026455,-0.04421523933455195,0.1428296726014782,0.0,1.0658141036401503e-14,-1.1102230246251565e-16,0,0,0,0,1,0,7.338823154469806,8.144359829121422
0.46852105386453113,0.7468289025457661,,,1350.86,3549.24,0.17338769637478746,0.7972615094538792,0.34252851554169494,0.5989133927468142,1.8223766459507276,0.07265448127453646,0.27229722768386205,0.0,1.0658141036401503e-14,-1.1102230246251565e-16,0,0,0,0,1,0,7.2092367009453495,8.174770485818106
0.46852105386453113,1.037673161622995,,,1433.25,3385.71,0.6747982824978214,0.8702786743949167,0.34252851554169494,0.6710545508763501,0.7274838364706779,0.07265448127453646,0.20756345014266955,0.0,1.0658141036401503e-14,-1.1102230246251565e-16,0,0,0,0,1,0,7.268397343481981,8.127614227658094
0.46852105386453113,1.3285174207002242,,,1583.02,3406.98,0.3979162974215185,1.044338210441255,0.34252851554169494,1.1330762327206578,1.5541123108644477,0.07265448127453646,0.20756345014266955,0.0,1.0658141036401503e-14,-1.1102230246251565e-16,0,0,0,0,1,0,7.367721198557287,8.133875019387386
0.46852105386453113,1.619361679777453,,,1394.9,3670.85,0.221248818096594,0.9581973015688185,0.26719641041290837,0.6829896689492512,1.4862663889094871,0.07265448127453646,0.27229722768386205,0.0,1.0658141036401503e-14,-1.1102230246251565e-16,0,0,0,0,1,0,7.241294647518712,8.208450901232808
0.6445894753805007,-1.5799251700720662,,,1362.07,3844.24,0.02991484996368283,0.6824418215122277,0.26719641041290837,0.3822246935121416,1.3868370205272178,0.13108934157908014,0.27229722768386205,0.0,1.0658141036401503e-14,-1.1102230246251565e-16,0,0,0,0,1,0,7.217494787677865,8.254591298717393
0.6445894753805007,-1.2890809109948371,,,1315.49,3793.83,-0.015163799590651273,0.911584481987769,0.26719641041290837,0.05414155893039152,0.5372033197234329,0.13108934157908014,0.27229722768386205,0.0,1.0658141036401503e-14,-1.1102230246251565e-16,0,0,0,0,1,0,7.1827243830093,8.241394893042443
0.6445894753805007,-0.9982366519176081,,,1360.23,4065.76,-0.08564225932796514,0.9018854600783078,0.30486246297730163,0.4039731308894282,0.9587058578459163,0.014219620969991733,0.20756345014266955,0.0,1.0658141036401503e-14,-1.1102230246251565e-16,0,0,0,0,1,0,7.216143981760908,8.310601892609544
0.6445894753805007,-0.7073923928403791,,,1269.17,4827.3,-0.20689433501845902,0.8964738764253208,0.5308587783636614,-0.6314646681462649,1.3626620368421167,0.014219620969991733,0.20756345014266955,0.0,1.0658141036401503e-14,-1.1102230246251565e-16,0,0,0,0,1,0,7.146906028762135,8.482249717818034
0.6445894753805007,-0.4165481337631501,,,1360.46,4864.44,-0.10684235684695587,1.0791867177331997,0.5308587783636614,-0.6967099802781247,1.2117633483560846,0.014219620969991733,0.20756345014266955,0.0,1.0658141036401503e-14,-1.1102230246251565e-16,0,0,0,0,1,0,7.216312932321234,8.48991243246265
0.6445894753805007,-0.12570387468592106,,,1292.83,4404.21,0.13631840595672942,0.888291143655344,0.4178606206704815,-0.7224367903463783,0.3855247930540101,0.014219620969991733,0.20756345014266955,0.0,1.0658141036401503e-14,-1.1102230246251565e-16,0,0,0,0,1,0,7.165362090850721,8.390543210332705
0.6445894753805007,0.16514038439130796,,,1331.21,4049.25,0.028621130427872114,0.9809677815772826,0.3801945681060882,-0.7577116948729529,0.09776450338297152,0.014219620969991733,0.20756345014266955,0.0,1.0658141036401503e-14,-1.1102230246251565e-16,0,0,0,0,1,0,7.194594496331329,8.306533886590527
0.6445894753805007,0.455984643468537,,,1288.98,3721.01,-0.023244670862072443,0.8472206223082731,0.26719641041290837,-0.7423286538012136,-0.04533580326915744,0.014219620969991733,0.1428296726014782,0.0,1.0658141036401503e-14,-1.1102230246251565e-16,0,0,0,0,1,0,7.1623819933595625,8.222019123926152
0.6445894753805007,0.7468289025457661,,,1266.23,3986.33,-0.05143345431572039,0.7641907204633998,0.26719641041290837,-0.4792256065052588,0.11998989160959647,0.014219620969991733,0.1428296726014782,0.0,1.0658141036401503e-14,-1.1102230246251565e-16,0,0,0,0,1,0,7.144588695022355,8.290877112955437
0.6445894753805007,1.037673161622995,,,1176.39,3773.79,-0.11871987238427491,0.873781825165449,0.26719641041290837,-0.788212552170367,0.0864568497238115,0.014219620969991733,0.1428296726014782,0.0,1.0658141036401503e-14,-1.1102230246251565e-16,0,0,0,0,1,0,7.071055403267792,8.236100030996694
0.6445894753805007,1.3285174207002242,,,1066.56,3421.14,0.1371960548880586,0.609712228649369,0.1918643052841218,-1.1783583007312033,-0.34401382750766096,0.014219620969991733,0.1428296726014782,0.0,1.0658141036401503e-14,-1.1102230246251565e-16,0,0,0,0,1,0,6.973130949612269,8.138021365362793
0.6445894753805007,1.619361679777453,,,1037.0,3300.0,0.5663403778951456,0.6313847061775177,0.11653220015533564,-0.9934965830242672,-0.7542087119709843,0.014219620969991733,0.1428296726014782,0.0,1.0658141036401503e-14,-1.1102230246251565e-16,0,0,0,0,1,0,6.945051063725834,8.101980731853192
0.8206578968964702,-1.5799251700720662,,,1059.0,3508.0,0.4363183139945571,0.6313847061775177,0.07886614759094235,-0.9030549105162827,-0.7015696345921358,0.014219620969991733,0.1428296726014782,0.0,1.0658141036401503e-14,-1.1102230246251565e-16,0,0,0,0,1,0,6.966024187106113,8.163086375583216
0.8206578968964702,-1.2890809109948371,,,1099.0,3524.0,0.5032796769033602,0.6313847061775177,0.04120009502654906,-0.7494897246449542,-0.6376229035541272,-0.04421523933455195,0.07809589506028682,0.0,1.0658141036401503e-14,-1.1102230246251565e-16,0,0,0,0,1,0,7.003065458786462,8.16763571524637
0.8206578968964702,-0.9982366519176081,,,1062.0,3419.0,0.5825931358827191,0.6313847061775177,0.07886614759094235,-0.8943024905961552,-0.9807517042458807,0.014219620969991733,0.1428296726014782,0.0,1.0658141036401503e-14,-1.1102230246251565e-16,0,0,0,0,1,0,6.968850378341948,8.13739583005665
0.8206578968964702,-0.7073923928403791,,,1347.02,4000.0,0.5071803388203778,0.6313847061775177,0.11653220015533564,-0.15034679738531528,-1.028711752524387,0.07265448127453646,0.20756345014266955,0.0,1.0658141036401503e-14,-1.1102230246251565e-16,0,0,0,0,1,0,7.20639212815744,8.294299608857235
0.8206578968964702,-0.4165481337631501,,,1245.68,3120.0,0.8426372636838959,0.6313847061775177,0.11653220015533564,-0.5367793981012489,-1.7586402921777535,0.13108934157908014,0.27229722768386205,0.0,1.0658141036401503e-14,-1.1102230246251565e-16,0,0,0,0,1,0,7.128239296870441,8.045908742270779
0.8206578968964702,-0.12570387468592106,,,1319.0,2430.0,1.0916295160535228,0.5398844994844891,0.1541982527197285,-0.2593542091178127,-2.108397717428325,0.18952420188362382,0.3370310052250534,0.0,1.0658141036401503e-14,-1.1102230246251565e-16,0,0,0,0,1,0,7.1853870155804165,7.796057974316123
0.8206578968964702,0.16514038439130796,,,1282.0,2476.0,1.0162167189911815,0.5686417073022981,0.1541982527197285,-0.41106282106668984,-1.8752261005946103,0.2479590621881675,0.40176478276624483,0.0,1.0658141036401503e-14,-1.1102230246251565e-16,0,0,0,0,1,0,7.1569563646156364,7.814803429489359
0.8206578968964702,0.455984643468537,,,1206.0,2591.0,1.1540401067258053,0.6313847061775177,0.1541982527197285,-0.4837344288883548,-1.5445747108371026,0.3063939224927112,0.4664985603074362,0.0,1.0658141036401503e-14,-1.1102230246251565e-16,0,0,0,0,1,0,7.095893221097532,7.860185057472165
0.8206578968964702,0.7468289025457661,,,1147.0,2511.0,0.7880279968456488,0.48498437546867196,0.1918643052841218,-0.562771433015567,-1.803480987722698,0.3648287827972559,0.5312323378486276,0.0,1.0658141036401503e-14,-1.1102230246251565e-16,0,0,0,0,1,0,7.045776576879511,7.828834527588089
0.8206578968964702,1.037673161622995,,,1152.0,2493.0,1.2327034553856613,0.633005566981794,0.22953035784851508,-0.36783117115818115,-1.68377582657228,0.4232636431017996,0.59596611538982,0.0,1.0658141036401503e-14,-1.1102230246251565e-16,0,0,0,0,1,0,7.050122520269059,7.821643126239982
0.8206578968964702,1.3285174207002242,,,1200.0,2700.0,1.0162167189911815,0.6313847061775177,0.26719641041290837,0.018866654403816935,-1.1823398746522857,0.48169850340634324,0.6606998929310114,0.0,1.0658141036401503e-14,-1.1102230246251565e-16,0,0,0,0,1,0,7.0909098220799835,7.901377353792616
0.8206578968964702,1.619361679777453,,,1415.0,2577.0,1.27886128807037,0.6313847061775177,0.26719641041290837,0.6538149358821596,-1.214703159262985,0.48169850340634324,0.6606998929310114,0.0,1.0658141036401503e-14,-1.1102230246251565e-16,0,0,0,0,1,0,7.255591274253665,7.8547691834991324
0.9967263184124397,-1.5799251700720662,,,1400.0,2833.0,1.8828137748886034,0.6313847061775177,0.34252851554169494,0.5410943763047596,-1.1105947617803735,0.4232636431017996,0.59596611538982,0.0,1.0658141036401503e-14,-1.1102230246251565e-16,0,0,0,0,1,0,7.244941546337007,7.949444420250626
0.9967263184124397,-1.2890809109948371,,,1350.0,2826.91,1.8828137748886034,0.6166139585256429,0.5308587783636614,0.292843920388415,-1.131650392731913,0.48169850340634324,0.6606998929310114,0.0,1.0658141036401503e-14,-1.1102230246251565e-16,0,0,0,0,1,0,7.208600337960199,7.947293201899017
0.9967263184124397,-0.9982366519176081,,,1376.0,2664.57,2.109052166075627,0.6169276735200193,0.7191890411856278,0.47134024178980377,-1.220941864730108,0.48169850340634324,0.6606998929310114,0.0,1.0658141036401503e-14,-1.1102230246251565e-16,0,0,0,0,1,0,7.227662498728654,7.88817319740739
0.9967263184124397,-0.7073923928403791,,,1678.0,2987.42,2.641492517748537,0.6172675314305931,1.0581835142651665,0.33872781875756847,-1.3472756504393444,0.48169850340634324,0.6606998929310114,0.0,1.0658141036401503e-14,-1.1102230246251565e-16,0,0,0,0,1,0,7.425953657077541,8.002500098623756
0.9967263184124397,-0.4165481337631501,,,2296.0,3094.05,3.032858930089308,0.6313847061775177,1.246513777087133,1.9234462739927798,-0.39275371396955777,0.48169850340634324,0.6606998929310114,0.0,1.0658141036401503e-14,-1.1102230246251565e-16,0,0,0,0,1,0,7.739359202689098,8.037559340077058
0.9967263184124397,-0.12570387468592106,,,2870.68,3552.53,2.5329240943915456,0.6313847061775177,1.4725100924734926,2.807175461079596,1.4406458551811516,0.5401333637108869,0.6606998929310114,0.0,1.0658141036401503e-14,-1.1102230246251565e-16,0,0,0,0,1,0,7.962652503347564,8.175696754612064
0.9967263184124397,0.16514038439130796,,,2862.0,4024.0,2.5329240943915456,0.6313847061775177,1.6985064078598524,2.9557013748756993,2.0773837319193715,0.5401333637108869,0.6606998929310114,0.0,1.0658141036401503e-14,-1.1102230246251565e-16,0,0,0,0,1,0,7.959625305098115,8.300280189852664
0.9967263184124397,0.455984643468537,,,2038.46,3907.69,2.426865096867836,0.6313847061775177,1.6608403552954591,1.5179174843602046,1.6211783946360177,0.5401333637108869,0.6606998929310114,0.0,1.0658141036401503e-14,-1.1102230246251565e-16,0,0,0,0,1,0,7.6204403459151235,8.270957558478349
0.9967263184124397,0.7468289025457661,,,1967.0,4833.0,2.3364867602505366,0.6313847061775177,1.7361724604242457,1.5831627964920643,3.2451914115464184,0.5985682240154306,0.7254336704722029,0.0,1.0658141036401503e-14,-1.1102230246251565e-16,0,0,0,0,1,0,7.584773077612199,8.483429561263428
0.9967263184124397,1.037673161622995,,,1967.0,4333.0,2.247350134343488,0.6313847061775177,1.7361724604242457,1.5635361578832936,2.5176023864432233,0.5985682240154306,0.7254336704722029,0.0,1.0658141036401503e-14,-1.1102230246251565e-16,0,0,0,0,1,0,7.584773077612199,8.374246182096304
0.9967263184124397,1.3285174207002242,,,2067.0,4533.0,2.14285790268978,0.6313847061775177,1.6231743027310659,1.6033198847929642,2.28677028415968,0.6570030843199753,0.7901674480133942,0.0,1.0658141036401503e-14,-1.1102230246251565e-16,0,0,0,0,1,0,7.63433723562832,8.419359831067474
0.9967263184124397,1.619361679777453,,,1936.0,3829.0,2.2540267673247834,0.33335546152022455,1.5855082501666726,0.6636282551865449,1.5338365180962983,0.715437944624519,0.7901674480133942,0.0,1.0658141036401503e-14,-1.1102230246251565e-16,0,0,0,0,1,0,7.5688956634069955,8.250620082174692
1.1727947399284093,-1.5799251700720662,,,1938.0,4663.0,1.639022405075,0.5006701251874769,1.510176145037886,0.7063294554029247,2.1584869029919673,0.7738728049290627,0.8549012255545856,0.0,1.0658141036401503e-14,-1.1102230246251565e-16,0,0,0,0,1,0,7.569927655242652,8.447628728030327
1.1727947399284093,-1.2890809109948371,,,2000.0,4938.0,1.2327034553856613,0.5660274156824974,1.4725100924734926,0.9641280057775901,2.5515253474207036,0.8323076652336064,0.8549012255545856,0.0,1.0658141036401503e-14,-1.1102230246251565e-16,0,0,0,0,1,0,7.601402334583733,8.504918160540624
1.1727947399284093,-0.9982366519176081,,,2267.0,6006.46,1.3373712168256349,0.42242437700683827,1.5478421976022794,1.4044012502446113,4.5299748186820175,0.8323076652336064,0.9196350030957781,0.0,1.0658141036401503e-14,-1.1102230246251565e-16,0,0,0,0,1,0,7.7266536648476425,8.70075730924472
1.1727947399284093,-0.7073923928403791,,,2040.0,5500.0,1.1351869074602199,0.42224137659345234,1.6985064078598524,0.25916036493822725,2.919219050889253,0.89074252553815,0.9196350030957781,0.0,1.0658141036401503e-14,-1.1102230246251565e-16,0,0,0,0,1,0,7.621195162809845,8.612685172875459
1.1727947399284093,-0.4165481337631501,,,2119.0,4927.0,1.0701758755099258,0.30982683694201724,1.6985064078598524,-0.5174179843385425,1.9494902698433545,0.8323076652336064,0.9196350030957781,0.0,1.0658141036401503e-14,-1.1102230246251565e-16,0,0,0,0,1,0,7.659171367666058,8.502688505213357
1.1727947399284093,-0.12570387468592106,,,2183.0,5175.0,1.6663270384941236,-0.0666311563093005,1.6985064078598524,-0.9484083591933071,1.4203700624130027,0.89074252553815,0.9196350030957781,0.0,1.0658141036401503e-14,-1.1102230246251565e-16,0,0,0,0,1,0,7.688913336864796,8.551787836180736
1.1727947399284093,0.16514038439130796,,,1677.0,5091.0,0.9668083347089579,0.4405414179320581,1.5478421976022794,-1.4109604907297437,0.673675001816744,0.89074252553815,0.9196350030957781,0.0,1.0658141036401503e-14,-1.1102230246251565e-16,0,0,0,0,1,0,7.425357887027151,8.535425959677298
1.1727947399284093,0.455984643468537,,,1569.0,4892.0,0.707414317227284,-0.13198844680432092,1.397177987344706,-0.9237424485093114,0.6218157626212858,0.9491773858426948,0.9196350030957781,0.0,1.0658141036401503e-14,-1.1102230246251565e-16,0,0,0,0,1,0,7.358830898342354,8.495560891289124
1.1727947399284093,0.7468289025457661,,,1656.0,4906.0,0.6365522924014633,0.40394133525484666,1.3595119347803128,-0.7322501096507636,-0.30151264651288695,0.9491773858426948,0.9196350030957781,0.0,1.0658141036401503e-14,-1.1102230246251565e-16,0,0,0,0,1,0,7.4127640174265625,8.498418036089904
1.1727947399284093,1.037673161622995,,,1720.0,5208.0,0.9856615339745431,0.25492671292620006,1.2841798296515263,-0.6460520346798108,0.42685621677369867,0.9491773858426948,0.9196350030957781,0.0,1.0658141036401503e-14,-1.1102230246251565e-16,0,0,0,0,1,0,7.450660796211539,8.558143177745192
1.1727947399284093,1.3285174207002242,,,1692.0,4543.0,0.7217167442563487,0.31244112856181805,1.133515619393953,-0.7940474987837853,-0.35181220934156443,0.9491773858426948,0.9196350030957781,0.0,1.0658141036401503e-14,-1.1102230246251565e-16,0,0,0,0,1,0,7.4342573821331355,8.421562960400987
1.1727947399284093,1.619361679777453,,,1288.0,4313.0,0.9687586656674667,0.5660274156824974,1.0205174617007733,-1.2006371878006186,0.13246730254384206,0.9491773858426948,0.9196350030957781,0.0,1.0658141036401503e-14,-1.1102230246251565e-16,0,0,0,0,1,0,7.161622002939187,8.369620826949102
1.348863161444379,-1.5799251700720662,,,1209.0,4573.0,0.9369032600118226,0.3556030832047295,0.9075193040075934,-1.3107054989173739,-0.4356448140560269,0.9491773858426948,0.9196350030957781,0.0,1.0658141036401503e-14,-1.1102230246251565e-16,0,0,0,0,1,0,7.098375638590786,8.428143374582726
1.348863161444379,-1.2890809109948371,,,1295.0,4378.0,1.1143833772361258,0.22878379672819188,0.8698532514432001,-1.2478472104000944,-0.802558679341186,0.9491773858426948,0.9196350030957781,0.0,1.0658141036401503e-14,-1.1102230246251565e-16,0,0,0,0,1,0,7.16703787691222,8.384575666801398
1.348863161444379,-0.9982366519176081,,,1031.0,4283.0,0.7269176268123723,0.3830270022964401,0.8321871988788077,-1.7589354887663293,-1.4790683034323133,0.9491773858426948,0.9196350030957781,0.0,1.0658141036401503e-14,-1.1102230246251565e-16,0,0,0,0,1,0,6.939253946041508,8.36264243156764
1.348863161444379,-0.7073923928403791,,,1140.0,4400.0,0.6476041678330133,0.28002391247628766,0.8698532514432001,-1.4831016488592796,-1.140228612749207,0.9491773858426948,0.9196350030957781,0.0,1.0658141036401503e-14,-1.1102230246251565e-16,0,0,0,0,1,0,7.039660349862076,8.38958706681109
1.348863161444379,-0.4165481337631501,,,1279.0,4395.0,0.9076482956341901,-0.03003107363208905,0.8698532514432001,-1.364280917822397,-0.7815030483896466,0.9491773858426948,0.9843687806369694,0.0,1.0658141036401503e-14,-1.1102230246251565e-16,0,0,0,0,1,0,7.154615356913663,8.388450315523512
1.348863161444379,-0.12570387468592106,,,1153.0,3959.0,0.864090904227493,0.24653483682663932,0.7945211463144144,-1.5642604517550078,-1.2767002948425181,0.9491773858426948,0.9843687806369694,0.0,1.0658141036401503e-14,-1.1102230246251565e-16,0,0,0,0,1,0,7.050989447068045,8.283999304248526
1.348863161444379,0.16514038439130796,,,1169.0,4313.0,0.78607766588714,0.40394133525484666,0.7945211463144144,-1.116295686752117,-0.9561868014690845,0.9491773858426948,0.9843687806369694,0.0,1.0658141036401503e-14,-1.1102230246251565e-16,0,0,0,0,1,0,7.064759027791802,8.369620826949102
1.348863161444379,0.455984643468537,,,1141.0,4135.0,0.5825931358827191,0.3542697944786311,0.7945211463144144,-1.0364630080867114,-0.963595264211293,0.9491773858426948,0.9843687806369694,0.0,1.0658141036401503e-14,-1.1102230246251565e-16,0,0,0,0,1,0,7.040536390215956,8.327484416188264
1.348863161444379,0.7468289025457661,,,1120.0,4050.0,0.6150986518578662,0.3075785461489888,0.7945211463144144,-1.1714624547335268,-1.0407992443669374,0.9491773858426948,0.9843687806369694,0.0,1.0658141036401503e-14,-1.1102230246251565e-16,0,0,0,0,1,0,7.02197642307216,8.30671904320269
1.348863161444379,1.037673161622995,,,1120.0,4050.0,0.6150986518578662,0.2575410045460009,0.7945211463144144,-1.2380338910957092,-1.2275704892889259,1.0076122461472385,0.9843687806369694,0.0,1.0658141036401503e-14,-1.1102230246251565e-16,0,0,0,0,1,0,7.02197642307216,8.30671904320269
1.348863161444379,1.3285174207002242,,,1346.93,4167.0,1.0162167189911815,0.15296933975396818,0.8321871988788077,-0.8537230891482912,-0.6832434372824625,1.0076122461472385,0.9843687806369694,0.0,1.0658141036401503e-14,-1.1102230246251565e-16,0,0,0,0,1,0,7.206325361340523,8.335191583433202
1.348863161444379,1.619361679777453,,,1500.0,3889.93,1.2327034553856613,0.16457679454588395,0.8698532514432001,0.12363046859928284,-0.7429010583118242,1.0076122461472385,0.9843687806369694,0.0,1.0658141036401503e-14,-1.1102230246251565e-16,0,0,0,0,1,0,7.313886831633462,8.266403482588855
1.5249315829603483,-1.5799251700720662,,,1657.0,3700.0,1.0064650641986372,0.11924497785853738,0.8698532514432001,0.6699936514920922,-1.104745975404946,1.0076122461472385,0.9843687806369694,0.0,1.0658141036401503e-14,-1.1102230246251565e-16,0,0,0,0,1,0,7.4133673356952405,8.216358332386156
1.5249315829603483,-1.2890809109948371,,,1630.0,3600.0,1.133886686821214,0.3850661497598847,0.9075193040075934,0.3732070487459496,-1.053276655301183,1.0076122461472385,0.9843687806369694,0.0,1.0658141036401503e-14,-1.1102230246251565e-16,0,0,0,0,1,0,7.396948602621014,8.188966863648876
1.5249315829603483,-0.9982366519176081,,,1629.0,3571.0,1.1865456227009523,0.3156567072541731,0.98285140913638,1.2253744791510937,-1.008435959756238,1.0076122461472385,0.9843687806369694,0.0,1.0658141036401503e-14,-1.1102230246251565e-16,0,0,0,0,1,0,7.396335293800808,8.18088094199639
1.5249315829603483,-0.7073923928403791,,,1845.0,4000.0,1.2327034553856613,0.6313847061775177,1.1711816719583463,1.3272208200398503,-0.7148268837097718,1.0076122461472385,0.9843687806369694,0.0,1.0658141036401503e-14,-1.1102230246251565e-16,0,0,0,0,1,0,7.520776415062797,8.294299608857235
1.5249315829603483,-0.4165481337631501,,,1976.0,3967.0,1.155340327364811,0.48237008384887115,1.4348440399090994,1.1325457830285288,-0.740171624669958,1.0076122461472385,0.9843687806369694,0.0,1.0658141036401503e-14,-1.1102230246251565e-16,0,0,0,0,1,0,7.589335823170617,8.286017468404763
1.5249315829603483,-0.12570387468592106,,,2171.0,3932.0,1.188495953659461,0.6313847061775177,1.510176145037886,2.028740537880375,-0.38690492759413014,1.0076122461472385,0.9843687806369694,0.0,1.0658141036401503e-14,-1.1102230246251565e-16,0,0,0,0,1,0,7.683403681053826,8.27715777243181
1.5249315829603483,0.16514038439130796,,,1954.35,3083.0,1.1962972774934963,0.6313847061775177,1.3595119347803128,1.4688508878382778,-1.4724396788734955,0.9491773858426948,0.9196350030957781,0.0,1.0658141036401503e-14,-1.1102230246251565e-16,0,0,0,0,1,0,7.578324484528834,8.03398273468322
1.5249315829603483,0.455984643468537,,,1806.62,2925.0,1.1839451814229405,0.6313847061775177,1.1711816719583463,1.2343921239172857,-1.5012936916589383,0.9491773858426948,0.9196350030957781,0.0,1.0658141036401503e-14,-1.1102230246251565e-16,0,0,0,0,1,0,7.499766341870692,7.98139158158007
1.5249315829603483,0.7468289025457661,,,1641.25,2971.0,1.1163337081946345,0.6313847061775177,1.133515619393953,0.9214268055612103,-1.3991348896348028,0.9491773858426948,0.9196350030957781,0.0,1.0658141036401503e-14,-1.1102230246251565e-16,0,0,0,0,1,0,7.403822531772582,7.99699040583765
1.5249315829603483,1.037673161622995,,,1451.78,2969.0,1.1715930853523846,0.6313847061775177,1.0581835142651665,0.47266636602012607,-1.4010844850932784,0.9491773858426948,0.9196350030957781,0.0,1.0658141036401503e-14,-1.1102230246251565e-16,0,0,0,0,1,0,7.281234241232446,7.996317231796746
1.5249315829603483,1.3285174207002242,,,1683.8,2967.0,1.178744298866917,0.6313847061775177,1.0581835142651665,0.35039771198440517,-1.4833574134409604,0.9491773858426948,0.9196350030957781,0.0,1.0658141036401503e-14,-1.1102230246251565e-16,0,0,0,0,1,0,7.429402141379711,7.995643604287271
1.5249315829603483,1.619361679777453,,,1637.0,3074.64,1.155340327364811,0.6313847061775177,1.0581835142651665,-0.07077934356597408,-1.1776608455519437,0.89074252553815,0.9196350030957781,0.0,1.0658141036401503e-14,-1.1102230246251565e-16,0,0,0,0,1,0,7.401231264413015,8.031268288665858
1.7010000044763178,-1.5799251700720662,,,1601.0,3085.0,1.0734264271074403,0.6744420891556373,1.0581835142651665,-0.4025756259926268,-1.008435959756238,0.89074252553815,0.8549012255545856,0.0,1.0658141036401503e-14,-1.1102230246251565e-16,0,0,0,0,1,0,7.379008127628304,8.034631032923107
1.7010000044763178,-1.2890809109948371,,,1557.0,3110.0,0.9668083347089579,0.7777850368863636,1.0958495668295598,-0.4317503590597186,-0.8910703131559905,0.8323076652336064,0.8549012255545856,0.0,1.0658141036401503e-14,-1.1102230246251565e-16,0,0,0,0,1,0,7.351158226430694,8.042699496897637
1.7010000044763178,-0.9982366519176081,,,1703.0,3459.0,0.8062310857917312,0.7176563296309447,1.246513777087133,-0.1925175479095661,-0.48282502415114303,0.7738728049290627,0.7901674480133942,0.0,1.0658141036401503e-14,-1.1102230246251565e-16,0,0,0,0,1,0,7.440733707389261,8.14902386805177
1.7010000044763178,-0.7073923928403791,,,1720.0,3890.0,1.1241350320286698,0.526813041385485,1.397177987344706,-0.49275207365454676,-0.4676181795750312,0.715437944624519,0.7254336704722029,0.0,1.0658141036401503e-14,-1.1102230246251565e-16,0,0,0,0,1,0,7.450660796211539,8.266421472984554
1.7010000044763178,-0.4165481337631501,,,1500.0,3750.0,0.9889120855720579,0.6313847061775177,1.3218458822159196,-0.9518562821921454,-0.5736761725161186,0.5985682240154306,0.6606998929310114,0.0,1.0658141036401503e-14,-1.1102230246251565e-16,0,0,0,0,1,0,7.313886831633462,8.229777750081887
1.7010000044763178,-0.12570387468592106,,,2000.0,3360.0,1.1003995042636172,0.6313847061775177,1.3218458822159196,-0.5219268067216386,-0.9277227077753369,0.5401333637108869,0.6606998929310114,0.0,1.0658141036401503e-14,-1.1102230246251565e-16,0,0,0,0,1,0,7.601402334583733,8.119993827725105
1.7010000044763178,0.16514038439130796,,,1900.0,3900.0,1.2977144873359554,0.6313847061775177,1.3218458822159196,-0.38666213522875853,0.6728951636333537,0.4232636431017996,0.59596611538982,0.0,1.0658141036401503e-14,-1.1102230246251565e-16,0,0,0,0,1,0,7.550135342488429,8.268988209506656
1.7010000044763178,0.455984643468537,,,1869.71,3723.95,1.1894256114163506,0.6889775505617297,1.3218458822159196,-0.2203661567463355,0.7044786100606627,0.3063939224927112,0.4664985603074362,0.0,1.0658141036401503e-14,-1.1102230246251565e-16,0,0,0,0,1,0,7.53407331693313,8.22280870790478
